Id,Date,Hour,AvgHR,MinHR,MaxHR
2022484408,2016-04-12,7,83.2,52,108
2022484408,2016-04-12,8,68.6,54,112
2022484408,2016-04-12,9,66.4,55,105
2022484408,2016-04-12,10,106.7,60,134
2022484408,2016-04-12,11,67.8,55,90
2022484408,2016-04-12,12,66.2,56,89
2022484408,2016-04-12,13,83.7,60,112
2022484408,2016-04-12,14,80.6,59,107
2022484408,2016-04-12,15,68.3,59,112
2022484408,2016-04-12,16,71.0,54,105
2022484408,2016-04-12,17,69.9,55,98
2022484408,2016-04-12,18,76.4,59,97
2022484408,2016-04-12,19,74.9,66,90
2022484408,2016-04-13,7,79.2,54,119
2022484408,2016-04-13,8,75.8,56,104
2022484408,2016-04-13,9,117.6,74,156
2022484408,2016-04-13,10,68.7,56,84
2022484408,2016-04-13,11,72.5,51,94
2022484408,2016-04-13,12,81.2,61,112
2022484408,2016-04-13,13,70.1,57,89
2022484408,2016-04-13,14,86.7,54,118
2022484408,2016-04-13,15,71.9,53,99
2022484408,2016-04-13,16,71.3,55,110
2022484408,2016-04-13,17,74.2,57,96
2022484408,2016-04-13,18,86.0,68,120
2022484408,2016-04-13,19,82.4,67,110
2022484408,2016-04-14,7,88.4,79,103
2022484408,2016-04-14,8,71.2,54,102
2022484408,2016-04-14,9,69.1,56,101
2022484408,2016-04-14,10,63.8,52,87
2022484408,2016-04-14,11,66.5,54,92
2022484408,2016-04-14,12,71.8,63,80
2022484408,2016-04-14,13,70.0,59,99
2022484408,2016-04-14,14,87.1,65,118
2022484408,2016-04-14,15,63.9,50,94
2022484408,2016-04-14,16,68.6,52,101
2022484408,2016-04-14,17,69.4,54,101
2022484408,2016-04-14,18,87.5,53,127
2022484408,2016-04-14,19,71.1,55,104
2022484408,2016-04-14,20,73.6,59,88
2022484408,2016-04-15,7,90.8,68,121
2022484408,2016-04-15,8,73.3,56,99
2022484408,2016-04-15,9,117.1,74,189
2022484408,2016-04-15,10,83.4,61,116
2022484408,2016-04-15,11,76.6,59,98
2022484408,2016-04-15,12,70.1,62,88
2022484408,2016-04-15,13,83.3,63,106
2022484408,2016-04-15,14,81.6,61,116
2022484408,2016-04-15,15,72.5,59,99
2022484408,2016-04-15,16,79.5,56,112
2022484408,2016-04-15,17,72.5,58,111
2022484408,2016-04-15,18,67.6,53,93
2022484408,2016-04-15,19,72.9,55,94
2022484408,2016-04-16,7,94.1,73,107
2022484408,2016-04-16,8,90.7,70,123
2022484408,2016-04-16,9,102.2,59,136
2022484408,2016-04-16,10,68.1,53,112
2022484408,2016-04-16,11,67.9,55,94
2022484408,2016-04-16,12,67.3,49,98
2022484408,2016-04-16,13,76.0,59,107
2022484408,2016-04-16,14,71.6,55,105
2022484408,2016-04-16,15,68.2,53,86
2022484408,2016-04-16,16,70.0,70,70
2022484408,2016-04-16,20,73.0,73,73
2022484408,2016-04-16,21,73.0,73,73
2022484408,2016-04-17,8,76.6,53,99
2022484408,2016-04-17,9,113.8,66,161
2022484408,2016-04-17,10,98.5,73,116
2022484408,2016-04-17,11,91.0,72,108
2022484408,2016-04-17,12,72.3,60,84
2022484408,2016-04-17,13,78.4,67,101
2022484408,2016-04-17,14,84.8,61,111
2022484408,2016-04-17,15,77.4,57,104
2022484408,2016-04-17,16,75.9,52,110
2022484408,2016-04-17,17,80.3,54,114
2022484408,2016-04-17,18,78.8,61,105
2022484408,2016-04-17,19,73.1,64,93
2022484408,2016-04-17,20,73.8,68,81
2022484408,2016-04-18,6,71.1,54,99
2022484408,2016-04-18,7,86.2,56,118
2022484408,2016-04-18,8,79.4,55,107
2022484408,2016-04-18,9,126.8,54,153
2022484408,2016-04-18,10,83.5,69,107
2022484408,2016-04-18,11,74.0,67,88
2022484408,2016-04-18,12,69.1,57,96
2022484408,2016-04-18,13,70.8,58,103
2022484408,2016-04-18,14,87.6,63,114
2022484408,2016-04-18,15,74.7,58,98
2022484408,2016-04-18,16,84.8,69,113
2022484408,2016-04-18,17,78.9,58,114
2022484408,2016-04-18,18,77.4,55,100
2022484408,2016-04-18,19,79.5,65,98
2022484408,2016-04-18,20,70.5,62,82
2022484408,2016-04-19,9,73.9,54,104
2022484408,2016-04-19,10,70.3,56,105
2022484408,2016-04-19,11,71.4,56,106
2022484408,2016-04-19,12,70.7,54,101
2022484408,2016-04-19,13,78.5,65,110
2022484408,2016-04-19,14,90.3,61,113
2022484408,2016-04-19,15,81.9,63,110
2022484408,2016-04-19,16,116.3,66,162
2022484408,2016-04-19,17,81.1,70,101
2022484408,2016-04-19,18,84.6,70,104
2022484408,2016-04-19,19,80.5,70,98
2022484408,2016-04-20,6,67.6,56,81
2022484408,2016-04-20,7,79.4,56,116
2022484408,2016-04-20,8,77.1,57,109
2022484408,2016-04-20,9,125.5,72,166
2022484408,2016-04-20,10,69.6,50,87
2022484408,2016-04-20,11,72.9,56,96
2022484408,2016-04-20,12,90.8,62,116
2022484408,2016-04-20,13,78.0,62,112
2022484408,2016-04-20,14,94.2,54,119
2022484408,2016-04-20,15,84.0,58,106
2022484408,2016-04-20,16,79.8,59,116
2022484408,2016-04-20,17,79.9,63,108
2022484408,2016-04-20,18,85.2,72,109
2022484408,2016-04-20,19,75.6,64,99
2022484408,2016-04-20,20,79.4,59,98
2022484408,2016-04-21,7,85.9,57,103
2022484408,2016-04-21,8,63.1,54,107
2022484408,2016-04-21,9,66.4,53,105
2022484408,2016-04-21,10,106.1,63,150
2022484408,2016-04-21,11,93.2,65,128
2022484408,2016-04-21,12,94.9,66,126
2022484408,2016-04-21,13,77.7,68,102
2022484408,2016-04-21,14,100.8,73,121
2022484408,2016-04-21,15,84.3,63,125
2022484408,2016-04-21,16,107.5,66,203
2022484408,2016-04-21,17,93.8,61,203
2022484408,2016-04-21,18,76.9,59,102
2022484408,2016-04-21,19,75.2,64,91
2022484408,2016-04-21,20,74.9,61,98
2022484408,2016-04-21,21,68.0,68,68
2022484408,2016-04-21,22,70.0,70,70
2022484408,2016-04-22,6,66.4,57,117
2022484408,2016-04-22,7,84.0,57,118
2022484408,2016-04-22,8,72.9,57,104
2022484408,2016-04-22,9,119.5,62,153
2022484408,2016-04-22,10,91.4,66,137
2022484408,2016-04-22,11,74.8,54,113
2022484408,2016-04-22,12,80.6,64,105
2022484408,2016-04-22,13,87.3,71,111
2022484408,2016-04-22,14,86.6,64,101
2022484408,2016-04-22,15,70.1,56,94
2022484408,2016-04-22,16,65.6,53,77
2022484408,2016-04-22,17,61.7,52,81
2022484408,2016-04-22,18,67.6,54,89
2022484408,2016-04-22,19,79.4,58,102
2022484408,2016-04-22,20,77.3,67,108
2022484408,2016-04-23,12,70.6,52,93
2022484408,2016-04-23,13,80.0,52,107
2022484408,2016-04-23,14,66.8,50,93
2022484408,2016-04-23,15,74.0,50,103
2022484408,2016-04-23,16,72.4,54,104
2022484408,2016-04-23,17,75.8,64,95
2022484408,2016-04-23,18,74.7,58,101
2022484408,2016-04-23,19,71.6,53,109
2022484408,2016-04-23,20,68.0,56,87
2022484408,2016-04-23,21,65.8,54,86
2022484408,2016-04-23,22,66.8,57,80
2022484408,2016-04-24,8,107.7,58,158
2022484408,2016-04-24,9,109.0,70,163
2022484408,2016-04-24,10,78.2,63,100
2022484408,2016-04-24,11,76.4,62,106
2022484408,2016-04-24,12,74.4,59,115
2022484408,2016-04-24,13,86.0,67,113
2022484408,2016-04-24,14,74.4,60,95
2022484408,2016-04-24,15,82.3,59,112
2022484408,2016-04-24,16,68.9,63,78
2022484408,2016-04-24,17,73.7,56,104
2022484408,2016-04-24,18,77.8,53,106
2022484408,2016-04-24,19,81.7,70,83
2022484408,2016-04-24,20,70.0,70,70
2022484408,2016-04-25,7,83.8,68,113
2022484408,2016-04-25,8,70.9,53,95
2022484408,2016-04-25,9,128.7,82,159
2022484408,2016-04-25,10,79.5,68,100
2022484408,2016-04-25,13,106.2,90,115
2022484408,2016-04-25,14,86.1,62,108
2022484408,2016-04-25,15,66.9,53,92
2022484408,2016-04-25,16,68.7,49,96
2022484408,2016-04-25,17,69.2,53,92
2022484408,2016-04-25,18,72.8,57,92
2022484408,2016-04-25,19,80.2,53,105
2022484408,2016-04-25,20,93.0,91,97
2022484408,2016-04-26,7,75.2,58,100
2022484408,2016-04-26,8,60.5,51,80
2022484408,2016-04-26,9,77.6,54,112
2022484408,2016-04-26,10,127.4,96,154
2022484408,2016-04-26,11,98.7,67,146
2022484408,2016-04-26,12,89.0,64,108
2022484408,2016-04-26,13,76.2,68,89
2022484408,2016-04-26,14,84.0,63,118
2022484408,2016-04-26,15,84.9,61,114
2022484408,2016-04-26,16,75.7,57,111
2022484408,2016-04-26,17,73.2,56,104
2022484408,2016-04-26,18,77.9,62,92
2022484408,2016-04-26,19,77.9,60,98
2022484408,2016-04-26,20,63.3,54,74
2022484408,2016-04-27,9,91.2,59,145
2022484408,2016-04-27,10,89.6,67,112
2022484408,2016-04-27,11,63.5,51,87
2022484408,2016-04-27,12,75.8,56,105
2022484408,2016-04-27,13,81.8,38,111
2022484408,2016-04-27,14,89.7,68,112
2022484408,2016-04-27,15,69.6,57,107
2022484408,2016-04-27,16,74.7,61,96
2022484408,2016-04-27,17,72.5,54,101
2022484408,2016-04-27,18,94.6,55,115
2022484408,2016-04-27,19,85.2,73,124
2022484408,2016-04-27,20,70.0,70,70
2022484408,2016-04-28,7,74.0,56,96
2022484408,2016-04-28,8,77.0,54,98
2022484408,2016-04-28,9,67.9,51,88
2022484408,2016-04-28,10,70.2,52,103
2022484408,2016-04-28,11,69.9,55,88
2022484408,2016-04-28,12,81.7,55,114
2022484408,2016-04-28,13,64.9,55,80
2022484408,2016-04-28,14,78.8,56,105
2022484408,2016-04-28,15,64.8,54,84
2022484408,2016-04-28,16,68.3,52,95
2022484408,2016-04-28,17,67.9,54,92
2022484408,2016-04-28,18,68.3,57,82
2022484408,2016-04-28,19,68.3,60,84
2022484408,2016-04-28,20,76.4,67,88
2022484408,2016-04-29,8,67.2,51,102
2022484408,2016-04-29,9,108.4,65,134
2022484408,2016-04-29,10,89.6,69,108
2022484408,2016-04-29,11,84.3,70,105
2022484408,2016-04-29,12,87.4,69,115
2022484408,2016-04-29,13,91.1,72,115
2022484408,2016-04-29,14,96.1,67,117
2022484408,2016-04-29,15,67.2,52,107
2022484408,2016-04-29,16,69.5,50,103
2022484408,2016-04-29,17,72.7,55,92
2022484408,2016-04-29,18,76.3,64,106
2022484408,2016-04-29,19,82.8,65,118
2022484408,2016-04-30,6,81.9,64,95
2022484408,2016-04-30,7,64.8,51,91
2022484408,2016-04-30,8,67.2,60,77
2022484408,2016-04-30,9,66.9,58,76
2022484408,2016-04-30,10,82.2,62,104
2022484408,2016-04-30,11,73.4,52,102
2022484408,2016-04-30,12,79.2,58,107
2022484408,2016-04-30,13,85.1,67,103
2022484408,2016-04-30,14,81.8,62,110
2022484408,2016-04-30,15,77.9,60,105
2022484408,2016-04-30,16,90.2,62,121
2022484408,2016-04-30,17,77.0,58,114
2022484408,2016-04-30,18,85.3,58,123
2022484408,2016-04-30,19,71.5,59,94
2022484408,2016-04-30,20,77.5,65,88
2022484408,2016-04-30,21,79.0,79,79
2022484408,2016-05-01,6,77.3,64,102
2022484408,2016-05-01,7,72.0,58,95
2022484408,2016-05-01,8,64.9,58,74
2022484408,2016-05-01,9,62.4,51,94
2022484408,2016-05-01,10,98.7,63,118
2022484408,2016-05-01,11,65.6,45,110
2022484408,2016-05-01,12,61.1,44,86
2022484408,2016-05-01,13,61.3,49,76
2022484408,2016-05-01,14,71.0,55,112
2022484408,2016-05-01,15,72.2,47,113
2022484408,2016-05-01,16,67.3,47,99
2022484408,2016-05-01,17,76.7,50,99
2022484408,2016-05-01,18,77.5,65,100
2022484408,2016-05-01,19,98.4,80,114
2022484408,2016-05-02,7,72.1,56,110
2022484408,2016-05-02,8,69.9,59,99
2022484408,2016-05-02,9,85.6,54,118
2022484408,2016-05-02,10,86.4,65,122
2022484408,2016-05-02,11,65.2,52,91
2022484408,2016-05-02,12,78.3,57,103
2022484408,2016-05-02,13,82.5,64,137
2022484408,2016-05-02,14,101.0,66,120
2022484408,2016-05-02,15,70.2,55,88
2022484408,2016-05-02,16,74.2,53,96
2022484408,2016-05-02,17,74.1,50,115
2022484408,2016-05-02,18,76.8,56,113
2022484408,2016-05-02,19,72.4,51,136
2022484408,2016-05-03,7,100.3,92,109
2022484408,2016-05-03,8,72.3,53,116
2022484408,2016-05-03,9,65.9,51,88
2022484408,2016-05-03,10,113.4,75,147
2022484408,2016-05-03,11,80.6,63,116
2022484408,2016-05-03,12,77.6,56,104
2022484408,2016-05-03,13,77.3,65,109
2022484408,2016-05-03,14,96.6,65,169
2022484408,2016-05-03,15,80.3,65,121
2022484408,2016-05-03,16,97.9,64,134
2022484408,2016-05-03,17,75.8,60,104
2022484408,2016-05-03,18,74.3,56,87
2022484408,2016-05-03,19,77.5,68,102
2022484408,2016-05-03,20,77.1,60,103
2022484408,2016-05-03,21,72.9,66,80
2022484408,2016-05-04,6,75.6,62,84
2022484408,2016-05-04,7,79.1,66,110
2022484408,2016-05-04,8,73.7,61,100
2022484408,2016-05-04,9,96.6,69,159
2022484408,2016-05-04,10,97.5,71,123
2022484408,2016-05-04,11,81.7,64,108
2022484408,2016-05-04,12,80.8,61,110
2022484408,2016-05-04,13,80.6,61,103
2022484408,2016-05-04,14,101.4,68,145
2022484408,2016-05-04,15,78.2,67,100
2022484408,2016-05-04,16,81.8,64,113
2022484408,2016-05-04,17,72.4,57,94
2022484408,2016-05-04,18,73.0,54,101
2022484408,2016-05-04,19,75.5,55,115
2022484408,2016-05-04,20,71.1,54,98
2022484408,2016-05-05,8,82.7,63,115
2022484408,2016-05-05,9,87.2,64,128
2022484408,2016-05-05,10,109.1,68,156
2022484408,2016-05-05,11,80.0,65,97
2022484408,2016-05-05,12,74.7,61,95
2022484408,2016-05-05,13,66.5,55,87
2022484408,2016-05-05,14,86.1,61,111
2022484408,2016-05-05,15,87.5,62,114
2022484408,2016-05-05,16,78.6,58,103
2022484408,2016-05-05,17,78.2,64,98
2022484408,2016-05-05,18,77.1,64,104
2022484408,2016-05-05,19,70.9,62,93
2022484408,2016-05-05,20,74.5,59,90
2022484408,2016-05-06,9,85.5,69,118
2022484408,2016-05-06,10,88.1,66,111
2022484408,2016-05-06,11,88.6,67,116
2022484408,2016-05-06,12,75.9,62,98
2022484408,2016-05-06,13,85.9,65,101
2022484408,2016-05-06,14,95.1,67,113
2022484408,2016-05-06,15,76.3,61,100
2022484408,2016-05-06,16,76.9,65,102
2022484408,2016-05-06,17,71.6,60,91
2022484408,2016-05-06,18,73.1,61,91
2022484408,2016-05-06,19,71.5,62,82
2022484408,2016-05-06,20,76.5,67,90
2022484408,2016-05-06,21,92.3,64,115
2022484408,2016-05-07,8,87.0,87,87
2022484408,2016-05-07,9,79.3,55,123
2022484408,2016-05-07,10,85.1,56,126
2022484408,2016-05-07,11,76.6,53,113
2022484408,2016-05-07,12,69.9,53,89
2022484408,2016-05-07,13,78.7,62,96
2022484408,2016-05-07,19,78.5,54,128
2022484408,2016-05-07,20,62.2,52,93
2022484408,2016-05-07,21,70.0,70,70
2022484408,2016-05-08,8,108.8,104,127
2022484408,2016-05-08,9,91.2,68,116
2022484408,2016-05-08,10,74.2,59,101
2022484408,2016-05-08,11,74.0,57,98
2022484408,2016-05-08,12,74.9,53,111
2022484408,2016-05-08,13,73.1,59,91
2022484408,2016-05-08,14,100.4,84,113
2022484408,2016-05-09,6,72.7,59,96
2022484408,2016-05-09,7,74.9,53,100
2022484408,2016-05-09,8,74.8,56,104
2022484408,2016-05-09,9,86.1,56,132
2022484408,2016-05-09,10,100.8,66,125
2022484408,2016-05-09,11,69.1,59,89
2022484408,2016-05-09,12,74.2,62,104
2022484408,2016-05-09,13,73.3,66,96
2022484408,2016-05-09,14,96.4,64,115
2022484408,2016-05-09,15,93.8,60,133
2022484408,2016-05-09,16,78.4,61,107
2022484408,2016-05-09,17,73.7,62,92
2022484408,2016-05-09,18,75.0,51,92
2022484408,2016-05-09,19,75.3,59,100
2022484408,2016-05-09,20,70.6,57,92
2022484408,2016-05-10,8,81.5,62,121
2022484408,2016-05-10,9,72.8,57,113
2022484408,2016-05-10,10,114.2,57,163
2022484408,2016-05-10,11,100.3,70,166
2022484408,2016-05-10,12,74.3,61,93
2022484408,2016-05-10,13,87.4,72,105
2022484408,2016-05-10,14,93.3,62,121
2022484408,2016-05-10,15,77.2,61,96
2022484408,2016-05-10,16,77.5,66,109
2022484408,2016-05-10,17,84.4,61,109
2022484408,2016-05-10,18,80.5,61,93
2022484408,2016-05-10,19,83.8,75,100
2022484408,2016-05-10,20,80.1,70,104
2022484408,2016-05-11,9,70.5,59,101
2022484408,2016-05-11,10,68.3,55,86
2022484408,2016-05-11,11,106.2,78,138
2022484408,2016-05-11,12,79.1,66,107
2022484408,2016-05-11,13,65.9,57,85
2022484408,2016-05-11,14,98.6,67,120
2022484408,2016-05-11,15,77.7,61,105
2022484408,2016-05-11,16,82.4,59,131
2022484408,2016-05-11,17,89.6,71,112
2022484408,2016-05-11,18,78.7,62,108
2022484408,2016-05-11,19,80.5,68,100
2022484408,2016-05-11,20,84.0,70,98
2022484408,2016-05-12,7,78.8,58,105
2022484408,2016-05-12,8,72.1,56,99
2022484408,2016-05-12,9,89.8,62,152
2022484408,2016-05-12,10,93.9,64,129
2022484408,2016-05-12,11,72.1,60,87
2022484408,2016-05-12,12,73.2,57,101
2022484408,2016-05-12,13,83.8,60,112
2022484408,2016-05-12,14,86.4,56,112
2022484408,2016-05-12,15,78.9,55,104
2026352035,2016-04-17,5,67.2,63,73
2026352035,2016-04-17,6,73.3,68,80
2026352035,2016-04-25,9,105.1,70,115
2026352035,2016-04-25,10,95.7,83,110
2026352035,2016-04-25,11,105.9,93,125
2026352035,2016-05-02,18,91.4,70,122
2026352035,2016-05-02,19,81.9,70,93
2026352035,2016-05-02,20,77.1,72,81
2026352035,2016-05-02,22,73.0,73,73
2026352035,2016-05-09,16,103.7,70,123
2026352035,2016-05-09,17,102.7,89,116
2026352035,2016-05-09,18,92.1,73,116
2026352035,2016-05-09,19,91.5,74,108
2347167796,2016-04-12,7,82.1,68,121
2347167796,2016-04-12,8,95.7,58,172
2347167796,2016-04-12,9,83.2,70,109
2347167796,2016-04-12,10,78.1,63,105
2347167796,2016-04-12,11,86.9,57,119
2347167796,2016-04-12,12,74.8,57,113
2347167796,2016-04-12,13,84.5,61,117
2347167796,2016-04-12,14,101.6,77,120
2347167796,2016-04-12,15,99.7,75,122
2347167796,2016-04-12,16,76.0,58,111
2347167796,2016-04-12,17,75.4,58,116
2347167796,2016-04-12,18,88.2,61,113
2347167796,2016-04-12,19,78.0,65,106
2347167796,2016-04-12,20,94.2,70,156
2347167796,2016-04-12,21,100.8,73,136
2347167796,2016-04-12,22,77.5,68,87
2347167796,2016-04-12,23,77.3,70,88
2347167796,2016-04-13,0,67.4,59,83
2347167796,2016-04-13,1,64.3,57,75
2347167796,2016-04-13,2,64.8,57,87
2347167796,2016-04-13,3,65.8,62,71
2347167796,2016-04-13,4,63.8,57,78
2347167796,2016-04-13,5,61.9,56,85
2347167796,2016-04-13,6,65.6,57,84
2347167796,2016-04-13,7,92.2,73,120
2347167796,2016-04-13,8,82.2,64,107
2347167796,2016-04-13,9,73.9,63,93
2347167796,2016-04-13,10,69.9,60,88
2347167796,2016-04-13,11,69.1,57,85
2347167796,2016-04-13,12,76.1,55,158
2347167796,2016-04-13,13,81.0,60,131
2347167796,2016-04-13,14,74.7,63,89
2347167796,2016-04-13,15,75.5,67,100
2347167796,2016-04-13,16,76.0,58,117
2347167796,2016-04-13,17,71.1,58,88
2347167796,2016-04-13,18,85.3,70,127
2347167796,2016-04-13,19,72.1,63,87
2347167796,2016-04-13,20,74.1,56,144
2347167796,2016-04-13,21,90.3,59,157
2347167796,2016-04-13,22,69.2,57,94
2347167796,2016-04-13,23,69.1,58,82
2347167796,2016-04-14,0,66.8,58,78
2347167796,2016-04-14,1,64.8,56,81
2347167796,2016-04-14,2,63.8,56,78
2347167796,2016-04-14,3,65.8,61,75
2347167796,2016-04-14,4,62.8,56,72
2347167796,2016-04-14,5,64.1,57,87
2347167796,2016-04-14,6,64.8,55,82
2347167796,2016-04-14,7,87.2,62,154
2347167796,2016-04-14,8,78.6,65,104
2347167796,2016-04-14,9,75.0,62,103
2347167796,2016-04-14,10,72.3,59,90
2347167796,2016-04-14,11,71.1,55,92
2347167796,2016-04-14,12,71.1,57,93
2347167796,2016-04-14,13,87.5,67,127
2347167796,2016-04-14,14,74.9,60,90
2347167796,2016-04-14,15,75.3,58,101
2347167796,2016-04-14,16,72.8,62,88
2347167796,2016-04-14,17,66.5,52,85
2347167796,2016-04-14,18,79.4,56,104
2347167796,2016-04-14,19,72.1,56,110
2347167796,2016-04-14,20,73.6,53,106
2347167796,2016-04-14,21,74.3,61,113
2347167796,2016-04-14,22,68.2,59,87
2347167796,2016-04-14,23,71.0,62,91
2347167796,2016-04-15,0,69.1,63,80
2347167796,2016-04-15,1,65.1,57,84
2347167796,2016-04-15,2,62.5,56,76
2347167796,2016-04-15,3,62.5,55,85
2347167796,2016-04-15,4,62.8,57,80
2347167796,2016-04-15,5,64.5,56,86
2347167796,2016-04-15,6,64.7,56,81
2347167796,2016-04-15,7,86.6,65,102
2347167796,2016-04-15,8,78.2,63,120
2347167796,2016-04-15,9,72.4,57,94
2347167796,2016-04-15,10,71.4,59,88
2347167796,2016-04-15,11,71.3,60,89
2347167796,2016-04-15,12,72.3,57,103
2347167796,2016-04-15,13,76.9,60,111
2347167796,2016-04-15,14,71.8,58,90
2347167796,2016-04-15,15,66.7,55,82
2347167796,2016-04-15,16,71.6,59,89
2347167796,2016-04-15,17,64.9,55,81
2347167796,2016-04-15,18,91.0,69,114
2347167796,2016-04-15,19,101.3,80,136
2347167796,2016-04-15,20,83.1,65,113
2347167796,2016-04-15,21,78.4,63,110
2347167796,2016-04-15,22,75.4,63,94
2347167796,2016-04-16,7,96.1,74,109
2347167796,2016-04-16,8,118.7,74,168
2347167796,2016-04-16,9,114.1,75,161
2347167796,2016-04-16,10,85.6,70,108
2347167796,2016-04-16,11,83.2,67,109
2347167796,2016-04-16,12,76.5,59,101
2347167796,2016-04-16,13,78.2,60,102
2347167796,2016-04-16,16,103.8,102,105
2347167796,2016-04-16,17,96.4,70,131
2347167796,2016-04-16,18,95.1,71,130
2347167796,2016-04-16,19,87.1,66,124
2347167796,2016-04-16,20,83.4,65,137
2347167796,2016-04-16,21,80.1,63,120
2347167796,2016-04-16,22,75.0,60,127
2347167796,2016-04-16,23,67.8,58,77
2347167796,2016-04-17,0,74.9,67,89
2347167796,2016-04-17,1,71.4,63,89
2347167796,2016-04-17,2,68.8,60,84
2347167796,2016-04-17,3,67.8,61,86
2347167796,2016-04-17,4,66.9,60,76
2347167796,2016-04-17,5,67.4,59,88
2347167796,2016-04-17,6,66.4,60,88
2347167796,2016-04-17,7,64.0,56,81
2347167796,2016-04-17,8,63.9,55,80
2347167796,2016-04-17,9,75.4,67,90
2347167796,2016-04-17,10,78.6,67,97
2347167796,2016-04-17,11,92.1,69,134
2347167796,2016-04-17,12,72.9,61,84
2347167796,2016-04-17,13,77.2,62,97
2347167796,2016-04-17,14,76.6,66,104
2347167796,2016-04-17,15,88.6,75,105
2347167796,2016-04-17,16,81.1,65,105
2347167796,2016-04-17,17,76.1,64,92
2347167796,2016-04-17,18,80.9,69,104
2347167796,2016-04-17,19,82.3,68,103
2347167796,2016-04-17,20,75.0,62,91
2347167796,2016-04-17,21,72.5,59,93
2347167796,2016-04-17,22,74.8,67,88
2347167796,2016-04-17,23,74.0,67,86
2347167796,2016-04-18,0,66.8,57,88
2347167796,2016-04-18,1,66.0,59,75
2347167796,2016-04-18,2,64.6,56,82
2347167796,2016-04-18,3,61.8,55,80
2347167796,2016-04-18,4,62.7,57,98
2347167796,2016-04-18,5,60.5,54,76
2347167796,2016-04-18,6,63.4,54,84
2347167796,2016-04-18,7,76.6,59,104
2347167796,2016-04-18,8,80.4,60,113
2347167796,2016-04-18,9,69.5,57,85
2347167796,2016-04-18,10,69.0,55,98
2347167796,2016-04-18,11,65.0,55,93
2347167796,2016-04-18,12,65.7,54,83
2347167796,2016-04-18,13,74.6,53,105
2347167796,2016-04-18,14,78.9,57,117
2347167796,2016-04-18,15,69.3,53,121
2347167796,2016-04-18,16,73.9,56,99
2347167796,2016-04-18,17,69.1,56,91
2347167796,2016-04-18,18,79.8,65,110
2347167796,2016-04-18,19,72.2,62,84
2347167796,2016-04-18,20,100.8,70,134
2347167796,2016-04-18,21,70.6,61,89
2347167796,2016-04-18,22,63.2,55,78
2347167796,2016-04-18,23,65.4,58,75
2347167796,2016-04-19,0,62.5,59,71
2347167796,2016-04-19,1,63.0,56,82
2347167796,2016-04-19,2,62.2,57,80
2347167796,2016-04-19,3,64.8,58,80
2347167796,2016-04-19,4,61.5,55,81
2347167796,2016-04-19,5,60.1,53,100
2347167796,2016-04-19,6,63.6,53,102
2347167796,2016-04-19,7,76.5,62,104
2347167796,2016-04-19,8,91.1,57,144
2347167796,2016-04-19,9,89.2,64,117
2347167796,2016-04-19,10,90.7,65,112
2347167796,2016-04-19,11,107.1,69,123
2347167796,2016-04-19,12,100.2,62,122
2347167796,2016-04-19,13,86.6,55,119
2347167796,2016-04-19,14,96.9,70,122
2347167796,2016-04-19,15,90.3,63,117
2347167796,2016-04-19,16,86.2,62,110
2347167796,2016-04-19,17,77.1,62,108
2347167796,2016-04-19,18,87.6,64,195
2347167796,2016-04-19,19,82.1,64,112
2347167796,2016-04-19,20,79.1,58,97
2347167796,2016-04-19,21,77.4,62,110
2347167796,2016-04-20,7,93.8,65,161
2347167796,2016-04-20,8,80.5,58,119
2347167796,2016-04-20,9,67.0,56,89
2347167796,2016-04-20,10,68.0,54,102
2347167796,2016-04-20,11,64.8,54,106
2347167796,2016-04-20,12,67.6,53,87
2347167796,2016-04-20,13,74.7,58,111
2347167796,2016-04-20,14,72.8,55,91
2347167796,2016-04-20,15,70.5,61,90
2347167796,2016-04-20,16,69.7,58,95
2347167796,2016-04-20,17,72.5,55,104
2347167796,2016-04-20,18,104.7,75,147
2347167796,2016-04-20,19,88.2,69,110
2347167796,2016-04-20,20,97.1,66,148
2347167796,2016-04-20,21,76.4,65,92
2347167796,2016-04-20,22,72.8,65,95
2347167796,2016-04-20,23,74.0,65,84
2347167796,2016-04-21,0,69.7,64,83
2347167796,2016-04-21,1,66.8,60,83
2347167796,2016-04-21,2,63.5,57,80
2347167796,2016-04-21,3,65.4,58,76
2347167796,2016-04-21,4,62.7,56,83
2347167796,2016-04-21,5,61.5,55,85
2347167796,2016-04-21,6,68.0,55,94
2347167796,2016-04-21,7,77.3,66,95
2347167796,2016-04-21,8,82.1,62,122
2347167796,2016-04-21,9,69.2,57,84
2347167796,2016-04-21,10,66.2,54,86
2347167796,2016-04-21,11,66.3,58,96
2347167796,2016-04-21,12,72.1,51,100
2347167796,2016-04-21,13,74.5,63,93
2347167796,2016-04-21,14,79.3,66,96
2347167796,2016-04-21,15,75.0,64,89
2347167796,2016-04-21,16,71.4,57,86
2347167796,2016-04-21,17,70.3,60,93
2347167796,2016-04-21,18,79.4,56,108
2347167796,2016-04-21,19,73.0,59,97
2347167796,2016-04-21,20,83.3,60,139
2347167796,2016-04-21,21,102.5,66,171
2347167796,2016-04-21,22,70.7,60,86
2347167796,2016-04-21,23,65.9,59,74
2347167796,2016-04-22,0,73.8,67,93
2347167796,2016-04-22,1,69.5,58,77
2347167796,2016-04-22,2,65.8,56,83
2347167796,2016-04-22,3,63.6,59,83
2347167796,2016-04-22,4,64.1,58,99
2347167796,2016-04-22,5,60.6,55,93
2347167796,2016-04-22,6,63.9,56,99
2347167796,2016-04-22,7,103.7,67,165
2347167796,2016-04-22,8,79.8,53,111
2347167796,2016-04-22,9,69.0,58,84
2347167796,2016-04-22,10,67.0,57,87
2347167796,2016-04-22,11,68.9,58,125
2347167796,2016-04-22,12,72.9,55,89
2347167796,2016-04-22,13,74.6,57,102
2347167796,2016-04-22,14,77.1,65,100
2347167796,2016-04-22,15,72.4,60,90
2347167796,2016-04-22,16,68.3,58,87
2347167796,2016-04-22,17,70.9,57,88
2347167796,2016-04-22,18,78.5,62,107
2347167796,2016-04-22,19,71.3,60,80
2347167796,2016-04-22,20,72.2,63,85
2347167796,2016-04-22,21,69.4,61,81
2347167796,2016-04-22,22,68.2,61,78
2347167796,2016-04-22,23,67.6,60,82
2347167796,2016-04-23,0,67.4,60,84
2347167796,2016-04-23,1,69.7,60,88
2347167796,2016-04-23,2,67.3,60,81
2347167796,2016-04-23,3,61.4,55,71
2347167796,2016-04-23,4,58.9,55,66
2347167796,2016-04-23,5,57.6,53,78
2347167796,2016-04-23,6,59.9,54,78
2347167796,2016-04-23,7,90.5,75,108
2347167796,2016-04-23,8,117.6,71,157
2347167796,2016-04-23,9,78.0,65,101
2347167796,2016-04-23,10,83.4,66,103
2347167796,2016-04-23,11,101.9,79,130
2347167796,2016-04-23,12,91.8,74,118
2347167796,2016-04-23,13,104.5,78,133
2347167796,2016-04-23,14,92.2,74,114
2347167796,2016-04-23,15,74.9,62,95
2347167796,2016-04-23,16,80.7,65,107
2347167796,2016-04-23,17,89.4,70,115
2347167796,2016-04-23,18,84.7,69,119
2347167796,2016-04-23,19,89.7,68,112
2347167796,2016-04-23,20,89.9,60,124
2347167796,2016-04-23,21,81.6,65,99
2347167796,2016-04-23,22,81.0,63,97
2347167796,2016-04-23,23,71.8,59,93
2347167796,2016-04-24,0,74.7,70,94
2347167796,2016-04-24,1,69.5,62,79
2347167796,2016-04-24,2,63.0,57,80
2347167796,2016-04-24,3,63.0,57,74
2347167796,2016-04-24,4,62.4,56,96
2347167796,2016-04-24,5,60.4,55,70
2347167796,2016-04-24,6,62.4,56,82
2347167796,2016-04-24,7,71.3,54,89
2347167796,2016-04-24,8,79.3,63,127
2347167796,2016-04-24,9,78.8,61,109
2347167796,2016-04-24,10,88.1,64,121
2347167796,2016-04-24,11,87.0,70,122
2347167796,2016-04-24,12,73.5,59,117
2347167796,2016-04-24,13,86.7,62,126
2347167796,2016-04-24,14,77.6,61,99
2347167796,2016-04-24,15,87.1,64,113
2347167796,2016-04-24,16,87.9,63,104
2347167796,2016-04-24,17,80.9,68,96
2347167796,2016-04-24,18,83.8,67,106
2347167796,2016-04-24,19,91.8,68,112
2347167796,2016-04-24,20,82.6,69,112
2347167796,2016-04-24,21,77.7,63,109
2347167796,2016-04-24,22,69.7,63,86
2347167796,2016-04-24,23,73.5,68,85
2347167796,2016-04-25,0,69.1,61,74
2347167796,2016-04-25,1,64.7,58,76
2347167796,2016-04-25,2,63.1,56,89
2347167796,2016-04-25,3,61.2,54,101
2347167796,2016-04-25,4,61.9,57,80
2347167796,2016-04-25,5,62.1,53,81
2347167796,2016-04-25,6,63.4,55,106
2347167796,2016-04-25,7,75.4,61,115
2347167796,2016-04-25,8,82.8,64,111
2347167796,2016-04-25,9,72.9,60,93
2347167796,2016-04-25,10,69.2,54,87
2347167796,2016-04-25,11,67.8,56,91
2347167796,2016-04-25,12,73.9,56,99
2347167796,2016-04-25,13,70.2,55,101
2347167796,2016-04-25,14,75.4,55,91
2347167796,2016-04-25,15,72.6,58,94
2347167796,2016-04-25,16,71.1,53,92
2347167796,2016-04-25,17,70.0,55,89
2347167796,2016-04-25,18,90.7,64,140
2347167796,2016-04-25,19,101.4,64,160
2347167796,2016-04-25,20,78.9,68,108
2347167796,2016-04-25,21,77.6,70,90
2347167796,2016-04-25,22,77.1,63,100
2347167796,2016-04-25,23,74.4,68,94
2347167796,2016-04-26,0,73.2,68,82
2347167796,2016-04-26,1,69.4,60,83
2347167796,2016-04-26,2,65.2,59,74
2347167796,2016-04-26,3,68.7,60,79
2347167796,2016-04-26,4,67.9,59,85
2347167796,2016-04-26,5,62.9,57,81
2347167796,2016-04-26,6,68.8,55,100
2347167796,2016-04-26,7,81.1,69,122
2347167796,2016-04-26,8,79.4,62,108
2347167796,2016-04-26,9,72.0,54,105
2347167796,2016-04-26,10,69.4,55,88
2347167796,2016-04-26,11,71.1,51,112
2347167796,2016-04-26,12,69.3,55,104
2347167796,2016-04-26,13,81.3,62,106
2347167796,2016-04-26,14,75.6,63,95
2347167796,2016-04-26,15,67.6,52,82
2347167796,2016-04-26,16,68.0,49,89
2347167796,2016-04-26,17,66.8,55,85
2347167796,2016-04-26,18,81.5,57,107
2347167796,2016-04-26,19,78.0,63,94
2347167796,2016-04-26,20,76.1,58,99
2347167796,2016-04-26,21,73.1,61,101
2347167796,2016-04-26,22,65.9,58,81
2347167796,2016-04-26,23,66.4,60,75
2347167796,2016-04-27,0,65.4,60,72
2347167796,2016-04-27,1,62.6,55,96
2347167796,2016-04-27,2,62.1,55,81
2347167796,2016-04-27,3,61.1,55,71
2347167796,2016-04-27,4,58.4,54,74
2347167796,2016-04-27,5,59.2,53,80
2347167796,2016-04-27,6,59.6,54,72
2347167796,2016-04-27,7,84.8,57,95
2347167796,2016-04-27,8,82.3,65,116
2347167796,2016-04-27,9,76.1,51,92
2347167796,2016-04-27,10,71.7,51,91
2347167796,2016-04-27,11,69.8,60,87
2347167796,2016-04-27,12,69.5,56,109
2347167796,2016-04-27,13,71.7,58,94
2347167796,2016-04-27,14,79.2,63,111
2347167796,2016-04-27,15,75.5,58,95
2347167796,2016-04-27,16,75.3,61,98
2347167796,2016-04-27,17,73.5,59,96
2347167796,2016-04-27,18,82.3,65,105
2347167796,2016-04-27,19,109.6,68,144
2347167796,2016-04-27,20,87.2,68,122
2347167796,2016-04-27,21,76.0,62,101
2347167796,2016-04-27,22,75.0,60,95
2347167796,2016-04-27,23,76.6,69,109
2347167796,2016-04-28,0,72.3,64,87
2347167796,2016-04-28,1,68.8,62,81
2347167796,2016-04-28,2,65.0,57,85
2347167796,2016-04-28,3,67.4,60,76
2347167796,2016-04-28,4,68.2,61,75
2347167796,2016-04-28,5,68.2,59,80
2347167796,2016-04-28,6,73.1,59,97
2347167796,2016-04-28,7,110.4,109,111
2347167796,2016-04-28,8,84.3,65,138
2347167796,2016-04-28,9,78.6,66,105
2347167796,2016-04-28,10,73.7,62,97
2347167796,2016-04-28,11,74.4,55,97
2347167796,2016-04-28,12,71.4,57,96
2347167796,2016-04-28,13,73.5,65,92
2347167796,2016-04-28,14,76.0,61,95
2347167796,2016-04-28,15,77.8,59,96
2347167796,2016-04-28,16,72.2,58,91
2347167796,2016-04-28,17,72.6,62,91
2347167796,2016-04-28,18,83.6,64,122
2347167796,2016-04-28,19,70.2,59,85
2347167796,2016-04-28,20,72.3,64,89
2347167796,2016-04-28,21,70.4,60,86
2347167796,2016-04-28,22,77.8,61,110
2347167796,2016-04-28,23,66.1,57,72
2347167796,2016-04-29,0,68.1,60,83
2347167796,2016-04-29,1,63.5,57,79
2347167796,2016-04-29,2,61.4,56,82
2347167796,2016-04-29,3,62.7,57,80
2347167796,2016-04-29,4,61.7,54,85
2347167796,2016-04-29,5,60.7,55,84
2347167796,2016-04-29,6,61.8,54,84
4020332650,2016-04-12,0,65.9,56,79
4020332650,2016-04-12,1,63.4,53,75
4020332650,2016-04-12,2,59.9,53,65
4020332650,2016-04-12,3,61.3,53,71
4020332650,2016-04-12,4,60.9,51,81
4020332650,2016-04-12,5,59.3,49,70
4020332650,2016-04-12,6,70.2,56,88
4020332650,2016-04-12,7,78.3,56,94
4020332650,2016-04-12,8,84.0,73,99
4020332650,2016-04-12,9,88.0,69,107
4020332650,2016-04-12,10,88.1,78,108
4020332650,2016-04-12,11,86.2,78,106
4020332650,2016-04-12,12,96.4,82,119
4020332650,2016-04-12,13,97.4,77,125
4020332650,2016-04-12,14,91.1,78,104
4020332650,2016-04-12,15,97.1,80,115
4020332650,2016-04-12,16,98.7,86,126
4020332650,2016-04-12,17,98.7,86,113
4020332650,2016-04-12,18,89.6,80,108
4020332650,2016-04-12,19,101.4,88,131
4020332650,2016-04-12,20,100.3,84,133
4020332650,2016-04-12,21,90.2,79,102
4020332650,2016-04-12,22,93.1,79,115
4020332650,2016-04-12,23,70.0,70,70
4020332650,2016-04-14,9,87.4,65,106
4020332650,2016-04-14,10,70.0,70,70
4020332650,2016-04-14,13,114.4,70,133
4020332650,2016-04-14,14,91.6,70,112
4020332650,2016-04-14,20,111.0,70,115
4020332650,2016-04-14,21,92.5,70,115
4020332650,2016-04-14,22,76.9,70,84
4020332650,2016-04-15,3,70.0,70,70
4020332650,2016-04-15,4,70.0,70,70
4020332650,2016-04-15,7,70.0,70,70
4020332650,2016-04-15,8,93.8,67,169
4020332650,2016-04-15,9,113.3,70,131
4020332650,2016-04-15,10,78.5,56,128
4020332650,2016-04-15,11,93.7,70,106
4020332650,2016-04-15,12,86.2,70,98
4020332650,2016-04-15,13,75.6,70,88
4020332650,2016-04-15,14,70.0,70,70
4020332650,2016-04-15,15,71.3,70,77
4020332650,2016-04-15,16,70.0,70,70
4020332650,2016-04-15,17,68.5,51,122
4020332650,2016-04-15,18,85.3,59,123
4020332650,2016-04-15,19,99.8,70,143
4020332650,2016-04-15,20,87.6,70,137
4020332650,2016-04-15,21,112.3,69,191
4020332650,2016-04-15,22,134.2,69,191
4020332650,2016-04-15,23,106.6,65,134
4020332650,2016-04-16,0,98.5,68,143
4020332650,2016-04-16,1,119.6,80,142
4020332650,2016-04-16,2,121.8,75,139
4020332650,2016-04-16,3,86.0,62,118
4020332650,2016-04-16,4,67.1,65,70
4020332650,2016-04-16,7,98.4,64,123
4020332650,2016-04-16,8,88.3,70,111
4020332650,2016-04-16,9,90.3,66,125
4020332650,2016-04-16,10,70.0,70,70
4020332650,2016-04-17,20,98.8,66,116
4020332650,2016-05-02,20,104.7,70,123
4020332650,2016-05-02,21,95.0,84,120
4020332650,2016-05-02,22,87.0,69,102
4020332650,2016-05-02,23,78.1,66,94
4020332650,2016-05-03,0,71.7,58,86
4020332650,2016-05-03,1,68.8,56,91
4020332650,2016-05-03,2,64.5,54,80
4020332650,2016-05-03,3,62.5,52,81
4020332650,2016-05-03,4,63.9,52,89
4020332650,2016-05-03,5,68.7,56,78
4020332650,2016-05-03,6,67.3,57,80
4020332650,2016-05-03,7,67.8,57,83
4020332650,2016-05-03,8,73.6,61,95
4020332650,2016-05-03,9,82.5,69,101
4020332650,2016-05-03,10,82.1,71,106
4020332650,2016-05-03,11,82.1,69,102
4020332650,2016-05-03,12,78.8,68,92
4020332650,2016-05-03,13,81.8,63,95
4020332650,2016-05-03,14,82.8,70,108
4020332650,2016-05-03,15,86.3,65,113
4020332650,2016-05-03,16,91.2,73,112
4020332650,2016-05-03,17,94.1,73,113
4020332650,2016-05-03,18,99.9,66,122
4020332650,2016-05-03,19,90.1,70,99
4020332650,2016-05-03,20,89.5,68,127
4020332650,2016-05-03,21,83.9,70,109
4020332650,2016-05-03,22,84.0,71,111
4020332650,2016-05-03,23,72.4,57,86
4020332650,2016-05-04,0,69.3,57,93
4020332650,2016-05-04,1,76.1,60,98
4020332650,2016-05-04,2,66.5,55,89
4020332650,2016-05-04,3,62.8,54,76
4020332650,2016-05-04,4,58.9,49,73
4020332650,2016-05-04,5,61.5,53,147
4020332650,2016-05-04,6,63.0,53,72
4020332650,2016-05-04,7,66.3,54,91
4020332650,2016-05-04,8,73.4,57,96
4020332650,2016-05-04,9,80.4,65,112
4020332650,2016-05-04,10,94.5,78,116
4020332650,2016-05-04,11,88.2,73,105
4020332650,2016-05-04,12,93.6,75,113
4020332650,2016-05-04,13,91.7,77,139
4020332650,2016-05-04,14,93.1,74,111
4020332650,2016-05-04,15,89.3,75,112
4020332650,2016-05-04,16,93.4,79,109
4020332650,2016-05-04,17,89.6,68,107
4020332650,2016-05-04,18,91.4,70,108
4020332650,2016-05-04,19,95.7,76,117
4020332650,2016-05-04,20,109.2,81,146
4020332650,2016-05-04,21,101.2,63,125
4020332650,2016-05-04,22,98.8,70,130
4020332650,2016-05-04,23,101.1,85,118
4020332650,2016-05-05,0,84.3,67,101
4020332650,2016-05-05,1,79.2,68,92
4020332650,2016-05-05,2,70.9,54,84
4020332650,2016-05-05,3,62.2,49,75
4020332650,2016-05-05,4,65.5,52,97
4020332650,2016-05-05,5,73.4,67,80
4020332650,2016-05-05,14,98.7,70,118
4020332650,2016-05-05,15,83.6,70,92
4020332650,2016-05-05,16,99.4,65,126
4020332650,2016-05-05,17,89.1,64,111
4020332650,2016-05-05,18,99.1,79,126
4020332650,2016-05-05,19,94.2,76,118
4020332650,2016-05-05,20,95.3,78,117
4020332650,2016-05-05,21,97.1,70,118
4020332650,2016-05-05,22,95.9,85,112
4020332650,2016-05-05,23,83.9,69,107
4020332650,2016-05-06,0,77.2,66,92
4020332650,2016-05-06,1,69.1,54,81
4020332650,2016-05-06,2,64.6,54,76
4020332650,2016-05-06,3,66.1,54,94
4020332650,2016-05-06,4,61.4,52,75
4020332650,2016-05-06,5,60.4,50,72
4020332650,2016-05-06,6,59.1,53,75
4020332650,2016-05-06,7,70.2,53,99
4020332650,2016-05-06,8,78.4,60,99
4020332650,2016-05-06,9,82.6,64,103
4020332650,2016-05-06,10,90.9,72,116
4020332650,2016-05-06,11,91.3,69,107
4020332650,2016-05-06,12,87.9,68,101
4020332650,2016-05-06,13,78.2,61,96
4020332650,2016-05-06,14,78.0,64,98
4020332650,2016-05-06,15,79.7,61,107
4020332650,2016-05-06,16,88.7,75,102
4020332650,2016-05-07,8,92.4,70,106
4020332650,2016-05-07,9,90.9,72,109
4020332650,2016-05-07,10,89.2,80,97
4020332650,2016-05-07,11,90.7,79,105
4020332650,2016-05-07,12,90.7,79,115
4020332650,2016-05-07,13,89.5,70,111
4020332650,2016-05-07,14,85.3,67,94
4020332650,2016-05-07,15,90.5,80,108
4020332650,2016-05-07,16,86.6,81,97
4020332650,2016-05-07,17,88.9,70,105
4020332650,2016-05-07,18,85.9,64,102
4020332650,2016-05-07,19,93.4,80,117
4020332650,2016-05-07,20,85.0,70,96
4020332650,2016-05-07,21,83.9,70,98
4020332650,2016-05-07,22,86.6,77,102
4020332650,2016-05-08,0,69.1,56,118
4020332650,2016-05-08,1,63.1,56,88
4020332650,2016-05-08,2,67.2,56,97
4020332650,2016-05-08,3,63.4,54,76
4020332650,2016-05-08,4,60.1,52,101
4020332650,2016-05-08,5,59.3,52,73
4020332650,2016-05-08,6,60.9,52,75
4020332650,2016-05-08,7,68.1,51,100
4020332650,2016-05-08,8,72.6,57,96
4020332650,2016-05-08,9,80.4,66,100
4020332650,2016-05-08,10,80.3,60,101
4020332650,2016-05-08,11,90.5,77,107
4020332650,2016-05-08,12,87.4,75,111
4020332650,2016-05-08,13,76.8,67,104
4020332650,2016-05-08,14,92.7,69,112
4020332650,2016-05-08,15,93.3,70,128
4020332650,2016-05-08,16,94.5,70,123
4020332650,2016-05-08,17,90.3,76,107
4020332650,2016-05-08,18,93.2,63,115
4020332650,2016-05-08,19,88.8,70,108
4020332650,2016-05-08,20,83.8,68,131
4020332650,2016-05-08,21,81.0,67,107
4020332650,2016-05-08,22,72.0,62,83
4020332650,2016-05-08,23,68.9,58,81
4020332650,2016-05-09,8,70.0,70,70
4020332650,2016-05-09,14,88.6,63,130
4020332650,2016-05-09,15,90.9,69,107
4020332650,2016-05-09,16,95.3,80,115
4020332650,2016-05-09,17,97.2,82,128
4020332650,2016-05-09,18,90.4,75,110
4020332650,2016-05-09,19,92.9,78,122
4020332650,2016-05-09,20,89.3,70,155
4020332650,2016-05-09,21,80.1,68,98
4020332650,2016-05-09,22,76.0,63,99
4020332650,2016-05-09,23,67.4,55,94
4020332650,2016-05-10,0,56.8,52,77
4020332650,2016-05-10,1,57.9,50,70
4020332650,2016-05-10,2,58.9,47,101
4020332650,2016-05-10,3,57.8,52,70
4020332650,2016-05-10,4,57.1,49,77
4020332650,2016-05-10,5,57.1,50,81
4020332650,2016-05-10,6,55.6,46,81
4020332650,2016-05-10,7,63.7,51,94
4020332650,2016-05-10,8,71.3,60,93
4020332650,2016-05-10,9,72.7,60,89
4020332650,2016-05-10,10,75.5,62,92
4020332650,2016-05-10,11,76.9,61,98
4020332650,2016-05-10,12,86.5,68,113
4020332650,2016-05-10,13,82.6,66,95
4020332650,2016-05-10,14,83.4,70,97
4020332650,2016-05-10,15,88.8,74,106
4020332650,2016-05-10,16,85.8,64,104
4020332650,2016-05-10,17,84.0,64,105
4020332650,2016-05-10,18,78.3,70,87
4020332650,2016-05-10,19,116.2,70,134
4020332650,2016-05-10,20,103.2,59,120
4020332650,2016-05-10,21,70.0,70,70
4020332650,2016-05-10,22,94.6,66,118
4020332650,2016-05-10,23,112.7,70,142
4020332650,2016-05-11,10,70.9,70,71
4020332650,2016-05-11,11,91.5,70,121
4020332650,2016-05-11,12,85.4,73,109
4020332650,2016-05-11,13,87.5,64,105
4020332650,2016-05-11,14,94.3,70,133
4020332650,2016-05-11,15,96.0,76,117
4020332650,2016-05-11,16,92.8,77,111
4020332650,2016-05-11,17,95.8,84,107
4020332650,2016-05-12,11,87.0,70,99
4020332650,2016-05-12,12,100.0,79,125
4388161847,2016-04-13,0,56.1,47,80
4388161847,2016-04-13,1,53.8,50,75
4388161847,2016-04-13,2,52.4,47,76
4388161847,2016-04-13,3,50.4,45,80
4388161847,2016-04-13,4,54.7,45,121
4388161847,2016-04-13,5,81.4,54,130
4388161847,2016-04-13,6,83.0,63,120
4388161847,2016-04-13,7,66.2,56,97
4388161847,2016-04-13,8,65.0,53,100
4388161847,2016-04-13,9,57.5,51,91
4388161847,2016-04-13,10,66.2,53,106
4388161847,2016-04-13,11,63.9,55,79
4388161847,2016-04-13,12,66.8,55,93
4388161847,2016-04-13,13,61.3,52,83
4388161847,2016-04-13,14,62.7,53,85
4388161847,2016-04-13,15,62.3,53,130
4388161847,2016-04-13,16,73.9,53,100
4388161847,2016-04-13,17,73.0,58,95
4388161847,2016-04-13,18,80.8,62,112
4388161847,2016-04-13,19,84.6,62,118
4388161847,2016-04-13,20,69.9,60,98
4388161847,2016-04-14,4,77.8,76,82
4388161847,2016-04-14,5,83.7,56,132
4388161847,2016-04-14,6,79.6,61,130
4388161847,2016-04-14,7,69.1,56,92
4388161847,2016-04-14,8,62.5,53,83
4388161847,2016-04-14,9,62.2,50,107
4388161847,2016-04-14,10,65.2,52,101
4388161847,2016-04-14,11,64.8,52,98
4388161847,2016-04-14,12,62.7,54,90
4388161847,2016-04-14,13,60.3,52,83
4388161847,2016-04-14,14,56.7,49,78
4388161847,2016-04-14,15,59.3,48,96
4388161847,2016-04-14,16,74.7,56,108
4388161847,2016-04-14,17,93.6,68,114
4388161847,2016-04-14,18,70.0,57,103
4388161847,2016-04-14,19,74.3,58,111
4388161847,2016-04-14,20,62.4,53,79
4388161847,2016-04-14,21,62.5,53,109
4388161847,2016-04-14,22,60.5,55,74
4388161847,2016-04-14,23,62.3,54,76
4388161847,2016-04-15,0,54.6,50,72
4388161847,2016-04-15,1,53.0,45,71
4388161847,2016-04-15,2,50.5,45,73
4388161847,2016-04-15,3,50.3,44,67
4388161847,2016-04-15,4,58.4,47,115
4388161847,2016-04-15,5,79.9,56,104
4388161847,2016-04-15,6,84.4,57,127
4388161847,2016-04-15,7,65.7,55,88
4388161847,2016-04-15,8,61.6,49,81
4388161847,2016-04-15,9,59.7,52,88
4388161847,2016-04-15,10,62.5,46,105
4388161847,2016-04-15,11,63.4,53,97
4388161847,2016-04-15,12,61.5,54,90
4388161847,2016-04-15,13,64.4,52,109
4388161847,2016-04-15,14,59.7,51,82
4388161847,2016-04-15,15,64.4,53,117
4388161847,2016-04-15,16,84.9,57,113
4388161847,2016-04-15,17,69.1,57,97
4388161847,2016-04-15,18,71.7,55,94
4388161847,2016-04-15,19,74.5,58,93
4388161847,2016-04-15,20,72.5,63,89
4388161847,2016-04-15,21,74.7,63,100
4388161847,2016-04-15,22,79.9,70,103
4388161847,2016-04-15,23,82.4,69,122
4388161847,2016-04-16,0,74.6,67,93
4388161847,2016-04-16,1,71.4,63,93
4388161847,2016-04-16,2,68.2,60,90
4388161847,2016-04-16,3,64.2,59,85
4388161847,2016-04-16,4,67.0,60,97
4388161847,2016-04-16,5,63.7,57,84
4388161847,2016-04-16,6,73.4,58,114
4388161847,2016-04-16,7,77.9,64,96
4388161847,2016-04-16,8,86.1,61,142
4388161847,2016-04-16,9,91.5,70,108
4388161847,2016-04-16,10,81.3,63,104
4388161847,2016-04-16,11,77.3,61,101
4388161847,2016-04-16,12,76.7,66,93
4388161847,2016-04-16,13,81.3,64,104
4388161847,2016-04-16,14,85.4,66,116
4388161847,2016-04-16,15,77.8,69,99
4388161847,2016-04-16,16,73.1,59,91
4388161847,2016-04-16,17,71.6,62,83
4388161847,2016-04-16,18,77.7,61,97
4388161847,2016-04-16,19,78.2,69,94
4388161847,2016-04-16,20,77.3,69,88
4388161847,2016-04-16,21,74.6,58,113
4388161847,2016-04-16,22,64.6,57,84
4388161847,2016-04-16,23,63.7,56,70
4388161847,2016-04-17,0,63.2,55,79
4388161847,2016-04-17,1,62.8,57,74
4388161847,2016-04-17,2,62.8,56,74
4388161847,2016-04-17,3,57.0,52,82
4388161847,2016-04-17,4,56.1,51,77
4388161847,2016-04-17,5,56.2,49,82
4388161847,2016-04-17,6,64.4,50,92
4388161847,2016-04-17,7,74.5,59,91
4388161847,2016-04-17,8,74.0,60,110
4388161847,2016-04-17,9,75.2,61,97
4388161847,2016-04-17,10,69.4,58,102
4388161847,2016-04-17,11,65.6,56,85
4388161847,2016-04-17,12,74.8,57,113
4388161847,2016-04-17,13,71.1,59,97
4388161847,2016-04-17,14,69.7,61,90
4388161847,2016-04-17,15,64.0,54,80
4388161847,2016-04-17,16,65.6,50,93
4388161847,2016-04-17,17,65.2,53,109
4388161847,2016-04-17,18,66.7,54,96
4388161847,2016-04-17,19,64.8,53,89
4388161847,2016-04-17,20,66.8,57,93
4388161847,2016-04-17,21,64.2,55,93
4388161847,2016-04-17,22,66.7,57,95
4388161847,2016-04-18,6,84.9,73,98
4388161847,2016-04-18,7,77.8,60,109
4388161847,2016-04-18,8,69.5,59,91
4388161847,2016-04-18,9,63.6,57,88
4388161847,2016-04-18,10,62.5,51,93
4388161847,2016-04-18,11,71.7,57,88
4388161847,2016-04-18,12,70.1,60,104
4388161847,2016-04-18,13,68.1,55,104
4388161847,2016-04-18,14,63.4,55,80
4388161847,2016-04-18,15,64.1,54,98
4388161847,2016-04-18,16,118.9,55,174
4388161847,2016-04-18,17,107.8,69,176
4388161847,2016-04-18,18,91.6,74,140
4388161847,2016-04-18,19,82.5,65,119
4388161847,2016-04-18,20,80.3,62,110
4388161847,2016-04-18,21,70.3,63,81
4388161847,2016-04-18,22,68.1,58,114
4388161847,2016-04-18,23,59.1,50,81
4388161847,2016-04-19,0,55.6,52,76
4388161847,2016-04-19,1,52.9,49,80
4388161847,2016-04-19,2,52.3,48,68
4388161847,2016-04-19,3,51.3,46,77
4388161847,2016-04-19,4,55.4,47,96
4388161847,2016-04-19,5,85.8,55,136
4388161847,2016-04-19,6,90.5,69,127
4388161847,2016-04-19,7,67.0,58,106
4388161847,2016-04-19,8,61.4,50,101
4388161847,2016-04-19,9,60.3,50,91
4388161847,2016-04-19,10,60.4,50,95
4388161847,2016-04-19,11,62.8,53,86
4388161847,2016-04-19,12,62.9,54,95
4388161847,2016-04-19,13,57.7,50,73
4388161847,2016-04-19,14,60.5,51,88
4388161847,2016-04-19,15,58.9,53,86
4388161847,2016-04-19,16,72.6,52,108
4388161847,2016-04-19,17,74.8,55,95
4388161847,2016-04-19,18,72.7,56,108
4388161847,2016-04-19,19,67.7,59,84
4388161847,2016-04-19,20,76.0,63,96
4388161847,2016-04-19,21,66.1,56,85
4388161847,2016-04-19,22,61.4,54,88
4388161847,2016-04-19,23,56.6,50,77
4388161847,2016-04-20,0,53.8,48,64
4388161847,2016-04-20,1,54.8,47,83
4388161847,2016-04-20,2,52.8,48,86
4388161847,2016-04-20,3,52.8,46,79
4388161847,2016-04-20,4,54.1,47,78
4388161847,2016-04-20,5,79.9,54,149
4388161847,2016-04-20,6,87.8,65,145
4388161847,2016-04-20,7,66.1,56,83
4388161847,2016-04-20,8,61.4,53,83
4388161847,2016-04-20,9,59.2,52,69
4388161847,2016-04-20,10,61.6,52,89
4388161847,2016-04-20,11,63.5,53,90
4388161847,2016-04-20,12,65.6,56,94
4388161847,2016-04-20,13,64.3,54,92
4388161847,2016-04-20,14,60.1,53,70
4388161847,2016-04-20,15,61.6,55,87
4388161847,2016-04-20,16,69.5,54,101
4388161847,2016-04-20,17,81.3,59,108
4388161847,2016-04-20,18,67.4,57,98
4388161847,2016-04-20,19,73.7,54,105
4388161847,2016-04-20,20,69.8,58,95
4388161847,2016-04-20,21,63.5,55,82
4388161847,2016-04-20,22,61.7,54,81
4388161847,2016-04-20,23,55.4,48,77
4388161847,2016-04-21,0,54.9,52,73
4388161847,2016-04-21,1,52.8,45,67
4388161847,2016-04-21,2,50.0,45,67
4388161847,2016-04-21,3,49.1,44,74
4388161847,2016-04-21,4,49.1,42,73
4388161847,2016-04-21,5,68.7,47,109
4388161847,2016-04-21,6,73.4,56,97
4388161847,2016-04-21,7,62.5,52,85
4388161847,2016-04-21,8,57.5,48,83
4388161847,2016-04-21,9,55.8,48,67
4388161847,2016-04-21,10,59.6,47,93
4388161847,2016-04-21,11,60.6,51,96
4388161847,2016-04-21,12,60.1,50,79
4388161847,2016-04-21,13,59.7,52,89
4388161847,2016-04-21,14,57.1,50,72
4388161847,2016-04-21,15,60.9,52,85
4388161847,2016-04-21,16,71.7,56,110
4388161847,2016-04-21,17,73.3,57,146
4388161847,2016-04-21,18,84.1,55,118
4388161847,2016-04-21,19,76.7,55,102
4388161847,2016-04-21,20,74.1,58,112
4388161847,2016-04-21,21,60.5,57,68
4388161847,2016-04-22,6,105.9,56,149
4388161847,2016-04-22,7,67.3,49,135
4388161847,2016-04-22,8,87.1,61,134
4388161847,2016-04-22,9,76.6,59,100
4388161847,2016-04-22,10,70.5,58,91
4388161847,2016-04-22,11,64.6,58,77
4388161847,2016-04-22,12,67.1,54,83
4388161847,2016-04-22,13,71.4,63,77
4388161847,2016-04-22,14,70.4,59,81
4388161847,2016-04-22,15,72.9,58,102
4388161847,2016-04-22,16,76.7,67,95
4388161847,2016-04-22,17,71.7,59,102
4388161847,2016-04-22,18,80.0,61,123
4388161847,2016-04-22,19,61.4,53,81
4388161847,2016-04-22,20,64.6,53,85
4388161847,2016-04-22,21,67.3,58,79
4388161847,2016-04-22,22,65.1,55,93
4388161847,2016-04-22,23,62.0,55,73
4388161847,2016-04-23,0,56.0,47,78
4388161847,2016-04-23,1,53.1,44,69
4388161847,2016-04-23,2,54.4,48,78
4388161847,2016-04-23,3,54.3,46,78
4388161847,2016-04-23,4,52.7,46,73
4388161847,2016-04-23,5,53.6,49,71
4388161847,2016-04-23,6,56.6,47,86
4388161847,2016-04-23,7,60.9,54,74
4388161847,2016-04-23,8,59.4,50,70
4388161847,2016-04-23,9,62.3,55,72
4388161847,2016-04-23,10,70.1,51,99
4388161847,2016-04-23,11,70.7,55,107
4388161847,2016-04-23,12,68.2,54,99
4388161847,2016-04-23,13,79.7,56,127
4388161847,2016-04-23,14,119.5,54,158
4388161847,2016-04-23,15,65.8,52,95
4388161847,2016-04-23,16,68.6,55,78
4388161847,2016-04-23,17,70.7,62,82
4388161847,2016-04-23,18,70.5,53,92
4388161847,2016-04-23,19,63.2,46,82
4388161847,2016-04-23,20,64.7,51,82
4388161847,2016-04-23,21,56.5,50,70
4388161847,2016-04-23,22,64.9,52,98
4388161847,2016-04-23,23,66.0,58,91
4388161847,2016-04-24,0,61.0,53,89
4388161847,2016-04-24,1,58.5,50,73
4388161847,2016-04-24,2,55.4,49,76
4388161847,2016-04-24,3,55.9,50,75
4388161847,2016-04-24,4,54.5,48,78
4388161847,2016-04-24,5,56.3,50,76
4388161847,2016-04-24,6,64.7,52,119
4388161847,2016-04-24,7,61.5,52,72
4388161847,2016-04-24,8,59.2,48,93
4388161847,2016-04-24,9,52.1,45,60
4388161847,2016-04-24,10,56.0,44,93
4388161847,2016-04-24,11,59.5,53,77
4388161847,2016-04-24,12,67.8,52,95
4388161847,2016-04-24,13,69.9,53,100
4388161847,2016-04-24,14,71.7,51,131
4388161847,2016-04-24,15,69.5,54,139
4388161847,2016-04-24,16,59.6,54,75
4388161847,2016-04-24,17,56.3,49,73
4388161847,2016-04-24,18,64.5,51,92
4388161847,2016-04-24,19,61.7,52,83
4388161847,2016-04-24,20,74.3,56,99
4388161847,2016-04-24,21,61.6,52,82
4388161847,2016-04-24,22,57.5,52,66
4388161847,2016-04-25,5,69.2,54,95
4388161847,2016-04-25,6,72.3,54,107
4388161847,2016-04-25,7,67.8,58,88
4388161847,2016-04-25,8,65.7,58,86
4388161847,2016-04-25,9,60.4,53,97
4388161847,2016-04-25,10,58.3,50,83
4388161847,2016-04-25,11,66.1,53,88
4388161847,2016-04-25,12,63.9,56,75
4388161847,2016-04-25,13,60.4,53,91
4388161847,2016-04-25,14,59.3,52,72
4388161847,2016-04-25,15,57.6,50,88
4388161847,2016-04-25,16,68.5,52,112
4388161847,2016-04-25,17,87.1,55,150
4388161847,2016-04-25,18,71.4,51,103
4388161847,2016-04-25,19,81.2,59,112
4388161847,2016-04-25,20,83.8,60,114
4388161847,2016-04-25,21,64.3,50,108
4388161847,2016-04-25,22,55.4,46,97
4388161847,2016-04-25,23,51.3,45,72
4388161847,2016-04-26,0,51.8,43,69
4388161847,2016-04-26,1,53.9,47,81
4388161847,2016-04-26,2,51.3,42,61
4388161847,2016-04-26,3,53.8,44,78
4388161847,2016-04-26,4,52.5,44,71
4388161847,2016-04-26,5,76.7,52,128
4388161847,2016-04-26,6,82.7,61,116
4388161847,2016-04-26,7,67.5,54,94
4388161847,2016-04-26,8,61.2,53,78
4388161847,2016-04-26,9,59.7,49,97
4388161847,2016-04-26,10,60.5,50,85
4388161847,2016-04-26,11,63.7,56,88
4388161847,2016-04-26,12,64.7,55,86
4388161847,2016-04-26,13,60.2,49,81
4388161847,2016-04-26,14,63.0,54,86
4388161847,2016-04-26,15,60.1,53,81
4388161847,2016-04-26,16,62.3,48,104
4388161847,2016-04-26,17,68.9,52,98
4388161847,2016-04-26,18,64.0,55,81
4388161847,2016-04-26,19,63.9,57,80
4388161847,2016-04-26,20,63.3,54,100
4388161847,2016-04-26,21,60.0,51,80
4388161847,2016-04-26,22,59.7,52,72
4388161847,2016-04-26,23,56.6,47,75
4388161847,2016-04-27,0,50.9,44,76
4388161847,2016-04-27,1,53.2,48,77
4388161847,2016-04-27,2,50.2,42,76
4388161847,2016-04-27,3,47.7,42,68
4388161847,2016-04-27,4,47.6,42,71
4388161847,2016-04-27,5,66.3,51,122
4388161847,2016-04-27,6,66.9,50,115
4388161847,2016-04-27,7,58.1,52,77
4388161847,2016-04-27,8,56.9,50,87
4388161847,2016-04-27,9,55.8,44,93
4388161847,2016-04-27,10,58.4,46,93
4388161847,2016-04-27,11,64.1,50,85
4388161847,2016-04-27,12,66.9,56,100
4388161847,2016-04-27,13,59.9,54,74
4388161847,2016-04-27,14,59.1,53,72
4388161847,2016-04-27,15,62.6,55,84
4388161847,2016-04-27,16,70.4,53,153
4388161847,2016-04-27,17,72.0,54,114
4388161847,2016-04-27,18,86.2,70,117
4388161847,2016-04-27,19,67.6,57,92
4388161847,2016-04-27,20,64.4,54,84
4388161847,2016-04-27,21,62.6,53,86
4388161847,2016-04-27,22,60.9,55,82
4388161847,2016-04-27,23,60.3,49,85
4388161847,2016-04-28,0,52.8,47,72
4388161847,2016-04-28,1,50.3,45,73
4388161847,2016-04-28,2,47.9,41,61
4388161847,2016-04-28,3,48.4,43,71
4388161847,2016-04-28,4,47.8,41,75
4388161847,2016-04-28,5,74.9,46,126
4388161847,2016-04-28,6,81.0,52,131
4388161847,2016-04-28,7,70.4,61,85
4388161847,2016-04-28,8,65.2,50,91
4388161847,2016-04-28,9,55.6,44,67
4388161847,2016-04-28,10,60.2,49,87
4388161847,2016-04-28,11,59.8,50,85
4388161847,2016-04-28,12,62.2,54,90
4388161847,2016-04-28,13,61.1,53,79
4388161847,2016-04-28,14,58.8,49,74
4388161847,2016-04-28,15,56.0,50,70
4388161847,2016-04-28,16,73.5,55,102
4388161847,2016-04-28,17,74.4,54,109
4388161847,2016-04-28,18,65.3,49,89
4388161847,2016-04-28,19,63.7,53,95
4388161847,2016-04-28,20,68.8,62,100
4388161847,2016-04-29,5,72.2,51,130
4388161847,2016-04-29,6,81.9,61,133
4388161847,2016-04-29,7,66.0,53,93
4388161847,2016-04-29,8,58.1,49,90
4388161847,2016-04-29,9,58.7,50,88
4388161847,2016-04-29,10,59.2,50,107
4388161847,2016-04-29,11,57.1,44,78
4388161847,2016-04-29,12,59.0,47,83
4388161847,2016-04-29,13,61.3,53,82
4388161847,2016-04-29,14,65.6,54,94
4388161847,2016-04-29,15,72.9,66,79
4388161847,2016-04-29,16,72.1,62,83
4388161847,2016-04-29,17,68.5,57,96
4388161847,2016-04-29,18,67.2,55,82
4388161847,2016-04-29,19,64.7,54,80
4388161847,2016-04-29,20,70.6,58,92
4388161847,2016-04-29,21,66.3,58,76
4388161847,2016-04-29,22,66.7,54,89
4388161847,2016-04-29,23,61.5,54,78
4388161847,2016-04-30,0,60.1,51,88
4388161847,2016-04-30,1,51.7,45,68
4388161847,2016-04-30,2,52.9,47,76
4388161847,2016-04-30,3,53.5,47,72
4388161847,2016-04-30,4,55.5,49,83
4388161847,2016-04-30,5,52.7,47,83
4388161847,2016-04-30,6,59.5,45,95
4388161847,2016-04-30,7,56.5,47,75
4388161847,2016-04-30,8,56.6,49,66
4388161847,2016-04-30,9,73.9,51,104
4388161847,2016-04-30,10,68.8,54,97
4388161847,2016-04-30,11,87.4,62,113
4388161847,2016-04-30,12,82.1,55,106
4388161847,2016-04-30,13,72.5,59,105
4388161847,2016-04-30,14,58.9,54,74
4388161847,2016-04-30,15,60.0,54,76
4388161847,2016-04-30,16,69.8,53,113
4388161847,2016-04-30,17,60.5,51,77
4388161847,2016-04-30,18,66.9,53,93
4388161847,2016-04-30,19,64.0,53,94
4388161847,2016-04-30,20,74.7,52,112
4388161847,2016-04-30,21,64.3,54,95
4388161847,2016-04-30,22,56.4,49,73
4388161847,2016-04-30,23,54.5,49,78
4388161847,2016-05-01,0,56.3,50,74
4388161847,2016-05-01,1,51.9,43,79
4388161847,2016-05-01,2,49.2,44,74
4388161847,2016-05-01,3,49.9,43,73
4388161847,2016-05-01,4,46.9,39,70
4388161847,2016-05-01,5,48.1,42,80
4388161847,2016-05-01,6,47.7,42,75
4388161847,2016-05-01,7,49.0,42,82
4388161847,2016-05-01,8,69.3,42,103
4388161847,2016-05-01,9,61.1,53,78
4388161847,2016-05-01,10,65.9,52,98
4388161847,2016-05-01,11,68.3,52,98
4388161847,2016-05-01,12,69.8,54,92
4388161847,2016-05-01,13,67.9,54,92
4388161847,2016-05-01,14,57.6,53,78
4388161847,2016-05-01,15,72.1,51,100
4388161847,2016-05-01,16,65.1,57,95
4388161847,2016-05-01,17,71.9,59,102
4388161847,2016-05-01,18,68.6,60,90
4388161847,2016-05-01,19,68.7,52,105
4388161847,2016-05-01,20,58.3,48,85
4388161847,2016-05-01,21,55.5,50,69
4388161847,2016-05-01,22,53.3,44,80
4388161847,2016-05-01,23,52.9,47,66
4388161847,2016-05-02,0,56.9,48,117
4388161847,2016-05-02,1,56.2,50,74
4388161847,2016-05-02,2,53.6,45,79
4388161847,2016-05-02,3,50.4,45,80
4388161847,2016-05-02,4,48.6,43,65
4388161847,2016-05-02,5,55.5,47,82
4388161847,2016-05-02,6,75.0,59,110
4388161847,2016-05-02,7,71.1,56,109
4388161847,2016-05-02,8,62.0,54,74
4388161847,2016-05-02,9,57.5,49,79
4388161847,2016-05-02,10,57.7,49,103
4388161847,2016-05-02,11,60.2,52,99
4388161847,2016-05-02,12,60.4,53,97
4388161847,2016-05-02,13,62.3,55,82
4388161847,2016-05-02,14,60.6,54,68
4388161847,2016-05-02,15,58.8,53,106
4388161847,2016-05-02,16,72.0,54,116
4388161847,2016-05-02,17,70.7,55,106
4388161847,2016-05-02,18,115.7,61,180
4388161847,2016-05-02,19,86.5,62,105
4388161847,2016-05-02,20,68.7,54,101
4388161847,2016-05-02,21,72.2,55,114
4388161847,2016-05-03,5,91.4,56,135
4388161847,2016-05-03,6,81.0,58,114
4388161847,2016-05-03,7,64.5,53,99
4388161847,2016-05-03,8,60.6,50,88
4388161847,2016-05-03,9,63.8,53,109
4388161847,2016-05-03,10,60.5,51,75
4388161847,2016-05-03,11,63.5,53,90
4388161847,2016-05-03,12,63.5,44,78
4388161847,2016-05-03,13,60.1,53,75
4388161847,2016-05-03,14,57.8,50,86
4388161847,2016-05-03,15,59.0,50,91
4388161847,2016-05-03,16,67.2,48,106
4388161847,2016-05-03,17,71.4,48,103
4388161847,2016-05-03,18,80.6,56,117
4388161847,2016-05-03,19,73.0,54,101
4388161847,2016-05-03,20,58.9,50,88
4388161847,2016-05-03,21,55.8,46,83
4388161847,2016-05-03,22,56.5,50,73
4388161847,2016-05-03,23,56.8,48,74
4388161847,2016-05-04,0,51.1,45,79
4388161847,2016-05-04,1,52.2,43,70
4388161847,2016-05-04,2,50.7,42,86
4388161847,2016-05-04,3,47.7,43,61
4388161847,2016-05-04,4,47.9,43,72
4388161847,2016-05-04,5,68.1,45,120
4388161847,2016-05-04,6,80.9,61,104
4388161847,2016-05-04,7,61.4,52,87
4388161847,2016-05-04,8,56.6,48,80
4388161847,2016-05-04,9,59.6,49,94
4388161847,2016-05-04,10,58.6,46,105
4388161847,2016-05-04,11,65.1,55,90
4388161847,2016-05-04,12,65.9,55,99
4388161847,2016-05-04,13,61.7,55,73
4388161847,2016-05-04,14,54.8,48,71
4388161847,2016-05-04,15,59.1,51,77
4388161847,2016-05-04,16,69.5,54,102
4388161847,2016-05-04,17,85.4,54,126
4388161847,2016-05-04,18,72.6,53,112
4388161847,2016-05-04,19,59.6,48,90
4388161847,2016-05-04,20,63.0,50,89
4388161847,2016-05-04,21,59.4,52,87
4388161847,2016-05-04,22,59.4,52,90
4388161847,2016-05-04,23,56.4,47,85
4388161847,2016-05-05,0,51.0,44,76
4388161847,2016-05-05,1,52.1,45,79
4388161847,2016-05-05,2,52.6,45,75
4388161847,2016-05-05,3,53.3,42,121
4388161847,2016-05-05,4,49.4,42,77
4388161847,2016-05-05,5,68.2,50,114
4388161847,2016-05-05,6,82.0,57,123
4388161847,2016-05-05,7,60.4,51,92
4388161847,2016-05-05,8,58.9,47,85
4388161847,2016-05-05,9,53.2,46,63
4388161847,2016-05-05,10,56.8,46,88
4388161847,2016-05-05,11,63.0,54,106
4388161847,2016-05-05,12,60.9,47,98
4388161847,2016-05-05,13,57.2,47,72
4388161847,2016-05-05,14,55.5,47,76
4388161847,2016-05-05,15,57.9,48,91
4388161847,2016-05-05,16,73.6,53,114
4388161847,2016-05-05,17,75.7,57,101
4388161847,2016-05-05,18,60.2,50,83
4388161847,2016-05-05,19,61.1,48,94
4388161847,2016-05-05,20,68.5,54,90
4388161847,2016-05-06,3,64.7,47,109
4388161847,2016-05-06,4,66.5,51,100
4388161847,2016-05-06,5,95.2,51,151
4388161847,2016-05-06,6,74.7,56,104
4388161847,2016-05-06,7,65.3,53,106
4388161847,2016-05-06,8,57.8,49,72
4388161847,2016-05-06,9,59.9,52,78
4388161847,2016-05-06,10,63.0,53,114
4388161847,2016-05-06,11,63.4,53,87
4388161847,2016-05-06,12,65.4,53,91
4388161847,2016-05-06,13,59.6,53,80
4388161847,2016-05-06,14,57.9,50,78
4388161847,2016-05-06,15,58.9,50,89
4388161847,2016-05-06,16,74.1,60,88
4388161847,2016-05-06,17,78.5,68,107
4388161847,2016-05-06,18,73.2,59,100
4388161847,2016-05-06,19,72.7,59,83
4388161847,2016-05-06,20,83.4,61,114
4388161847,2016-05-06,21,72.2,59,103
4388161847,2016-05-06,22,63.0,55,83
4388161847,2016-05-06,23,62.9,54,81
4388161847,2016-05-07,0,58.3,52,83
4388161847,2016-05-07,1,57.3,53,77
4388161847,2016-05-07,2,58.4,51,80
4388161847,2016-05-07,3,54.1,45,75
4388161847,2016-05-07,4,51.8,46,68
4388161847,2016-05-07,5,50.6,43,80
4388161847,2016-05-07,6,48.7,44,65
4388161847,2016-05-07,7,48.7,41,78
4388161847,2016-05-07,8,63.1,45,97
4388161847,2016-05-07,9,81.0,57,108
4388161847,2016-05-07,10,67.2,54,100
4388161847,2016-05-07,11,81.0,53,144
4388161847,2016-05-07,12,93.2,59,153
4388161847,2016-05-07,13,75.2,57,107
4388161847,2016-05-07,14,63.6,56,76
4388161847,2016-05-07,15,58.7,50,89
4388161847,2016-05-07,16,88.5,56,129
4388161847,2016-05-07,17,82.3,60,118
4388161847,2016-05-07,18,67.5,47,101
4388161847,2016-05-07,19,64.6,50,100
4388161847,2016-05-07,20,68.3,48,90
4388161847,2016-05-07,21,62.2,49,83
4388161847,2016-05-07,22,61.1,49,85
4388161847,2016-05-07,23,54.6,49,67
4388161847,2016-05-08,0,53.3,49,74
4388161847,2016-05-08,1,51.7,43,69
4388161847,2016-05-08,2,52.4,44,69
4388161847,2016-05-08,3,51.1,46,75
4388161847,2016-05-08,4,50.7,44,79
4388161847,2016-05-08,5,50.3,44,73
4388161847,2016-05-08,6,49.9,44,74
4388161847,2016-05-08,7,48.3,43,80
4388161847,2016-05-08,8,56.4,44,94
4388161847,2016-05-08,9,54.6,46,77
4388161847,2016-05-08,10,120.9,59,167
4388161847,2016-05-08,11,65.9,56,83
4388161847,2016-05-08,12,63.8,53,98
4388161847,2016-05-08,13,107.5,57,166
4388161847,2016-05-08,14,88.6,67,117
4388161847,2016-05-08,15,75.3,64,111
4388161847,2016-05-08,16,69.3,61,81
4388161847,2016-05-08,17,72.8,53,101
4388161847,2016-05-08,18,71.3,61,106
4388161847,2016-05-08,19,127.4,51,171
4388161847,2016-05-08,20,94.4,63,141
4388161847,2016-05-08,21,64.0,53,76
4388161847,2016-05-09,5,69.1,52,104
4388161847,2016-05-09,6,80.6,57,140
4388161847,2016-05-09,7,61.2,53,94
4388161847,2016-05-09,8,58.9,51,79
4388161847,2016-05-09,9,59.1,53,75
4388161847,2016-05-09,10,60.6,48,89
4388161847,2016-05-09,11,61.2,53,89
4388161847,2016-05-09,12,59.7,52,81
4388161847,2016-05-09,13,59.4,53,78
4388161847,2016-05-09,14,57.8,52,73
4388161847,2016-05-09,15,56.7,47,78
4388161847,2016-05-09,16,66.5,50,104
4388161847,2016-05-09,17,73.7,53,104
4388161847,2016-05-09,18,74.3,51,97
4388161847,2016-05-09,19,77.4,54,123
4388161847,2016-05-09,20,62.0,55,88
4388161847,2016-05-09,21,58.6,50,90
4388161847,2016-05-09,22,54.9,47,80
4388161847,2016-05-09,23,50.9,44,65
4388161847,2016-05-10,0,50.5,44,70
4388161847,2016-05-10,1,47.3,42,70
4388161847,2016-05-10,2,47.6,41,69
4388161847,2016-05-10,3,46.5,41,75
4388161847,2016-05-10,4,44.9,41,61
4388161847,2016-05-10,5,80.0,43,116
4388161847,2016-05-10,6,80.0,59,121
4388161847,2016-05-10,7,63.9,55,84
4388161847,2016-05-10,8,62.1,51,85
4388161847,2016-05-10,9,64.2,52,73
4388161847,2016-05-10,10,65.9,53,76
4388161847,2016-05-10,11,67.4,54,87
4388161847,2016-05-10,12,59.2,53,72
4388161847,2016-05-10,13,57.8,48,79
4388161847,2016-05-10,14,56.5,48,77
4388161847,2016-05-10,15,55.4,46,75
4388161847,2016-05-10,16,55.2,48,71
4388161847,2016-05-10,17,68.4,48,110
4388161847,2016-05-10,18,69.7,55,87
4388161847,2016-05-10,19,71.5,55,95
4388161847,2016-05-10,20,61.6,52,88
4388161847,2016-05-10,21,56.7,50,73
4388161847,2016-05-10,22,54.9,47,75
4388161847,2016-05-10,23,54.7,47,75
4388161847,2016-05-11,0,54.2,48,70
4388161847,2016-05-11,1,50.1,43,68
4388161847,2016-05-11,2,47.8,42,73
4388161847,2016-05-11,3,46.1,40,72
4388161847,2016-05-11,4,46.7,41,72
4388161847,2016-05-11,5,66.5,44,125
4388161847,2016-05-11,6,81.6,60,114
4388161847,2016-05-11,7,62.1,52,96
4388161847,2016-05-11,8,57.5,44,84
4388161847,2016-05-11,9,55.3,44,75
4388161847,2016-05-11,10,56.6,46,93
4388161847,2016-05-11,11,60.6,50,79
4388161847,2016-05-11,12,62.5,52,93
4388161847,2016-05-11,13,59.1,52,77
4388161847,2016-05-11,14,54.9,47,69
4388161847,2016-05-11,15,55.4,45,76
4388161847,2016-05-11,16,65.3,50,106
4388161847,2016-05-11,17,69.2,50,112
4388161847,2016-05-11,18,59.7,50,83
4388161847,2016-05-11,19,66.8,49,95
4388161847,2016-05-11,20,63.2,50,101
4388161847,2016-05-12,6,78.0,62,99
4388161847,2016-05-12,7,68.6,53,136
4388161847,2016-05-12,8,57.9,49,84
4388161847,2016-05-12,9,55.1,44,70
4388161847,2016-05-12,10,54.9,46,76
4388161847,2016-05-12,11,60.6,47,97
4388161847,2016-05-12,12,63.7,49,92
4388161847,2016-05-12,13,58.2,48,83
4388161847,2016-05-12,14,57.5,46,82
4388161847,2016-05-12,15,56.0,50,62
4558609924,2016-04-12,6,79.9,68,92
4558609924,2016-04-12,7,76.5,61,93
4558609924,2016-04-12,8,72.7,60,87
4558609924,2016-04-12,9,81.9,68,98
4558609924,2016-04-12,10,74.9,64,86
4558609924,2016-04-12,11,72.7,60,87
4558609924,2016-04-12,12,68.6,57,87
4558609924,2016-04-12,13,73.8,60,98
4558609924,2016-04-12,14,79.3,64,94
4558609924,2016-04-12,15,74.3,66,88
4558609924,2016-04-12,16,80.8,66,99
4558609924,2016-04-12,17,83.5,66,104
4558609924,2016-04-12,18,82.4,70,97
4558609924,2016-04-12,19,77.1,65,99
4558609924,2016-04-12,20,75.3,65,94
4558609924,2016-04-12,21,74.2,62,88
4558609924,2016-04-12,22,71.6,61,85
4558609924,2016-04-13,7,70.3,70,71
4558609924,2016-04-13,8,71.0,71,71
4558609924,2016-04-13,11,88.0,70,106
4558609924,2016-04-13,12,85.6,73,108
4558609924,2016-04-13,13,86.4,69,99
4558609924,2016-04-13,14,80.6,66,101
4558609924,2016-04-13,15,75.3,64,88
4558609924,2016-04-13,16,94.2,64,144
4558609924,2016-04-13,17,88.9,73,109
4558609924,2016-04-13,18,78.1,70,101
4558609924,2016-04-14,9,90.7,75,105
4558609924,2016-04-14,10,83.6,63,103
4558609924,2016-04-14,11,73.3,63,88
4558609924,2016-04-14,12,79.1,67,98
4558609924,2016-04-14,13,79.9,70,96
4558609924,2016-04-14,14,84.5,70,100
4558609924,2016-04-14,15,83.1,70,100
4558609924,2016-04-14,16,87.9,70,108
4558609924,2016-04-14,17,86.8,72,107
4558609924,2016-04-14,18,82.0,67,103
4558609924,2016-04-14,19,83.1,68,103
4558609924,2016-04-14,20,84.6,66,102
4558609924,2016-04-14,21,70.5,57,99
4558609924,2016-04-14,22,64.6,56,95
4558609924,2016-04-15,1,60.0,60,60
4558609924,2016-04-15,8,80.2,72,89
4558609924,2016-04-15,9,82.5,72,97
4558609924,2016-04-15,10,84.5,63,98
4558609924,2016-04-15,11,85.4,73,115
4558609924,2016-04-15,12,84.6,72,105
4558609924,2016-04-15,13,109.3,67,140
4558609924,2016-04-15,14,106.9,72,146
4558609924,2016-04-15,15,88.4,68,107
4558609924,2016-04-15,16,88.5,76,113
4558609924,2016-04-15,17,90.8,72,125
4558609924,2016-04-15,18,82.8,71,99
4558609924,2016-04-15,19,87.0,68,136
4558609924,2016-04-15,20,78.1,63,89
4558609924,2016-04-15,21,72.6,63,87
4558609924,2016-04-15,22,70.9,59,94
4558609924,2016-04-15,23,71.5,58,88
4558609924,2016-04-16,0,69.9,55,98
4558609924,2016-04-16,1,65.0,55,78
4558609924,2016-04-16,2,64.2,58,76
4558609924,2016-04-16,9,79.3,60,89
4558609924,2016-04-16,10,79.8,66,93
4558609924,2016-04-16,11,74.1,63,86
4558609924,2016-04-16,12,76.4,58,125
4558609924,2016-04-16,13,78.8,62,94
4558609924,2016-04-16,14,83.0,65,103
4558609924,2016-04-16,15,78.8,63,97
4558609924,2016-04-16,16,78.6,64,95
4558609924,2016-04-16,17,76.7,62,95
4558609924,2016-04-16,18,75.1,66,87
4558609924,2016-04-16,19,90.3,67,135
4558609924,2016-04-16,20,74.0,57,98
4558609924,2016-04-16,21,67.4,56,89
4558609924,2016-04-16,22,71.4,58,93
4558609924,2016-04-16,23,76.3,65,104
4558609924,2016-04-17,0,83.7,70,93
4558609924,2016-04-17,9,83.9,72,102
4558609924,2016-04-17,10,80.0,62,97
4558609924,2016-04-17,11,85.7,68,129
4558609924,2016-04-17,12,93.4,67,136
4558609924,2016-04-17,13,80.0,68,105
4558609924,2016-04-17,14,87.0,68,112
4558609924,2016-04-17,15,89.3,73,100
4558609924,2016-04-17,16,84.7,70,115
4558609924,2016-04-17,17,90.2,72,109
4558609924,2016-04-17,18,76.1,63,85
4558609924,2016-04-17,19,82.8,68,96
4558609924,2016-04-17,20,80.3,69,114
4558609924,2016-04-17,21,81.4,68,103
4558609924,2016-04-17,22,74.4,61,98
4558609924,2016-04-17,23,64.4,57,83
4558609924,2016-04-18,7,80.2,61,141
4558609924,2016-04-18,8,85.2,68,115
4558609924,2016-04-18,9,81.3,69,98
4558609924,2016-04-18,10,77.9,65,95
4558609924,2016-04-18,11,79.6,71,95
4558609924,2016-04-18,12,76.7,64,91
4558609924,2016-04-18,13,80.3,63,96
4558609924,2016-04-18,14,73.1,59,94
4558609924,2016-04-18,15,71.7,55,99
4558609924,2016-04-18,16,91.7,62,114
4558609924,2016-04-18,17,88.6,72,112
4558609924,2016-04-18,18,88.0,76,104
4558609924,2016-04-18,19,87.1,73,108
4558609924,2016-04-18,20,81.9,64,104
4558609924,2016-04-18,21,69.3,56,90
4558609924,2016-04-18,22,63.9,56,75
4558609924,2016-04-19,10,99.0,99,99
4558609924,2016-04-19,12,94.2,93,96
4558609924,2016-04-19,13,83.5,70,100
4558609924,2016-04-19,14,86.4,75,103
4558609924,2016-04-19,15,79.7,63,96
4558609924,2016-04-19,16,85.6,66,132
4558609924,2016-04-19,17,88.2,70,125
4558609924,2016-04-19,18,85.7,74,99
4558609924,2016-04-19,19,84.0,67,102
4558609924,2016-04-19,20,83.5,69,129
4558609924,2016-04-19,21,75.6,62,101
4558609924,2016-04-19,22,84.2,68,110
4558609924,2016-04-19,23,75.8,61,89
4558609924,2016-04-20,0,73.4,62,83
4558609924,2016-04-20,10,82.3,68,93
4558609924,2016-04-20,11,77.4,61,92
4558609924,2016-04-20,12,80.0,67,100
4558609924,2016-04-20,13,77.3,60,105
4558609924,2016-04-20,14,75.0,58,100
4558609924,2016-04-20,15,76.1,63,110
4558609924,2016-04-20,16,86.9,73,108
4558609924,2016-04-20,17,82.8,70,101
4558609924,2016-04-20,18,85.0,69,108
4558609924,2016-04-20,19,80.8,68,97
4558609924,2016-04-20,20,78.5,64,95
4558609924,2016-04-20,21,67.8,57,84
4558609924,2016-04-20,22,69.7,60,89
4558609924,2016-04-20,23,68.8,59,90
4558609924,2016-04-21,0,68.1,57,117
4558609924,2016-04-21,1,66.3,56,80
4558609924,2016-04-21,2,66.8,56,75
4558609924,2016-04-21,7,81.3,70,108
4558609924,2016-04-21,8,90.0,75,110
4558609924,2016-04-21,9,96.8,76,117
4558609924,2016-04-21,10,102.6,64,121
4558609924,2016-04-21,11,98.6,78,120
4558609924,2016-04-21,12,98.0,80,119
4558609924,2016-04-21,13,92.1,70,114
4558609924,2016-04-21,14,90.1,74,115
4558609924,2016-04-21,15,87.9,78,109
4558609924,2016-04-21,16,88.3,71,107
4558609924,2016-04-21,17,86.2,67,104
4558609924,2016-04-21,18,90.4,68,114
4558609924,2016-04-21,19,81.9,61,106
4558609924,2016-04-21,20,81.9,65,103
4558609924,2016-04-21,21,73.6,61,91
4558609924,2016-04-21,22,70.9,56,91
4558609924,2016-04-21,23,65.5,54,91
4558609924,2016-04-22,0,63.8,57,84
4558609924,2016-04-22,1,77.0,65,140
4558609924,2016-04-22,9,81.2,70,97
4558609924,2016-04-22,10,83.7,68,100
4558609924,2016-04-22,11,79.9,63,103
4558609924,2016-04-22,12,75.1,61,95
4558609924,2016-04-22,13,75.2,60,100
4558609924,2016-04-22,14,83.3,65,101
4558609924,2016-04-22,15,95.4,78,114
4558609924,2016-04-22,16,83.9,63,101
4558609924,2016-04-22,17,82.8,62,101
4558609924,2016-04-22,18,102.2,86,116
4558609924,2016-04-22,19,84.3,70,99
4558609924,2016-04-22,20,86.3,59,103
4558609924,2016-04-22,21,75.6,63,94
4558609924,2016-04-22,22,78.7,64,99
4558609924,2016-04-22,23,73.6,63,95
4558609924,2016-04-23,0,83.7,72,126
4558609924,2016-04-23,1,74.8,63,91
4558609924,2016-04-23,3,75.0,75,75
4558609924,2016-04-23,7,70.0,70,70
4558609924,2016-04-23,9,88.2,67,111
4558609924,2016-04-23,10,88.4,73,110
4558609924,2016-04-23,11,86.4,70,115
4558609924,2016-04-23,12,83.9,63,112
4558609924,2016-04-23,13,80.1,68,95
4558609924,2016-04-23,14,89.7,63,133
4558609924,2016-04-23,15,91.8,73,118
4558609924,2016-04-23,16,96.5,76,120
4558609924,2016-04-23,17,95.1,77,112
4558609924,2016-04-23,18,87.8,73,100
4558609924,2016-04-23,19,86.4,69,99
4558609924,2016-04-23,20,80.8,66,102
4558609924,2016-04-23,21,82.5,62,113
4558609924,2016-04-23,22,70.9,62,93
4558609924,2016-04-23,23,75.6,60,93
4558609924,2016-04-24,8,85.7,61,120
4558609924,2016-04-24,9,81.2,65,95
4558609924,2016-04-24,10,85.7,63,103
4558609924,2016-04-24,11,87.7,70,105
4558609924,2016-04-24,12,83.5,69,103
4558609924,2016-04-24,13,80.5,65,103
4558609924,2016-04-24,14,94.0,76,121
4558609924,2016-04-24,15,95.5,79,119
4558609924,2016-04-24,16,89.1,79,113
4558609924,2016-04-24,17,82.6,64,97
4558609924,2016-04-24,18,78.7,65,97
4558609924,2016-04-24,19,78.1,63,108
4558609924,2016-04-24,20,79.8,65,92
4558609924,2016-04-24,21,81.5,62,108
4558609924,2016-04-24,22,82.0,67,97
4558609924,2016-04-24,23,74.8,58,95
4558609924,2016-04-25,0,65.5,56,84
4558609924,2016-04-25,1,62.6,55,86
4558609924,2016-04-25,9,87.0,75,121
4558609924,2016-04-25,10,88.0,74,101
4558609924,2016-04-25,11,80.8,59,103
4558609924,2016-04-25,12,73.9,58,98
4558609924,2016-04-25,13,77.4,61,114
4558609924,2016-04-25,14,75.3,63,88
4558609924,2016-04-25,15,79.9,64,104
4558609924,2016-04-25,16,108.2,66,163
4558609924,2016-04-25,17,96.6,80,119
4558609924,2016-04-25,18,89.7,74,110
4558609924,2016-04-25,19,91.7,77,106
4558609924,2016-04-25,20,85.1,72,108
4558609924,2016-04-25,21,83.2,70,101
4558609924,2016-04-25,22,74.3,63,95
4558609924,2016-04-25,23,66.7,59,82
4558609924,2016-04-26,0,66.7,59,84
4558609924,2016-04-26,2,64.0,64,64
4558609924,2016-04-26,8,82.8,72,99
4558609924,2016-04-26,9,85.7,74,102
4558609924,2016-04-26,10,88.8,70,104
4558609924,2016-04-26,11,85.7,71,102
4558609924,2016-04-26,12,81.9,62,97
4558609924,2016-04-26,13,79.8,69,92
4558609924,2016-04-26,14,78.6,67,96
4558609924,2016-04-26,15,110.9,70,148
4558609924,2016-04-26,16,103.1,70,129
4558609924,2016-04-26,17,101.4,85,121
4558609924,2016-04-26,18,93.9,77,117
4558609924,2016-04-26,19,90.8,82,104
4558609924,2016-04-26,20,99.1,81,123
4558609924,2016-04-26,21,87.5,70,110
4558609924,2016-04-26,22,73.2,64,93
4558609924,2016-04-26,23,74.7,61,110
4558609924,2016-04-27,0,80.0,67,90
4558609924,2016-04-27,9,87.4,66,122
4558609924,2016-04-27,10,85.6,76,103
4558609924,2016-04-27,11,79.6,65,101
4558609924,2016-04-27,12,80.4,65,101
4558609924,2016-04-27,13,76.8,62,91
4558609924,2016-04-27,14,71.1,61,86
4558609924,2016-04-27,15,81.8,63,101
4558609924,2016-04-27,16,89.0,81,103
4558609924,2016-04-27,17,84.6,70,97
4558609924,2016-04-27,18,97.5,67,118
4558609924,2016-04-27,19,89.4,68,106
4558609924,2016-04-27,20,81.9,62,104
4558609924,2016-04-27,21,76.3,60,94
4558609924,2016-04-27,22,74.2,60,101
4558609924,2016-04-27,23,70.0,70,70
4558609924,2016-04-28,6,92.9,70,102
4558609924,2016-04-28,7,84.5,68,101
4558609924,2016-04-28,8,89.5,70,111
4558609924,2016-04-28,9,89.0,69,112
4558609924,2016-04-28,10,83.5,65,112
4558609924,2016-04-28,11,76.3,60,106
4558609924,2016-04-28,12,73.6,60,99
4558609924,2016-04-28,13,83.9,66,106
4558609924,2016-04-28,14,87.6,73,105
4558609924,2016-04-28,15,92.2,73,111
4558609924,2016-04-28,16,94.7,72,121
4558609924,2016-04-28,17,104.2,75,133
4558609924,2016-04-28,18,83.6,63,101
4558609924,2016-04-28,19,82.2,70,111
4558609924,2016-04-28,20,80.7,67,106
4558609924,2016-04-28,21,78.1,59,119
4558609924,2016-04-28,22,71.1,59,93
4558609924,2016-04-28,23,71.9,59,86
4558609924,2016-04-29,0,67.4,59,80
4558609924,2016-04-29,1,63.2,55,87
4558609924,2016-04-29,9,74.7,65,99
4558609924,2016-04-29,10,82.2,60,107
4558609924,2016-04-29,11,79.9,67,91
4558609924,2016-04-29,12,80.7,65,112
4558609924,2016-04-29,13,83.1,66,117
4558609924,2016-04-29,14,72.1,61,89
4558609924,2016-04-29,15,104.4,78,139
4558609924,2016-04-29,16,95.7,67,137
4558609924,2016-04-29,17,72.5,58,89
4558609924,2016-04-29,18,74.3,62,109
4558609924,2016-04-29,19,75.7,60,108
4558609924,2016-04-29,20,72.9,58,125
4558609924,2016-04-29,21,76.6,56,94
4558609924,2016-04-29,22,62.2,54,81
4558609924,2016-04-29,23,66.5,53,119
4558609924,2016-04-30,0,63.8,54,75
4558609924,2016-04-30,1,70.0,59,91
4558609924,2016-04-30,6,79.0,57,106
4558609924,2016-04-30,7,75.8,61,97
4558609924,2016-04-30,8,73.1,63,92
4558609924,2016-04-30,9,78.5,64,93
4558609924,2016-04-30,10,76.6,55,96
4558609924,2016-04-30,11,76.3,63,91
4558609924,2016-04-30,12,82.6,68,99
4558609924,2016-04-30,13,78.5,60,107
4558609924,2016-04-30,14,91.7,78,121
4558609924,2016-04-30,15,83.5,66,108
4558609924,2016-04-30,16,73.6,56,93
4558609924,2016-04-30,17,82.6,68,110
4558609924,2016-04-30,18,99.0,74,134
4558609924,2016-04-30,19,77.5,58,108
4558609924,2016-04-30,20,72.3,61,89
4558609924,2016-04-30,21,75.0,57,124
4558609924,2016-04-30,22,64.6,53,111
4558609924,2016-04-30,23,64.7,58,95
4558609924,2016-05-01,9,84.0,71,97
4558609924,2016-05-01,10,75.0,58,99
4558609924,2016-05-01,11,66.4,56,87
4558609924,2016-05-01,12,70.8,55,91
4558609924,2016-05-01,13,79.8,63,98
4558609924,2016-05-01,14,75.3,63,97
4558609924,2016-05-01,15,71.2,57,100
4558609924,2016-05-01,16,64.1,56,81
4558609924,2016-05-01,17,71.3,55,104
4558609924,2016-05-01,18,67.3,53,127
4558609924,2016-05-01,19,72.2,54,88
4558609924,2016-05-01,20,66.1,54,86
4558609924,2016-05-01,21,63.6,55,115
4558609924,2016-05-01,22,66.6,58,89
4558609924,2016-05-01,23,70.0,70,70
4558609924,2016-05-02,0,70.0,70,70
4558609924,2016-05-02,1,69.0,69,69
4558609924,2016-05-02,2,69.5,69,70
4558609924,2016-05-02,8,88.1,73,104
4558609924,2016-05-02,9,77.1,61,108
4558609924,2016-05-02,10,83.3,62,99
4558609924,2016-05-02,11,83.2,67,108
4558609924,2016-05-02,12,78.7,65,96
4558609924,2016-05-02,13,72.9,62,90
4558609924,2016-05-02,14,80.6,63,96
4558609924,2016-05-02,15,78.5,64,94
4558609924,2016-05-02,16,80.1,62,101
4558609924,2016-05-02,17,85.1,72,99
4558609924,2016-05-02,18,81.4,66,98
4558609924,2016-05-02,19,78.4,67,97
4558609924,2016-05-02,20,80.6,69,97
4558609924,2016-05-02,21,80.2,61,101
4558609924,2016-05-02,22,65.0,55,85
4558609924,2016-05-02,23,62.0,55,80
4558609924,2016-05-03,0,57.9,52,81
4558609924,2016-05-03,1,60.8,53,122
4558609924,2016-05-03,2,70.0,70,70
4558609924,2016-05-03,9,81.0,68,111
4558609924,2016-05-03,10,75.8,55,96
4558609924,2016-05-03,11,79.8,67,108
4558609924,2016-05-03,12,82.7,72,95
4558609924,2016-05-03,13,75.1,67,89
4558609924,2016-05-03,14,76.7,64,88
4558609924,2016-05-03,15,72.7,57,90
4558609924,2016-05-03,16,80.7,57,114
4558609924,2016-05-03,17,79.9,62,108
4558609924,2016-05-03,18,114.0,73,148
4558609924,2016-05-03,19,73.4,60,93
4558609924,2016-05-03,20,63.5,54,85
4558609924,2016-05-03,21,78.0,56,97
4558609924,2016-05-03,22,72.9,55,91
4558609924,2016-05-03,23,58.1,52,85
4558609924,2016-05-04,5,68.4,63,70
4558609924,2016-05-04,10,80.4,67,95
4558609924,2016-05-04,11,80.4,71,93
4558609924,2016-05-04,12,77.8,56,107
4558609924,2016-05-04,13,69.1,54,89
4558609924,2016-05-04,14,69.3,58,93
4558609924,2016-05-04,15,74.6,60,105
4558609924,2016-05-04,16,78.0,60,110
4558609924,2016-05-04,17,86.8,67,109
4558609924,2016-05-04,18,83.1,70,103
4558609924,2016-05-04,19,80.9,67,127
4558609924,2016-05-04,20,75.0,63,93
4558609924,2016-05-04,21,76.3,60,99
4558609924,2016-05-04,22,70.5,58,87
4558609924,2016-05-04,23,71.9,57,95
4558609924,2016-05-05,7,95.3,74,111
4558609924,2016-05-05,8,87.5,63,113
4558609924,2016-05-05,9,94.9,73,112
4558609924,2016-05-05,10,78.9,60,102
4558609924,2016-05-05,11,89.9,65,112
4558609924,2016-05-05,12,94.7,72,122
4558609924,2016-05-05,13,81.3,66,106
4558609924,2016-05-05,14,82.9,68,99
4558609924,2016-05-05,15,83.4,71,106
4558609924,2016-05-05,16,87.2,69,112
4558609924,2016-05-05,17,85.8,70,99
4558609924,2016-05-05,18,78.7,69,107
4558609924,2016-05-05,19,77.9,66,95
4558609924,2016-05-05,20,79.4,65,130
4558609924,2016-05-05,21,70.9,54,91
4558609924,2016-05-05,22,64.3,54,88
4558609924,2016-05-05,23,56.2,48,80
4558609924,2016-05-06,0,57.0,51,86
4558609924,2016-05-06,9,83.0,68,102
4558609924,2016-05-06,10,78.5,63,99
4558609924,2016-05-06,11,74.0,61,96
4558609924,2016-05-06,12,76.3,59,91
4558609924,2016-05-06,13,75.1,58,103
4558609924,2016-05-06,14,76.8,67,93
4558609924,2016-05-06,15,78.6,64,99
4558609924,2016-05-06,16,75.9,58,96
4558609924,2016-05-06,17,69.2,55,87
4558609924,2016-05-06,18,61.5,54,79
4558609924,2016-05-06,19,62.1,54,93
4558609924,2016-05-06,20,61.2,51,96
4558609924,2016-05-06,21,75.1,56,110
4558609924,2016-05-06,22,63.3,54,85
4558609924,2016-05-06,23,62.7,56,73
4558609924,2016-05-07,2,70.0,70,70
4558609924,2016-05-07,8,105.8,99,107
4558609924,2016-05-07,9,75.7,58,95
4558609924,2016-05-07,10,79.0,66,110
4558609924,2016-05-07,11,77.6,57,94
4558609924,2016-05-07,12,66.6,54,80
4558609924,2016-05-07,13,64.8,57,81
4558609924,2016-05-07,14,76.9,60,107
4558609924,2016-05-07,15,81.8,68,98
4558609924,2016-05-07,16,95.0,73,116
4558609924,2016-05-07,17,75.8,62,109
4558609924,2016-05-07,18,75.8,62,96
4558609924,2016-05-07,19,76.9,64,99
4558609924,2016-05-07,20,82.1,65,107
4558609924,2016-05-07,21,70.2,61,84
4558609924,2016-05-07,22,71.3,56,101
4558609924,2016-05-07,23,60.8,54,76
4558609924,2016-05-08,0,65.4,52,81
4558609924,2016-05-08,1,62.9,45,86
4558609924,2016-05-08,2,111.0,111,111
4558609924,2016-05-08,3,81.2,70,99
4558609924,2016-05-08,4,96.0,96,96
4558609924,2016-05-08,10,59.8,54,70
4558609924,2016-05-08,11,59.6,52,82
4558609924,2016-05-08,12,55.0,55,55
4558609924,2016-05-08,13,150.2,83,199
4558609924,2016-05-08,14,109.0,69,158
4558609924,2016-05-08,15,93.4,67,134
4558609924,2016-05-08,16,104.9,70,139
4558609924,2016-05-08,17,102.3,85,137
4558609924,2016-05-08,18,98.0,74,118
4558609924,2016-05-08,19,97.5,79,119
4558609924,2016-05-08,20,116.6,82,151
4558609924,2016-05-08,21,112.6,98,128
4558609924,2016-05-09,7,78.1,60,102
4558609924,2016-05-09,8,84.7,60,100
4558609924,2016-05-09,9,86.6,70,108
4558609924,2016-05-09,10,83.1,70,100
4558609924,2016-05-09,11,87.4,66,109
4558609924,2016-05-09,12,81.8,71,107
4558609924,2016-05-09,13,91.9,67,110
4558609924,2016-05-09,14,86.4,73,106
4558609924,2016-05-09,15,81.1,70,105
4558609924,2016-05-09,16,79.6,66,100
4558609924,2016-05-09,17,75.6,61,96
4558609924,2016-05-09,18,69.9,61,86
4558609924,2016-05-09,19,73.4,60,99
4558609924,2016-05-09,20,70.8,62,90
4558609924,2016-05-09,21,77.3,58,99
4558609924,2016-05-09,22,70.2,54,92
4558609924,2016-05-09,23,62.6,55,87
4558609924,2016-05-10,0,65.0,55,84
4558609924,2016-05-10,1,71.0,57,122
4558609924,2016-05-10,8,73.0,73,73
4558609924,2016-05-10,10,71.0,65,81
4558609924,2016-05-10,11,70.3,55,85
4558609924,2016-05-10,12,70.2,56,83
4558609924,2016-05-10,13,59.3,52,79
4558609924,2016-05-10,14,64.8,50,87
4558609924,2016-05-10,15,69.2,59,106
4558609924,2016-05-10,16,74.2,54,111
4558609924,2016-05-10,17,85.7,68,120
4558609924,2016-05-10,18,83.5,64,98
4558609924,2016-05-10,19,97.1,69,147
4558609924,2016-05-10,20,69.2,57,86
4558609924,2016-05-10,21,69.5,56,91
4558609924,2016-05-10,22,74.8,58,104
4558609924,2016-05-10,23,62.3,54,83
4558609924,2016-05-11,0,61.9,44,102
4558609924,2016-05-11,1,67.9,51,133
4558609924,2016-05-11,8,72.9,65,110
4558609924,2016-05-11,9,72.3,61,84
4558609924,2016-05-11,10,75.1,62,88
4558609924,2016-05-11,11,68.4,55,86
4558609924,2016-05-11,12,64.9,54,83
4558609924,2016-05-11,13,65.4,56,91
4558609924,2016-05-11,14,90.2,65,138
4558609924,2016-05-11,15,85.4,70,112
4558609924,2016-05-11,16,83.4,73,98
4558609924,2016-05-11,17,80.0,65,117
4558609924,2016-05-11,18,79.2,61,99
4558609924,2016-05-11,19,80.3,60,109
4558609924,2016-05-11,20,71.3,58,89
4558609924,2016-05-11,21,76.7,61,87
4558609924,2016-05-11,22,67.9,55,85
4558609924,2016-05-11,23,73.2,68,80
4558609924,2016-05-12,1,74.0,74,74
4558609924,2016-05-12,7,67.5,54,99
4558609924,2016-05-12,8,74.3,56,86
4558609924,2016-05-12,9,87.0,68,117
4558609924,2016-05-12,10,78.5,67,99
4558609924,2016-05-12,11,78.8,65,100
4558609924,2016-05-12,12,80.1,67,101
4558609924,2016-05-12,13,83.8,68,113
4558609924,2016-05-12,14,83.2,69,107
4558609924,2016-05-12,15,76.0,61,93
4558609924,2016-05-12,16,75.1,63,85
5553957443,2016-04-12,0,57.6,54,70
5553957443,2016-04-12,1,58.5,54,67
5553957443,2016-04-12,2,60.0,55,70
5553957443,2016-04-12,3,58.4,53,66
5553957443,2016-04-12,4,57.4,51,70
5553957443,2016-04-12,5,56.9,53,78
5553957443,2016-04-12,6,68.1,57,94
5553957443,2016-04-12,7,74.1,59,104
5553957443,2016-04-12,8,69.1,55,100
5553957443,2016-04-12,9,64.4,57,83
5553957443,2016-04-12,10,60.1,54,78
5553957443,2016-04-12,11,59.8,55,78
5553957443,2016-04-12,12,63.4,54,80
5553957443,2016-04-12,13,65.5,56,91
5553957443,2016-04-12,14,61.2,58,67
5553957443,2016-04-12,15,60.7,55,73
5553957443,2016-04-12,16,73.2,56,101
5553957443,2016-04-12,17,71.5,56,106
5553957443,2016-04-12,18,65.7,57,75
5553957443,2016-04-12,19,65.9,56,86
5553957443,2016-04-12,20,65.1,55,76
5553957443,2016-04-12,21,64.5,55,82
5553957443,2016-04-12,22,64.9,55,96
5553957443,2016-04-12,23,65.4,50,96
5553957443,2016-04-13,0,52.5,47,81
5553957443,2016-04-13,1,53.3,48,62
5553957443,2016-04-13,2,56.0,52,70
5553957443,2016-04-13,3,58.7,53,74
5553957443,2016-04-13,4,58.8,53,74
5553957443,2016-04-13,5,57.7,50,77
5553957443,2016-04-13,6,55.6,48,70
5553957443,2016-04-13,7,54.3,49,67
5553957443,2016-04-13,8,60.2,49,79
5553957443,2016-04-13,9,65.5,59,84
5553957443,2016-04-13,10,69.0,61,82
5553957443,2016-04-13,11,63.7,57,75
5553957443,2016-04-13,12,62.3,50,77
5553957443,2016-04-13,13,62.9,56,75
5553957443,2016-04-13,14,62.8,58,69
5553957443,2016-04-13,15,68.4,60,95
5553957443,2016-04-13,16,63.6,55,85
5553957443,2016-04-13,17,63.6,56,89
5553957443,2016-04-13,18,61.4,57,74
5553957443,2016-04-13,19,64.6,56,82
5553957443,2016-04-13,20,64.3,51,80
5553957443,2016-04-13,21,65.2,54,86
5553957443,2016-04-13,22,61.3,52,82
5553957443,2016-04-13,23,57.6,52,75
5553957443,2016-04-14,0,61.0,55,72
5553957443,2016-04-14,1,60.6,54,75
5553957443,2016-04-14,2,57.9,53,69
5553957443,2016-04-14,3,62.1,55,78
5553957443,2016-04-14,4,59.1,55,68
5553957443,2016-04-14,5,63.5,53,87
5553957443,2016-04-14,6,74.6,60,95
5553957443,2016-04-14,7,76.5,55,103
5553957443,2016-04-14,8,60.1,54,68
5553957443,2016-04-14,9,61.5,56,70
5553957443,2016-04-14,10,60.8,55,80
5553957443,2016-04-14,11,62.2,56,68
5553957443,2016-04-14,12,63.6,56,78
5553957443,2016-04-14,13,68.8,59,101
5553957443,2016-04-14,14,107.4,72,133
5553957443,2016-04-14,15,69.5,58,86
5553957443,2016-04-14,16,75.3,59,98
5553957443,2016-04-14,17,89.6,67,106
5553957443,2016-04-14,18,65.3,55,87
5553957443,2016-04-14,19,65.7,57,78
5553957443,2016-04-14,20,67.9,58,98
5553957443,2016-04-14,21,75.5,55,114
5553957443,2016-04-14,22,61.9,56,73
5553957443,2016-04-14,23,55.1,51,67
5553957443,2016-04-15,0,57.1,52,71
5553957443,2016-04-15,1,56.8,53,67
5553957443,2016-04-15,2,57.1,50,63
5553957443,2016-04-15,3,58.0,51,70
5553957443,2016-04-15,4,58.8,54,66
5553957443,2016-04-15,5,58.8,53,75
5553957443,2016-04-15,6,71.9,55,100
5553957443,2016-04-15,7,74.1,58,109
5553957443,2016-04-15,8,60.3,56,76
5553957443,2016-04-15,9,59.0,52,77
5553957443,2016-04-15,10,73.6,54,97
5553957443,2016-04-15,11,72.4,55,99
5553957443,2016-04-15,12,66.3,51,108
5553957443,2016-04-15,13,62.0,54,71
5553957443,2016-04-15,14,102.2,56,123
5553957443,2016-04-15,15,64.1,55,102
5553957443,2016-04-15,16,75.8,57,99
5553957443,2016-04-15,17,66.7,55,95
5553957443,2016-04-15,18,65.5,54,99
5553957443,2016-04-15,19,68.4,60,91
5553957443,2016-04-15,20,61.5,56,67
5553957443,2016-04-15,21,66.8,58,81
5553957443,2016-04-15,22,65.9,57,86
5553957443,2016-04-15,23,57.9,53,68
5553957443,2016-04-16,0,65.3,59,78
5553957443,2016-04-16,1,63.5,58,75
5553957443,2016-04-16,2,60.6,56,80
5553957443,2016-04-16,3,61.8,55,80
5553957443,2016-04-16,4,58.4,52,77
5553957443,2016-04-16,5,58.7,55,80
5553957443,2016-04-16,6,58.6,54,80
5553957443,2016-04-16,7,60.0,54,74
5553957443,2016-04-16,8,60.0,54,75
5553957443,2016-04-16,9,62.2,55,82
5553957443,2016-04-16,10,71.9,58,90
5553957443,2016-04-16,11,69.1,61,82
5553957443,2016-04-16,12,72.7,61,90
5553957443,2016-04-16,13,74.1,59,116
5553957443,2016-04-16,14,68.3,56,83
5553957443,2016-04-16,15,70.7,59,83
5553957443,2016-04-16,16,70.2,55,89
5553957443,2016-04-16,17,69.9,56,86
5553957443,2016-04-16,18,68.2,58,92
5553957443,2016-04-16,19,67.2,56,87
5553957443,2016-04-16,20,68.9,56,93
5553957443,2016-04-16,21,67.3,57,85
5553957443,2016-04-16,22,64.1,50,78
5553957443,2016-04-16,23,62.2,54,75
5553957443,2016-04-17,0,57.9,52,64
5553957443,2016-04-17,1,60.7,54,77
5553957443,2016-04-17,2,53.9,49,64
5553957443,2016-04-17,3,57.6,52,70
5553957443,2016-04-17,4,66.6,61,68
5553957443,2016-04-17,5,67.4,66,79
5553957443,2016-04-17,6,61.3,61,66
5553957443,2016-04-17,7,62.1,60,64
5553957443,2016-04-17,22,62.1,56,84
5553957443,2016-04-17,23,59.2,55,74
5553957443,2016-04-18,0,63.9,57,80
5553957443,2016-04-18,1,60.4,55,69
5553957443,2016-04-18,2,62.1,56,72
5553957443,2016-04-18,3,61.7,56,66
5553957443,2016-04-18,4,59.9,53,68
5553957443,2016-04-18,5,56.9,53,72
5553957443,2016-04-18,6,62.1,54,84
5553957443,2016-04-18,7,63.9,57,74
5553957443,2016-04-18,8,68.0,64,78
5553957443,2016-04-18,9,69.1,63,82
5553957443,2016-04-18,10,68.7,60,87
5553957443,2016-04-18,11,70.1,61,87
5553957443,2016-04-18,12,68.8,59,82
5553957443,2016-04-18,13,62.8,58,78
5553957443,2016-04-18,14,64.1,54,86
5553957443,2016-04-18,15,71.0,60,82
5553957443,2016-04-18,16,67.7,60,82
5553957443,2016-04-18,17,74.8,64,91
5553957443,2016-04-18,18,67.7,57,82
5553957443,2016-04-18,19,60.2,56,71
5553957443,2016-04-18,20,71.8,60,85
5553957443,2016-04-18,21,67.1,54,85
5553957443,2016-04-18,22,56.5,53,78
5553957443,2016-04-18,23,61.1,55,75
5553957443,2016-04-19,0,59.1,54,73
5553957443,2016-04-19,1,57.1,53,73
5553957443,2016-04-19,2,59.2,53,81
5553957443,2016-04-19,3,60.0,56,75
5553957443,2016-04-19,4,60.7,56,77
5553957443,2016-04-19,5,61.3,57,82
5553957443,2016-04-19,6,71.2,58,108
5553957443,2016-04-19,7,73.3,59,98
5553957443,2016-04-19,8,69.7,55,109
5553957443,2016-04-19,9,64.4,53,82
5553957443,2016-04-19,10,64.0,55,73
5553957443,2016-04-19,11,65.2,57,73
5553957443,2016-04-19,12,78.3,60,103
5553957443,2016-04-19,13,76.3,63,97
5553957443,2016-04-19,14,64.7,56,73
5553957443,2016-04-19,15,109.4,57,128
5553957443,2016-04-19,16,84.5,67,120
5553957443,2016-04-19,17,80.0,49,113
5553957443,2016-04-19,18,77.4,68,98
5553957443,2016-04-19,19,72.3,60,91
5553957443,2016-04-19,20,68.7,59,79
5553957443,2016-04-19,21,70.5,57,86
5553957443,2016-04-19,22,62.0,54,74
5553957443,2016-04-19,23,54.8,50,61
5553957443,2016-04-20,0,59.0,56,78
5553957443,2016-04-20,1,59.1,54,71
5553957443,2016-04-20,2,59.4,54,71
5553957443,2016-04-20,3,60.2,54,74
5553957443,2016-04-20,4,56.8,53,71
5553957443,2016-04-20,5,57.0,53,74
5553957443,2016-04-20,6,57.6,51,81
5553957443,2016-04-20,7,58.6,54,69
5553957443,2016-04-20,8,58.4,54,68
5553957443,2016-04-20,9,54.0,48,72
5553957443,2016-04-20,10,57.8,50,82
5553957443,2016-04-20,11,61.8,53,73
5553957443,2016-04-20,12,65.4,56,84
5553957443,2016-04-20,13,64.9,55,84
5553957443,2016-04-20,14,62.3,51,78
5553957443,2016-04-20,15,60.3,55,68
5553957443,2016-04-20,16,61.0,54,76
5553957443,2016-04-20,17,62.1,53,77
5553957443,2016-04-20,18,62.8,56,76
5553957443,2016-04-20,19,60.9,52,83
5553957443,2016-04-20,20,62.6,51,77
5553957443,2016-04-20,21,60.4,52,81
5553957443,2016-04-20,22,61.0,50,81
5553957443,2016-04-20,23,51.9,48,65
5553957443,2016-04-21,0,55.8,51,67
5553957443,2016-04-21,1,53.9,49,58
5553957443,2016-04-21,2,56.4,49,85
5553957443,2016-04-21,3,52.8,49,59
5553957443,2016-04-21,4,60.9,55,70
5553957443,2016-04-21,5,59.8,54,74
5553957443,2016-04-21,6,69.7,56,80
5553957443,2016-04-21,7,69.6,57,90
5553957443,2016-04-21,8,73.5,56,99
5553957443,2016-04-21,9,65.6,60,82
5553957443,2016-04-21,10,64.7,54,72
5553957443,2016-04-21,11,64.1,56,84
5553957443,2016-04-21,12,66.2,56,83
5553957443,2016-04-21,13,62.8,54,82
5553957443,2016-04-21,14,62.5,57,71
5553957443,2016-04-21,15,61.2,56,70
5553957443,2016-04-21,16,59.0,52,66
5553957443,2016-04-21,17,107.4,58,127
5553957443,2016-04-21,18,82.8,66,100
5553957443,2016-04-21,19,72.1,60,98
5553957443,2016-04-21,20,68.8,61,75
5553957443,2016-04-21,21,76.3,61,104
5553957443,2016-04-21,22,68.2,62,77
5553957443,2016-04-21,23,68.5,54,91
5553957443,2016-04-22,0,56.7,52,72
5553957443,2016-04-22,1,58.9,54,74
5553957443,2016-04-22,2,57.8,52,75
5553957443,2016-04-22,3,56.2,52,66
5553957443,2016-04-22,4,58.7,54,69
5553957443,2016-04-22,5,60.4,53,81
5553957443,2016-04-22,6,73.6,61,92
5553957443,2016-04-22,7,79.8,60,105
5553957443,2016-04-22,8,67.2,54,82
5553957443,2016-04-22,9,62.0,53,80
5553957443,2016-04-22,10,60.8,55,76
5553957443,2016-04-22,11,60.6,53,78
5553957443,2016-04-22,12,65.8,56,86
5553957443,2016-04-22,13,63.5,53,81
5553957443,2016-04-22,14,64.2,51,91
5553957443,2016-04-22,15,88.7,55,121
5553957443,2016-04-22,16,97.1,65,128
5553957443,2016-04-22,17,69.6,58,88
5553957443,2016-04-22,18,71.1,58,112
5553957443,2016-04-22,19,74.7,57,105
5553957443,2016-04-22,20,65.3,56,84
5553957443,2016-04-22,21,66.9,55,92
5553957443,2016-04-22,22,60.7,55,68
5553957443,2016-04-22,23,64.7,58,81
5553957443,2016-04-23,0,64.7,57,79
5553957443,2016-04-23,1,69.6,60,79
5553957443,2016-04-23,2,66.1,63,71
5553957443,2016-04-23,3,63.6,57,77
5553957443,2016-04-23,4,60.9,55,71
5553957443,2016-04-23,5,60.8,55,78
5553957443,2016-04-23,6,60.4,55,69
5553957443,2016-04-23,7,60.2,54,78
5553957443,2016-04-23,8,61.6,53,73
5553957443,2016-04-23,9,60.5,52,73
5553957443,2016-04-23,10,61.5,56,84
5553957443,2016-04-23,11,65.9,57,79
5553957443,2016-04-23,12,71.2,64,84
5553957443,2016-04-23,13,63.5,52,78
5553957443,2016-04-23,14,61.5,53,73
5553957443,2016-04-23,15,68.3,54,87
5553957443,2016-04-23,16,72.8,64,86
5553957443,2016-04-23,17,71.7,64,92
5553957443,2016-04-23,18,75.5,66,86
5553957443,2016-04-23,19,75.0,63,89
5553957443,2016-04-23,20,73.7,60,94
5553957443,2016-04-23,21,72.1,62,91
5553957443,2016-04-23,22,67.9,56,75
5553957443,2016-04-23,23,70.5,63,85
5553957443,2016-04-24,0,63.0,54,75
5553957443,2016-04-24,1,68.1,59,79
5553957443,2016-04-24,2,65.8,59,85
5553957443,2016-04-24,3,64.3,56,75
5553957443,2016-04-24,4,62.7,53,84
5553957443,2016-04-24,5,59.9,54,71
5553957443,2016-04-24,6,58.0,50,64
5553957443,2016-04-24,7,59.2,54,75
5553957443,2016-04-24,8,59.7,54,72
5553957443,2016-04-24,9,61.3,57,85
5553957443,2016-04-24,10,65.8,56,83
5553957443,2016-04-24,11,66.8,60,83
5553957443,2016-04-24,12,66.4,58,85
5553957443,2016-04-24,13,64.7,59,77
5553957443,2016-04-24,14,64.4,56,80
5553957443,2016-04-24,15,59.2,54,64
5553957443,2016-04-24,16,66.0,54,78
5553957443,2016-04-24,17,69.7,61,92
5553957443,2016-04-24,18,64.6,56,81
5553957443,2016-04-24,19,64.0,56,73
5553957443,2016-04-24,20,67.2,58,81
5553957443,2016-04-24,21,64.8,55,82
5553957443,2016-04-24,22,59.5,56,72
5553957443,2016-04-24,23,61.9,57,70
5553957443,2016-04-25,0,59.6,56,72
5553957443,2016-04-25,1,58.1,52,81
5553957443,2016-04-25,2,59.4,55,74
5553957443,2016-04-25,3,60.5,55,78
5553957443,2016-04-25,4,58.4,54,81
5553957443,2016-04-25,5,60.9,53,75
5553957443,2016-04-25,6,73.1,63,128
5553957443,2016-04-25,7,78.0,59,107
5553957443,2016-04-25,8,64.9,54,75
5553957443,2016-04-25,9,64.9,56,73
5553957443,2016-04-25,10,62.0,52,81
5553957443,2016-04-25,11,60.9,54,77
5553957443,2016-04-25,12,61.2,55,72
5553957443,2016-04-25,13,108.3,56,132
5553957443,2016-04-25,14,84.9,60,118
5553957443,2016-04-25,15,70.8,60,98
5553957443,2016-04-25,16,65.7,58,76
5553957443,2016-04-25,17,77.7,57,107
5553957443,2016-04-25,18,77.7,62,109
5553957443,2016-04-25,19,68.1,58,91
5553957443,2016-04-25,20,64.0,58,74
5553957443,2016-04-25,21,71.4,64,83
5553957443,2016-04-25,22,66.0,61,70
5553957443,2016-04-25,23,65.6,60,80
5553957443,2016-04-26,0,65.0,59,81
5553957443,2016-04-26,1,62.4,58,75
5553957443,2016-04-26,2,61.5,57,69
5553957443,2016-04-26,3,63.4,58,74
5553957443,2016-04-26,4,60.1,55,69
5553957443,2016-04-26,5,57.7,53,71
5553957443,2016-04-26,6,72.4,55,102
5553957443,2016-04-26,7,78.7,60,102
5553957443,2016-04-26,8,62.5,57,75
5553957443,2016-04-26,9,62.2,55,95
5553957443,2016-04-26,10,61.4,54,70
5553957443,2016-04-26,11,62.4,56,76
5553957443,2016-04-26,12,104.3,56,128
5553957443,2016-04-26,13,84.5,63,126
5553957443,2016-04-26,14,66.5,54,77
5553957443,2016-04-26,17,78.3,58,101
5553957443,2016-04-26,18,72.8,63,98
5553957443,2016-04-26,19,74.1,60,93
5553957443,2016-04-26,20,69.5,60,80
5553957443,2016-04-26,21,65.9,58,81
5553957443,2016-04-26,22,73.4,56,100
5553957443,2016-04-26,23,61.5,54,87
5553957443,2016-04-27,0,59.9,53,79
5553957443,2016-04-27,1,60.8,55,73
5553957443,2016-04-27,2,59.8,55,75
5553957443,2016-04-27,3,56.6,54,68
5553957443,2016-04-27,4,58.6,53,69
5553957443,2016-04-27,5,57.1,52,68
5553957443,2016-04-27,6,72.9,58,89
5553957443,2016-04-27,7,72.7,60,101
5553957443,2016-04-27,8,65.1,58,88
5553957443,2016-04-27,9,62.9,56,78
5553957443,2016-04-27,10,63.6,58,85
5553957443,2016-04-27,11,63.4,55,89
5553957443,2016-04-27,12,65.3,56,81
5553957443,2016-04-27,13,66.8,56,89
5553957443,2016-04-27,14,62.6,56,81
5553957443,2016-04-27,15,64.7,57,85
5553957443,2016-04-27,16,59.5,49,85
5553957443,2016-04-27,17,78.9,57,104
5553957443,2016-04-27,18,73.9,60,94
5553957443,2016-04-27,19,63.5,57,72
5553957443,2016-04-27,20,70.9,62,89
5553957443,2016-04-27,21,64.6,54,80
5553957443,2016-04-27,22,58.5,54,67
5553957443,2016-04-27,23,60.3,56,75
5553957443,2016-04-28,0,56.7,51,69
5553957443,2016-04-28,1,55.7,51,81
5553957443,2016-04-28,2,56.6,52,78
5553957443,2016-04-28,3,57.0,52,71
5553957443,2016-04-28,4,59.1,53,76
5553957443,2016-04-28,5,59.1,54,77
5553957443,2016-04-28,6,71.1,57,82
5553957443,2016-04-28,7,82.8,61,130
5553957443,2016-04-28,8,68.3,56,101
5553957443,2016-04-28,9,61.7,55,75
5553957443,2016-04-28,10,63.0,55,80
5553957443,2016-04-28,11,63.4,56,79
5553957443,2016-04-28,12,62.1,56,76
5553957443,2016-04-28,13,71.4,57,121
5553957443,2016-04-28,14,113.0,68,149
5553957443,2016-04-28,15,68.6,59,76
5553957443,2016-04-28,16,76.4,55,112
5553957443,2016-04-28,17,71.0,57,101
5553957443,2016-04-28,18,64.4,57,74
5553957443,2016-04-28,19,67.8,60,89
5553957443,2016-04-28,20,65.7,59,77
5553957443,2016-04-28,21,60.2,51,79
5553957443,2016-04-28,22,56.5,52,61
5553957443,2016-04-28,23,58.2,54,72
5553957443,2016-04-29,0,56.5,53,70
5553957443,2016-04-29,1,58.3,54,70
5553957443,2016-04-29,2,59.3,52,78
5553957443,2016-04-29,3,59.8,53,76
5553957443,2016-04-29,4,58.7,52,72
5553957443,2016-04-29,5,56.9,52,73
5553957443,2016-04-29,6,72.0,55,96
5553957443,2016-04-29,7,79.0,61,110
5553957443,2016-04-29,8,65.5,55,90
5553957443,2016-04-29,9,61.4,53,68
5553957443,2016-04-29,10,64.6,53,84
5553957443,2016-04-29,11,104.4,68,124
5553957443,2016-04-29,12,73.0,57,102
5553957443,2016-04-29,13,74.3,62,110
5553957443,2016-04-29,14,67.7,57,87
5553957443,2016-04-29,15,68.6,59,86
5553957443,2016-04-29,16,87.3,57,156
5553957443,2016-04-29,17,71.4,59,95
5553957443,2016-04-29,18,70.7,60,92
5553957443,2016-04-29,19,68.6,55,81
5553957443,2016-04-29,20,67.4,55,79
5553957443,2016-04-29,21,62.3,50,76
5553957443,2016-04-29,22,62.6,50,74
5553957443,2016-04-29,23,63.1,54,84
5553957443,2016-04-30,0,63.5,57,73
5553957443,2016-04-30,1,65.6,62,78
5553957443,2016-04-30,2,65.1,61,76
5553957443,2016-04-30,3,64.8,58,79
5553957443,2016-04-30,4,66.4,60,81
5553957443,2016-04-30,5,64.6,59,77
5553957443,2016-04-30,6,62.0,57,79
5553957443,2016-04-30,7,62.3,58,75
5553957443,2016-04-30,8,61.8,55,82
5553957443,2016-04-30,9,62.5,56,83
5553957443,2016-04-30,10,64.3,58,79
5553957443,2016-04-30,11,66.5,56,86
5553957443,2016-04-30,12,71.2,56,89
5553957443,2016-04-30,13,73.1,68,82
5553957443,2016-04-30,14,71.2,66,81
5553957443,2016-04-30,15,67.2,61,78
5553957443,2016-04-30,16,66.4,59,84
5553957443,2016-04-30,17,63.7,55,78
5553957443,2016-04-30,18,68.7,62,79
5553957443,2016-04-30,19,69.6,56,81
5553957443,2016-04-30,20,67.0,60,75
5553957443,2016-04-30,21,66.3,60,80
5553957443,2016-04-30,22,64.9,57,78
5553957443,2016-04-30,23,55.3,49,80
5553957443,2016-05-01,0,53.8,49,72
5553957443,2016-05-01,1,58.6,53,68
5553957443,2016-05-01,2,59.9,56,75
5553957443,2016-05-01,3,62.6,50,76
5553957443,2016-05-01,4,64.1,58,82
5553957443,2016-05-01,5,63.7,58,80
5553957443,2016-05-01,6,64.6,57,80
5553957443,2016-05-01,7,66.3,59,88
5553957443,2016-05-01,8,63.4,57,84
5553957443,2016-05-01,9,69.0,56,85
5553957443,2016-05-01,10,74.0,63,95
5553957443,2016-05-01,11,70.9,63,83
5553957443,2016-05-01,12,72.2,54,93
5553957443,2016-05-01,13,68.9,58,87
5553957443,2016-05-01,14,69.6,59,91
5553957443,2016-05-01,15,72.5,66,105
5553957443,2016-05-01,16,69.3,62,92
5553957443,2016-05-01,17,69.5,60,88
5553957443,2016-05-01,18,70.4,62,87
5553957443,2016-05-01,19,70.5,58,91
5553957443,2016-05-01,20,69.0,62,97
5553957443,2016-05-01,21,72.8,57,116
5553957443,2016-05-01,22,57.3,52,84
5553957443,2016-05-01,23,58.5,54,72
5553957443,2016-05-02,0,58.7,54,72
5553957443,2016-05-02,1,57.1,53,69
5553957443,2016-05-02,2,58.9,54,70
5553957443,2016-05-02,3,60.0,55,82
5553957443,2016-05-02,4,58.8,50,80
5553957443,2016-05-02,5,58.7,54,76
5553957443,2016-05-02,6,71.8,61,94
5553957443,2016-05-02,7,74.0,57,114
5553957443,2016-05-02,8,67.2,61,84
5553957443,2016-05-02,9,65.8,57,90
5553957443,2016-05-02,10,64.8,56,87
5553957443,2016-05-02,11,62.5,52,82
5553957443,2016-05-02,12,64.4,55,84
5553957443,2016-05-02,13,66.0,57,81
5553957443,2016-05-02,14,63.5,54,74
5553957443,2016-05-02,15,61.3,55,72
5553957443,2016-05-02,16,106.1,53,125
5553957443,2016-05-02,17,97.7,63,118
5553957443,2016-05-02,18,83.3,67,109
5553957443,2016-05-02,19,73.4,65,81
5553957443,2016-05-02,20,69.1,52,80
5553957443,2016-05-02,21,65.6,56,79
5553957443,2016-05-02,22,59.4,55,74
5553957443,2016-05-02,23,59.0,54,73
5553957443,2016-05-03,0,61.0,55,73
5553957443,2016-05-03,1,60.6,56,74
5553957443,2016-05-03,2,61.0,54,76
5553957443,2016-05-03,3,59.6,55,80
5553957443,2016-05-03,4,61.5,56,65
5553957443,2016-05-03,5,65.3,54,86
5553957443,2016-05-03,6,75.9,65,96
5553957443,2016-05-03,7,71.9,58,105
5553957443,2016-05-03,8,59.0,53,67
5553957443,2016-05-03,9,59.3,54,73
5553957443,2016-05-03,10,59.7,51,82
5553957443,2016-05-03,11,57.8,54,67
5553957443,2016-05-03,12,63.4,54,89
5553957443,2016-05-03,13,63.2,56,79
5553957443,2016-05-03,14,61.5,53,67
5553957443,2016-05-03,15,60.1,52,73
5553957443,2016-05-03,16,100.6,54,134
5553957443,2016-05-03,17,97.8,66,127
5553957443,2016-05-03,18,74.2,58,98
5553957443,2016-05-03,19,74.8,59,95
5553957443,2016-05-03,20,72.5,56,96
5553957443,2016-05-03,21,64.3,50,76
5553957443,2016-05-03,22,65.6,52,99
5553957443,2016-05-03,23,62.8,51,100
5553957443,2016-05-04,0,57.4,47,88
5553957443,2016-05-04,1,54.6,50,72
5553957443,2016-05-04,2,62.5,54,79
5553957443,2016-05-04,3,60.1,55,75
5553957443,2016-05-04,4,63.6,55,69
5553957443,2016-05-04,5,57.2,54,80
5553957443,2016-05-04,6,60.0,51,77
5553957443,2016-05-04,7,58.1,52,79
5553957443,2016-05-04,8,60.6,51,75
5553957443,2016-05-04,9,62.5,56,79
5553957443,2016-05-04,10,62.4,56,76
5553957443,2016-05-04,11,59.5,53,75
5553957443,2016-05-04,12,64.7,57,108
5553957443,2016-05-04,13,62.6,55,82
5553957443,2016-05-04,14,66.0,57,77
5553957443,2016-05-04,15,64.9,53,84
5553957443,2016-05-04,16,64.2,55,90
5553957443,2016-05-04,17,65.1,55,86
5553957443,2016-05-04,18,63.2,53,82
5553957443,2016-05-04,19,67.5,53,99
5553957443,2016-05-04,20,62.4,54,73
5553957443,2016-05-04,21,62.6,53,79
5553957443,2016-05-04,22,57.9,52,74
5553957443,2016-05-04,23,55.7,47,69
5553957443,2016-05-05,0,55.9,53,59
5553957443,2016-05-05,1,56.6,50,64
5553957443,2016-05-05,2,57.3,54,65
5553957443,2016-05-05,3,57.4,54,64
5553957443,2016-05-05,4,56.7,53,62
5553957443,2016-05-05,5,56.8,50,69
5553957443,2016-05-05,6,72.3,57,120
5553957443,2016-05-05,7,74.5,61,108
5553957443,2016-05-05,8,79.8,53,165
5553957443,2016-05-05,9,60.3,53,81
5553957443,2016-05-05,10,60.8,54,74
5553957443,2016-05-05,11,60.4,53,72
5553957443,2016-05-05,12,61.8,52,86
5553957443,2016-05-05,13,59.1,52,85
5553957443,2016-05-05,14,65.6,55,94
5553957443,2016-05-05,15,60.9,54,83
5553957443,2016-05-05,16,97.8,52,124
5553957443,2016-05-05,17,91.4,58,127
5553957443,2016-05-05,18,71.8,58,114
5553957443,2016-05-05,19,69.4,59,91
5553957443,2016-05-05,20,72.8,60,96
5553957443,2016-05-05,21,64.9,53,75
5553957443,2016-05-05,22,62.7,51,91
5553957443,2016-05-05,23,56.0,49,63
5553957443,2016-05-06,0,60.5,54,70
5553957443,2016-05-06,1,61.1,55,73
5553957443,2016-05-06,2,59.9,56,72
5553957443,2016-05-06,3,58.3,54,73
5553957443,2016-05-06,4,61.2,52,83
5553957443,2016-05-06,5,58.0,54,70
5553957443,2016-05-06,6,69.4,58,80
5553957443,2016-05-06,7,76.4,58,103
5553957443,2016-05-06,8,75.4,57,104
5553957443,2016-05-06,9,59.5,52,68
5553957443,2016-05-06,10,59.0,53,65
5553957443,2016-05-06,11,60.9,55,71
5553957443,2016-05-06,12,63.2,51,87
5553957443,2016-05-06,13,61.8,55,72
5553957443,2016-05-06,14,62.9,55,76
5553957443,2016-05-06,15,58.8,53,75
5553957443,2016-05-06,16,59.1,52,70
5553957443,2016-05-06,17,65.3,51,91
5553957443,2016-05-06,18,66.0,55,86
5553957443,2016-05-06,19,67.9,56,102
5553957443,2016-05-06,20,64.9,57,73
5553957443,2016-05-06,21,61.0,58,66
5553957443,2016-05-07,1,62.6,62,65
5553957443,2016-05-07,17,72.0,56,140
5553957443,2016-05-07,18,61.4,54,88
5553957443,2016-05-07,19,59.3,53,71
5553957443,2016-05-07,20,62.7,56,70
5553957443,2016-05-07,21,64.7,53,85
5553957443,2016-05-07,22,65.7,56,93
5553957443,2016-05-07,23,60.3,51,89
5553957443,2016-05-08,0,61.3,55,69
5553957443,2016-05-08,1,65.3,60,68
5553957443,2016-05-08,2,65.9,60,84
5553957443,2016-05-08,3,64.3,58,78
5553957443,2016-05-08,4,65.7,58,83
5553957443,2016-05-08,5,62.2,57,78
5553957443,2016-05-08,6,59.7,54,75
5553957443,2016-05-08,7,59.1,53,77
5553957443,2016-05-08,8,59.5,53,69
5553957443,2016-05-08,9,63.6,54,82
5553957443,2016-05-08,10,67.1,60,83
5553957443,2016-05-08,11,64.0,55,73
5553957443,2016-05-08,12,74.7,63,100
5553957443,2016-05-08,13,72.8,61,100
5553957443,2016-05-08,14,64.8,51,75
5553957443,2016-05-08,15,63.3,55,78
5553957443,2016-05-08,16,65.6,56,76
5553957443,2016-05-08,17,66.7,56,86
5553957443,2016-05-08,18,71.0,59,104
5553957443,2016-05-08,19,72.0,56,110
5553957443,2016-05-08,20,63.3,56,85
5553957443,2016-05-08,21,63.9,54,94
5553957443,2016-05-08,22,63.0,56,70
5553957443,2016-05-08,23,64.3,59,72
5553957443,2016-05-09,0,62.2,56,79
5553957443,2016-05-09,1,61.2,57,74
5553957443,2016-05-09,2,59.5,55,73
5553957443,2016-05-09,3,59.5,55,77
5553957443,2016-05-09,4,58.5,53,73
5553957443,2016-05-09,5,59.0,55,68
5553957443,2016-05-09,6,75.0,64,91
5553957443,2016-05-09,7,77.1,56,121
5553957443,2016-05-09,8,71.8,56,108
5553957443,2016-05-09,9,63.5,55,71
5553957443,2016-05-09,10,61.1,53,80
5553957443,2016-05-09,11,57.6,51,81
5553957443,2016-05-09,12,62.7,54,85
5553957443,2016-05-09,13,59.4,53,70
5553957443,2016-05-09,14,61.1,53,70
5553957443,2016-05-09,15,59.2,55,66
5553957443,2016-05-09,16,113.8,56,149
5553957443,2016-05-09,17,112.8,68,148
5553957443,2016-05-09,18,82.7,58,112
5553957443,2016-05-09,19,79.0,65,101
5553957443,2016-05-09,20,72.4,61,90
5553957443,2016-05-09,21,68.7,57,88
5553957443,2016-05-09,22,61.9,55,78
5553957443,2016-05-09,23,62.5,56,71
5553957443,2016-05-10,0,64.0,60,77
5553957443,2016-05-10,1,63.8,58,79
5553957443,2016-05-10,2,62.7,57,74
5553957443,2016-05-10,3,62.2,55,78
5553957443,2016-05-10,4,61.4,55,71
5553957443,2016-05-10,5,63.0,56,66
5553957443,2016-05-10,6,74.3,57,102
5553957443,2016-05-10,7,83.2,60,118
5553957443,2016-05-10,8,65.2,59,74
5553957443,2016-05-10,9,59.4,55,65
5553957443,2016-05-10,10,59.3,53,69
5553957443,2016-05-10,11,106.9,54,131
5553957443,2016-05-10,12,106.3,68,133
5553957443,2016-05-10,13,74.3,63,82
5553957443,2016-05-10,14,64.8,53,74
5553957443,2016-05-10,15,63.9,54,71
5553957443,2016-05-10,16,65.2,57,76
5553957443,2016-05-10,17,79.4,58,111
5553957443,2016-05-10,18,77.6,62,110
5553957443,2016-05-10,19,71.1,62,88
5553957443,2016-05-10,20,73.7,66,93
5553957443,2016-05-10,21,74.1,62,96
5553957443,2016-05-10,22,71.0,60,90
5553957443,2016-05-10,23,69.1,57,103
5553957443,2016-05-11,0,63.2,58,76
5553957443,2016-05-11,1,61.7,56,71
5553957443,2016-05-11,2,63.0,57,76
5553957443,2016-05-11,3,62.5,56,75
5553957443,2016-05-11,4,62.3,55,70
5553957443,2016-05-11,5,62.2,56,69
5553957443,2016-05-11,6,61.5,57,70
5553957443,2016-05-11,7,61.8,56,76
5553957443,2016-05-11,8,67.1,55,103
5553957443,2016-05-11,9,67.5,57,78
5553957443,2016-05-11,10,69.3,59,83
5553957443,2016-05-11,11,66.0,58,77
5553957443,2016-05-11,12,68.0,59,87
5553957443,2016-05-11,13,62.7,58,72
5553957443,2016-05-11,14,69.4,59,92
5553957443,2016-05-11,15,68.1,62,97
5553957443,2016-05-11,16,65.9,56,91
5553957443,2016-05-11,17,63.2,55,72
5553957443,2016-05-11,18,67.9,59,83
5553957443,2016-05-11,19,72.1,61,99
5553957443,2016-05-11,20,68.4,61,95
5553957443,2016-05-11,21,66.9,58,81
5553957443,2016-05-11,22,58.6,54,62
5553957443,2016-05-11,23,56.5,54,76
5553957443,2016-05-12,0,57.3,54,73
5553957443,2016-05-12,1,58.0,54,72
5553957443,2016-05-12,2,60.3,56,80
5553957443,2016-05-12,3,59.9,54,66
5553957443,2016-05-12,4,59.7,56,72
5553957443,2016-05-12,5,59.2,54,79
5553957443,2016-05-12,6,71.7,62,84
5553957443,2016-05-12,7,81.8,60,107
5553957443,2016-05-12,9,78.0,78,78
5577150313,2016-04-12,0,50.5,45,74
5577150313,2016-04-12,1,51.2,46,67
5577150313,2016-04-12,2,51.3,47,60
5577150313,2016-04-12,3,51.1,46,64
5577150313,2016-04-12,4,49.9,44,67
5577150313,2016-04-12,5,50.5,41,62
5577150313,2016-04-12,6,97.4,53,129
5577150313,2016-04-12,7,68.2,56,112
5577150313,2016-04-12,8,64.6,48,96
5577150313,2016-04-12,9,62.7,54,105
5577150313,2016-04-12,10,73.6,50,113
5577150313,2016-04-12,11,86.6,52,154
5577150313,2016-04-12,12,66.0,52,78
5577150313,2016-04-12,13,67.0,53,86
5577150313,2016-04-12,14,66.1,55,81
5577150313,2016-04-12,15,64.6,51,100
5577150313,2016-04-12,16,81.3,49,153
5577150313,2016-04-12,17,68.3,52,125
5577150313,2016-04-12,18,61.2,55,77
5577150313,2016-04-12,19,86.5,53,125
5577150313,2016-04-12,20,64.6,53,111
5577150313,2016-04-12,21,60.4,52,77
5577150313,2016-04-12,22,53.2,49,76
5577150313,2016-04-12,23,52.1,47,59
5577150313,2016-04-13,0,52.3,44,65
5577150313,2016-04-13,1,54.9,51,64
5577150313,2016-04-13,2,55.1,48,63
5577150313,2016-04-13,3,51.3,48,58
5577150313,2016-04-13,4,52.3,47,63
5577150313,2016-04-13,5,48.5,46,51
5577150313,2016-04-13,6,57.4,47,60
5577150313,2016-04-13,17,72.4,54,114
5577150313,2016-04-13,18,60.7,49,70
5577150313,2016-04-13,19,58.9,46,88
5577150313,2016-04-13,20,80.2,50,121
5577150313,2016-04-13,21,59.6,49,78
5577150313,2016-04-13,22,54.4,51,58
5577150313,2016-04-13,23,52.7,47,71
5577150313,2016-04-14,0,50.0,43,69
5577150313,2016-04-14,1,50.1,46,58
5577150313,2016-04-14,2,52.0,45,62
5577150313,2016-04-14,3,50.7,45,64
5577150313,2016-04-14,4,52.1,47,73
5577150313,2016-04-14,5,57.3,48,86
5577150313,2016-04-14,6,108.2,64,128
5577150313,2016-04-14,7,73.3,59,112
5577150313,2016-04-14,8,69.9,53,101
5577150313,2016-04-14,9,66.8,53,95
5577150313,2016-04-14,10,61.5,52,70
5577150313,2016-04-14,11,98.2,59,172
5577150313,2016-04-14,12,72.5,54,104
5577150313,2016-04-14,13,64.5,51,110
5577150313,2016-04-14,14,117.7,70,163
5577150313,2016-04-14,15,93.7,63,133
5577150313,2016-04-14,16,88.5,64,113
5577150313,2016-04-14,17,75.5,53,108
5577150313,2016-04-14,18,64.9,58,74
5577150313,2016-04-14,19,79.6,55,128
5577150313,2016-04-14,20,74.9,58,101
5577150313,2016-04-14,21,63.7,54,92
5577150313,2016-04-14,22,53.8,50,70
5577150313,2016-04-14,23,50.6,47,57
5577150313,2016-04-15,0,51.9,46,64
5577150313,2016-04-15,1,55.8,50,71
5577150313,2016-04-15,2,51.1,46,62
5577150313,2016-04-15,3,48.2,39,67
5577150313,2016-04-15,4,47.7,40,72
5577150313,2016-04-15,5,62.5,43,157
5577150313,2016-04-15,6,96.8,50,135
5577150313,2016-04-15,7,72.6,58,115
5577150313,2016-04-15,8,64.7,56,91
5577150313,2016-04-15,9,64.0,53,102
5577150313,2016-04-15,10,61.8,49,106
5577150313,2016-04-15,11,78.8,52,137
5577150313,2016-04-15,12,71.6,49,110
5577150313,2016-04-15,13,68.1,47,112
5577150313,2016-04-15,14,77.8,50,119
5577150313,2016-04-15,15,82.1,54,126
5577150313,2016-04-15,16,78.5,60,122
5577150313,2016-04-15,17,72.1,61,83
5577150313,2016-04-15,18,96.0,57,128
5577150313,2016-04-15,19,96.2,59,156
5577150313,2016-04-15,20,89.9,59,132
5577150313,2016-04-15,21,65.9,56,75
5577150313,2016-04-15,22,60.0,51,71
5577150313,2016-04-15,23,52.1,48,57
5577150313,2016-04-16,0,49.3,43,68
5577150313,2016-04-16,1,47.4,43,69
5577150313,2016-04-16,2,50.4,44,73
5577150313,2016-04-16,3,46.1,43,55
5577150313,2016-04-16,4,51.6,43,66
5577150313,2016-04-16,5,49.6,45,67
5577150313,2016-04-16,6,79.3,45,134
5577150313,2016-04-16,7,92.6,54,118
5577150313,2016-04-16,8,58.9,53,80
5577150313,2016-04-16,9,58.2,50,69
5577150313,2016-04-16,10,86.9,49,134
5577150313,2016-04-16,11,74.1,53,116
5577150313,2016-04-16,12,69.0,53,115
5577150313,2016-04-16,13,101.3,59,128
5577150313,2016-04-16,14,114.1,94,136
5577150313,2016-04-16,15,73.5,58,114
5577150313,2016-04-16,16,62.9,52,89
5577150313,2016-04-16,17,67.0,52,114
5577150313,2016-04-16,18,78.0,52,136
5577150313,2016-04-16,19,73.6,56,119
5577150313,2016-04-16,20,63.4,54,91
5577150313,2016-04-16,21,55.1,52,59
5577150313,2016-04-16,22,51.3,47,58
5577150313,2016-04-16,23,47.8,45,60
5577150313,2016-04-17,0,47.7,43,54
5577150313,2016-04-17,1,50.2,46,55
5577150313,2016-04-17,2,49.1,41,66
5577150313,2016-04-17,3,43.4,41,57
5577150313,2016-04-17,4,44.1,40,55
5577150313,2016-04-17,5,45.9,40,53
5577150313,2016-04-17,6,75.3,46,118
5577150313,2016-04-17,7,110.6,53,174
5577150313,2016-04-17,8,70.0,53,106
5577150313,2016-04-17,9,84.5,55,126
5577150313,2016-04-17,10,77.7,53,124
5577150313,2016-04-17,11,92.9,58,129
5577150313,2016-04-17,12,111.9,57,138
5577150313,2016-04-17,13,96.5,55,124
5577150313,2016-04-17,14,72.6,55,123
5577150313,2016-04-17,15,65.7,52,117
5577150313,2016-04-17,16,62.7,56,71
5577150313,2016-04-17,17,63.6,57,72
5577150313,2016-04-17,18,69.0,51,118
5577150313,2016-04-17,19,59.9,52,91
5577150313,2016-04-17,20,65.6,50,109
5577150313,2016-04-17,21,88.5,53,128
5577150313,2016-04-17,22,55.3,51,60
5577150313,2016-04-17,23,50.7,47,62
5577150313,2016-04-18,0,48.5,45,75
5577150313,2016-04-18,1,48.1,43,56
5577150313,2016-04-18,2,49.6,45,56
5577150313,2016-04-18,3,49.8,46,64
5577150313,2016-04-18,4,50.4,44,64
5577150313,2016-04-18,5,49.1,44,59
5577150313,2016-04-18,6,51.4,46,81
5577150313,2016-04-18,7,62.8,51,80
5577150313,2016-04-18,8,63.4,53,88
5577150313,2016-04-18,9,93.2,53,129
5577150313,2016-04-18,10,107.0,70,132
5577150313,2016-04-18,11,71.4,56,114
5577150313,2016-04-18,12,69.1,55,92
5577150313,2016-04-18,13,56.5,41,63
5577150313,2016-04-18,14,73.5,52,117
5577150313,2016-04-18,15,77.5,51,165
5577150313,2016-04-18,16,74.3,55,128
5577150313,2016-04-18,17,68.7,62,101
5577150313,2016-04-18,18,81.2,57,119
5577150313,2016-04-18,19,88.9,67,117
5577150313,2016-04-18,20,77.1,62,103
5577150313,2016-04-18,21,68.2,55,107
5577150313,2016-04-18,22,60.2,55,73
5577150313,2016-04-18,23,61.4,57,79
5577150313,2016-04-19,0,58.4,53,76
5577150313,2016-04-19,1,58.4,53,78
5577150313,2016-04-19,2,57.5,51,116
5577150313,2016-04-19,3,55.2,51,75
5577150313,2016-04-19,4,54.9,50,77
5577150313,2016-04-19,5,51.7,47,60
5577150313,2016-04-19,6,56.6,49,75
5577150313,2016-04-19,7,82.6,51,112
5577150313,2016-04-19,8,98.7,79,118
5577150313,2016-04-19,9,72.3,42,81
5577150313,2016-04-19,10,70.3,56,104
5577150313,2016-04-19,11,66.1,55,92
5577150313,2016-04-19,12,73.3,55,111
5577150313,2016-04-19,13,73.2,59,100
5577150313,2016-04-19,14,87.4,61,132
5577150313,2016-04-19,15,86.6,59,151
5577150313,2016-04-19,16,85.1,64,156
5577150313,2016-04-19,17,75.0,55,92
5577150313,2016-04-19,18,65.8,51,82
5577150313,2016-04-19,19,63.0,50,88
5577150313,2016-04-19,20,98.2,65,159
5577150313,2016-04-19,21,66.9,56,75
5577150313,2016-04-19,22,58.9,56,66
5577150313,2016-04-19,23,58.2,54,63
5577150313,2016-04-20,0,58.0,53,63
5577150313,2016-04-20,1,54.1,50,58
5577150313,2016-04-20,2,50.2,47,56
5577150313,2016-04-20,3,48.6,48,52
5577150313,2016-04-20,4,53.6,48,56
5577150313,2016-04-20,5,47.8,45,56
5577150313,2016-04-20,8,99.0,62,132
5577150313,2016-04-20,9,85.1,59,135
5577150313,2016-04-20,10,82.3,56,130
5577150313,2016-04-20,11,102.7,70,123
5577150313,2016-04-20,12,76.3,61,125
5577150313,2016-04-20,13,68.8,59,97
5577150313,2016-04-20,14,69.4,59,99
5577150313,2016-04-20,15,63.7,57,74
5577150313,2016-04-20,16,68.9,59,113
5577150313,2016-04-20,17,62.6,54,77
5577150313,2016-04-20,18,70.3,59,113
5577150313,2016-04-20,19,72.3,52,113
5577150313,2016-04-20,20,66.4,52,116
5577150313,2016-04-20,21,55.9,51,73
5577150313,2016-04-20,22,55.5,47,92
5577150313,2016-04-20,23,51.9,46,81
5577150313,2016-04-21,0,57.8,48,76
5577150313,2016-04-21,1,55.2,49,60
5577150313,2016-04-21,2,53.3,48,63
5577150313,2016-04-21,3,52.5,47,71
5577150313,2016-04-21,4,52.0,47,82
5577150313,2016-04-21,5,48.4,43,78
5577150313,2016-04-21,6,107.3,52,134
5577150313,2016-04-21,7,73.8,56,118
5577150313,2016-04-21,8,69.2,54,114
5577150313,2016-04-21,9,69.2,52,101
5577150313,2016-04-21,10,68.3,58,83
5577150313,2016-04-21,11,96.2,57,168
5577150313,2016-04-21,12,66.2,57,86
5577150313,2016-04-21,13,68.5,51,121
5577150313,2016-04-21,14,78.0,54,120
5577150313,2016-04-21,15,88.8,56,124
5577150313,2016-04-21,16,91.5,67,123
5577150313,2016-04-21,17,85.2,59,147
5577150313,2016-04-21,18,65.1,56,97
5577150313,2016-04-21,19,83.4,58,115
5577150313,2016-04-21,20,65.1,53,111
5577150313,2016-04-21,21,55.0,48,62
5577150313,2016-04-21,22,56.2,47,77
5577150313,2016-04-21,23,51.0,47,57
5577150313,2016-04-22,0,49.2,46,53
5577150313,2016-04-22,1,53.2,47,68
5577150313,2016-04-22,2,54.1,49,73
5577150313,2016-04-22,3,52.9,45,71
5577150313,2016-04-22,4,47.6,44,70
5577150313,2016-04-22,5,58.0,43,110
5577150313,2016-04-22,6,99.0,57,132
5577150313,2016-04-22,7,70.3,54,100
5577150313,2016-04-22,8,71.7,56,119
5577150313,2016-04-22,9,67.2,53,113
5577150313,2016-04-22,10,62.2,50,105
5577150313,2016-04-22,11,67.2,50,112
5577150313,2016-04-22,12,66.0,45,115
5577150313,2016-04-22,13,55.9,48,72
5577150313,2016-04-22,14,56.8,48,73
5577150313,2016-04-22,15,52.7,44,64
5577150313,2016-04-22,16,54.1,45,75
5577150313,2016-04-22,17,65.0,45,103
5577150313,2016-04-22,18,69.8,48,115
5577150313,2016-04-22,19,75.3,54,110
5577150313,2016-04-22,20,79.8,56,123
5577150313,2016-04-22,21,101.0,94,107
5577150313,2016-04-22,22,80.3,56,125
5577150313,2016-04-22,23,59.2,44,96
5577150313,2016-04-23,0,49.2,45,61
5577150313,2016-04-23,1,56.3,48,75
5577150313,2016-04-23,2,55.8,50,69
5577150313,2016-04-23,3,56.3,49,69
5577150313,2016-04-23,4,55.4,48,70
5577150313,2016-04-23,5,51.7,46,66
5577150313,2016-04-23,6,58.3,46,105
5577150313,2016-04-23,7,73.3,52,114
5577150313,2016-04-23,8,58.3,50,73
5577150313,2016-04-23,9,63.4,52,91
5577150313,2016-04-23,10,77.2,49,119
5577150313,2016-04-23,11,70.4,54,123
5577150313,2016-04-23,12,71.4,54,105
5577150313,2016-04-23,13,76.6,55,113
5577150313,2016-04-23,14,69.0,60,110
5577150313,2016-04-23,15,81.5,55,117
5577150313,2016-04-23,16,64.6,51,100
5577150313,2016-04-23,17,76.7,55,111
5577150313,2016-04-23,18,77.2,53,143
5577150313,2016-04-23,19,73.5,52,171
5577150313,2016-04-23,20,67.0,40,119
5577150313,2016-04-23,21,58.5,54,113
5577150313,2016-04-23,22,54.4,50,62
5577150313,2016-04-23,23,52.1,46,61
5577150313,2016-04-24,0,54.5,48,67
5577150313,2016-04-24,1,54.1,40,87
5577150313,2016-04-24,2,50.9,45,72
5577150313,2016-04-24,3,54.0,47,67
5577150313,2016-04-24,4,52.9,49,65
5577150313,2016-04-24,5,52.5,47,70
5577150313,2016-04-24,6,51.8,47,65
5577150313,2016-04-24,7,63.2,50,114
5577150313,2016-04-24,8,65.1,51,113
5577150313,2016-04-24,9,64.0,53,95
5577150313,2016-04-24,10,86.7,60,118
5577150313,2016-04-24,11,106.7,93,124
5577150313,2016-04-24,12,84.4,59,110
5577150313,2016-04-24,13,90.0,63,131
5577150313,2016-04-24,14,74.1,55,122
5577150313,2016-04-24,15,108.4,58,130
5577150313,2016-04-24,16,93.6,67,119
5577150313,2016-04-24,17,103.1,65,131
5577150313,2016-04-24,18,77.3,56,115
5577150313,2016-04-24,19,89.0,59,120
5577150313,2016-04-24,20,66.3,59,112
5577150313,2016-04-24,21,62.0,50,87
5577150313,2016-04-24,22,56.5,51,69
5577150313,2016-04-24,23,56.9,51,75
5577150313,2016-04-25,0,55.7,52,63
5577150313,2016-04-25,1,55.5,48,63
5577150313,2016-04-25,2,53.2,49,68
5577150313,2016-04-25,3,48.8,44,67
5577150313,2016-04-25,4,50.2,44,61
5577150313,2016-04-25,5,48.4,43,69
5577150313,2016-04-25,6,99.6,56,125
5577150313,2016-04-25,7,72.5,55,103
5577150313,2016-04-25,8,64.9,45,97
5577150313,2016-04-25,9,73.6,59,94
5577150313,2016-04-25,10,88.9,57,123
5577150313,2016-04-25,11,77.5,56,117
5577150313,2016-04-25,12,82.5,61,107
5577150313,2016-04-25,13,83.8,66,110
5577150313,2016-04-25,14,69.9,53,111
5577150313,2016-04-25,15,67.1,55,80
5577150313,2016-04-25,16,71.3,57,97
5577150313,2016-04-25,17,67.1,52,96
5577150313,2016-04-25,18,60.4,54,85
5577150313,2016-04-25,19,77.3,51,124
5577150313,2016-04-25,20,60.8,49,113
5577150313,2016-04-25,21,58.4,52,77
5577150313,2016-04-25,22,57.1,49,70
5577150313,2016-04-25,23,50.7,47,55
5577150313,2016-04-26,0,52.7,46,63
5577150313,2016-04-26,1,52.6,47,65
5577150313,2016-04-26,2,52.5,46,69
5577150313,2016-04-26,3,48.8,44,57
5577150313,2016-04-26,4,46.2,42,54
5577150313,2016-04-26,5,74.7,44,118
5577150313,2016-04-26,6,86.2,56,122
5577150313,2016-04-26,7,69.6,56,99
5577150313,2016-04-26,8,71.9,54,113
5577150313,2016-04-26,9,65.2,54,118
5577150313,2016-04-26,10,64.5,48,106
5577150313,2016-04-26,11,67.3,54,103
5577150313,2016-04-26,12,74.7,54,100
5577150313,2016-04-26,13,83.1,59,114
5577150313,2016-04-26,14,75.2,53,109
5577150313,2016-04-26,15,68.5,54,85
5577150313,2016-04-26,16,66.8,57,85
5577150313,2016-04-26,17,61.3,53,72
5577150313,2016-04-26,18,63.5,52,111
5577150313,2016-04-26,19,69.5,53,109
5577150313,2016-04-26,20,74.0,50,113
5577150313,2016-04-26,21,57.0,50,70
5577150313,2016-04-26,22,50.2,40,61
5577150313,2016-04-26,23,51.7,41,63
5577150313,2016-04-27,0,53.7,49,76
5577150313,2016-04-27,1,52.6,47,66
5577150313,2016-04-27,2,53.0,47,73
5577150313,2016-04-27,3,53.7,49,68
5577150313,2016-04-27,4,51.7,45,69
5577150313,2016-04-27,5,53.7,42,94
5577150313,2016-04-27,6,98.5,55,130
5577150313,2016-04-27,7,71.1,56,111
5577150313,2016-04-27,8,69.3,53,97
5577150313,2016-04-27,9,75.2,53,119
5577150313,2016-04-27,10,64.2,54,84
5577150313,2016-04-27,11,72.6,53,98
5577150313,2016-04-27,12,67.1,54,98
5577150313,2016-04-27,13,66.8,54,91
5577150313,2016-04-27,14,67.0,57,90
5577150313,2016-04-27,15,79.0,58,117
5577150313,2016-04-27,16,70.5,53,114
5577150313,2016-04-27,17,63.1,51,90
5577150313,2016-04-27,18,73.2,58,125
5577150313,2016-04-27,19,93.0,53,127
5577150313,2016-04-27,20,58.0,49,91
5577150313,2016-04-27,21,55.8,47,69
5577150313,2016-04-27,22,52.2,45,67
5577150313,2016-04-27,23,50.2,44,56
5577150313,2016-04-28,0,56.3,50,69
5577150313,2016-04-28,1,55.6,50,72
5577150313,2016-04-28,2,52.0,45,75
5577150313,2016-04-28,3,50.0,40,68
5577150313,2016-04-28,4,49.6,44,64
5577150313,2016-04-28,5,62.6,41,147
5577150313,2016-04-28,6,101.6,79,128
5577150313,2016-04-28,7,74.4,57,115
5577150313,2016-04-28,8,69.0,51,109
5577150313,2016-04-28,9,61.9,52,88
5577150313,2016-04-28,10,65.5,51,112
5577150313,2016-04-28,11,131.9,96,171
5577150313,2016-04-28,13,89.1,65,128
5577150313,2016-04-28,14,78.7,53,102
5577150313,2016-04-28,15,76.5,55,123
5577150313,2016-04-28,16,67.6,55,102
5577150313,2016-04-28,17,73.2,57,114
5577150313,2016-04-28,18,61.7,54,80
5577150313,2016-04-28,19,93.5,58,124
5577150313,2016-04-28,20,67.6,57,115
5577150313,2016-04-28,21,62.9,54,97
5577150313,2016-04-28,22,53.1,49,60
5577150313,2016-04-28,23,51.5,47,64
5577150313,2016-04-29,0,52.0,48,64
5577150313,2016-04-29,1,52.3,47,77
5577150313,2016-04-29,2,49.9,46,58
5577150313,2016-04-29,3,48.5,44,58
5577150313,2016-04-29,4,45.6,42,57
5577150313,2016-04-29,5,48.2,42,58
5577150313,2016-04-29,6,99.3,47,124
5577150313,2016-04-29,7,79.1,57,124
5577150313,2016-04-29,8,66.5,53,98
5577150313,2016-04-29,9,70.5,54,111
5577150313,2016-04-29,10,64.8,51,106
5577150313,2016-04-29,11,69.1,51,108
5577150313,2016-04-29,12,70.4,52,109
5577150313,2016-04-29,13,58.4,51,77
5577150313,2016-04-29,14,60.4,50,78
5577150313,2016-04-29,15,61.0,47,102
5577150313,2016-04-29,16,62.1,51,109
5577150313,2016-04-29,17,55.8,44,84
5577150313,2016-04-29,18,62.2,48,102
5577150313,2016-04-29,19,94.1,51,126
5577150313,2016-04-29,20,102.5,59,141
5577150313,2016-04-29,21,59.5,54,71
5577150313,2016-04-29,22,57.3,50,73
5577150313,2016-04-29,23,52.0,47,59
5577150313,2016-04-30,0,52.6,48,64
5577150313,2016-04-30,1,50.6,45,58
5577150313,2016-04-30,2,51.8,46,69
5577150313,2016-04-30,3,49.4,45,58
5577150313,2016-04-30,4,50.8,43,66
5577150313,2016-04-30,5,48.2,41,68
5577150313,2016-04-30,6,53.7,47,82
5577150313,2016-04-30,7,61.5,48,103
5577150313,2016-04-30,8,65.2,53,116
5577150313,2016-04-30,9,64.7,53,87
5577150313,2016-04-30,10,98.5,60,125
5577150313,2016-04-30,11,107.7,66,133
5577150313,2016-04-30,12,79.9,56,138
5577150313,2016-04-30,13,91.2,62,116
5577150313,2016-04-30,14,89.1,59,121
5577150313,2016-04-30,15,68.7,58,118
5577150313,2016-04-30,16,57.6,53,65
5577150313,2016-04-30,17,69.6,54,125
5577150313,2016-04-30,18,113.9,84,129
5577150313,2016-04-30,19,94.5,54,129
5577150313,2016-04-30,20,62.9,50,117
5577150313,2016-04-30,21,66.4,52,105
5577150313,2016-04-30,22,58.5,51,113
5577150313,2016-04-30,23,57.8,51,76
5577150313,2016-05-01,0,56.9,52,62
5577150313,2016-05-01,1,54.3,50,66
5577150313,2016-05-01,2,54.4,49,67
5577150313,2016-05-01,3,54.1,46,72
5577150313,2016-05-01,4,52.1,47,62
5577150313,2016-05-01,5,54.1,45,67
5577150313,2016-05-01,6,62.2,50,108
5577150313,2016-05-01,7,58.2,53,65
5577150313,2016-05-01,8,90.5,56,124
5577150313,2016-05-01,9,91.4,66,115
5577150313,2016-05-01,10,109.6,82,125
5577150313,2016-05-01,11,103.4,72,122
5577150313,2016-05-01,12,77.3,57,126
5577150313,2016-05-01,13,71.0,56,109
5577150313,2016-05-01,14,72.6,56,102
5577150313,2016-05-01,15,71.4,60,100
5577150313,2016-05-01,16,88.1,56,116
5577150313,2016-05-01,17,68.0,57,104
5577150313,2016-05-01,18,94.9,57,130
5577150313,2016-05-01,19,107.7,60,140
5577150313,2016-05-01,20,64.1,54,102
5577150313,2016-05-01,21,63.8,54,89
5577150313,2016-05-01,22,54.9,44,63
5577150313,2016-05-01,23,56.7,50,66
5577150313,2016-05-02,0,52.7,48,57
5577150313,2016-05-02,1,51.3,44,62
5577150313,2016-05-02,2,52.1,45,80
5577150313,2016-05-02,3,48.8,43,54
5577150313,2016-05-02,4,46.6,43,52
5577150313,2016-05-02,5,48.3,43,77
5577150313,2016-05-02,6,97.0,47,128
5577150313,2016-05-02,7,81.0,55,124
5577150313,2016-05-02,8,64.7,54,108
5577150313,2016-05-02,9,67.2,56,94
5577150313,2016-05-02,10,76.6,55,114
5577150313,2016-05-02,11,70.3,59,83
5577150313,2016-05-02,12,63.6,59,83
5577150313,2016-05-02,23,98.8,66,113
5577150313,2016-05-03,0,77.9,61,117
5577150313,2016-05-03,1,86.1,51,122
5577150313,2016-05-03,2,83.7,66,114
5577150313,2016-05-03,3,65.7,42,102
5577150313,2016-05-03,4,73.2,56,114
5577150313,2016-05-03,5,75.9,57,107
5577150313,2016-05-03,6,71.4,57,97
5577150313,2016-05-03,7,77.3,56,117
5577150313,2016-05-03,8,71.8,56,111
5577150313,2016-05-03,9,78.7,55,126
5577150313,2016-05-03,10,111.2,69,154
5577150313,2016-05-03,11,66.2,52,85
5577150313,2016-05-03,12,55.5,51,66
5577150313,2016-05-03,13,54.8,49,65
5577150313,2016-05-03,14,53.0,48,61
5577150313,2016-05-03,15,54.7,44,70
5577150313,2016-05-03,16,52.7,49,60
5577150313,2016-05-03,17,52.1,47,61
5577150313,2016-05-03,18,52.4,47,69
5577150313,2016-05-03,19,48.4,45,57
5577150313,2016-05-03,20,50.5,43,61
5577150313,2016-05-03,21,69.0,44,123
5577150313,2016-05-03,22,96.7,66,127
5577150313,2016-05-03,23,79.4,60,92
5577150313,2016-05-04,0,75.7,56,102
5577150313,2016-05-04,1,59.7,41,69
5577150313,2016-05-04,2,64.6,36,103
5577150313,2016-05-04,3,65.6,55,85
5577150313,2016-05-04,4,69.7,53,119
5577150313,2016-05-04,5,64.3,54,106
5577150313,2016-05-04,6,66.2,53,107
5577150313,2016-05-04,7,64.9,38,116
5577150313,2016-05-04,8,69.9,55,117
5577150313,2016-05-04,9,74.3,50,143
5577150313,2016-05-04,10,72.4,45,118
5577150313,2016-05-04,11,55.7,53,68
5577150313,2016-05-04,12,53.8,49,75
5577150313,2016-05-04,13,54.7,48,64
5577150313,2016-05-04,14,53.6,48,65
5577150313,2016-05-04,15,55.9,51,68
5577150313,2016-05-04,16,53.8,49,66
5577150313,2016-05-04,17,50.6,45,65
5577150313,2016-05-04,18,48.1,39,71
5577150313,2016-05-04,19,47.9,44,57
5577150313,2016-05-04,20,48.9,44,63
5577150313,2016-05-04,21,60.1,45,114
5577150313,2016-05-04,22,86.0,58,120
5577150313,2016-05-04,23,73.7,62,83
5577150313,2016-05-05,0,75.0,57,104
5577150313,2016-05-05,9,62.9,58,69
5577150313,2016-05-05,10,65.3,53,130
5577150313,2016-05-05,11,69.2,52,115
5577150313,2016-05-05,12,85.5,59,118
5577150313,2016-05-05,13,59.0,53,69
5577150313,2016-05-05,14,72.0,53,135
5577150313,2016-05-05,15,61.4,52,84
5577150313,2016-05-05,16,62.9,54,80
5577150313,2016-05-05,17,73.5,53,141
5577150313,2016-05-05,18,59.7,50,94
5577150313,2016-05-05,19,81.5,51,130
5577150313,2016-05-05,20,79.2,62,118
5577150313,2016-05-05,21,88.4,55,122
5577150313,2016-05-06,6,100.7,70,112
5577150313,2016-05-06,7,89.1,58,130
5577150313,2016-05-06,8,73.6,54,119
5577150313,2016-05-06,9,57.9,51,69
5577150313,2016-05-06,10,72.9,53,134
5577150313,2016-05-06,11,83.6,64,124
5577150313,2016-05-06,12,77.4,56,119
5577150313,2016-05-06,13,61.2,50,79
5577150313,2016-05-06,14,59.1,52,90
5577150313,2016-05-06,15,56.1,48,64
5577150313,2016-05-06,16,58.2,49,95
5577150313,2016-05-09,11,78.5,71,102
5577150313,2016-05-09,12,78.2,56,130
5577150313,2016-05-09,13,67.2,56,88
5577150313,2016-05-09,14,80.5,52,109
5577150313,2016-05-09,15,69.7,56,113
5577150313,2016-05-09,16,65.0,53,91
5577150313,2016-05-09,17,66.3,57,91
5577150313,2016-05-09,18,67.0,55,101
5577150313,2016-05-09,19,84.3,58,123
5577150313,2016-05-09,20,61.8,54,110
5577150313,2016-05-09,21,58.9,53,81
5577150313,2016-05-09,22,54.8,51,64
5577150313,2016-05-09,23,55.0,51,69
5577150313,2016-05-10,0,55.4,50,66
5577150313,2016-05-10,1,54.1,51,58
5577150313,2016-05-10,2,53.3,47,69
5577150313,2016-05-10,3,50.4,46,54
5577150313,2016-05-10,4,47.2,44,58
5577150313,2016-05-10,5,50.8,42,82
5577150313,2016-05-10,6,97.7,64,131
5577150313,2016-05-10,7,73.0,58,121
5577150313,2016-05-10,8,84.0,53,120
5577150313,2016-05-10,9,78.1,57,113
5577150313,2016-05-10,10,67.0,56,108
5577150313,2016-05-10,11,93.7,57,172
5577150313,2016-05-10,12,72.4,63,86
5577150313,2016-05-10,13,69.3,49,108
5577150313,2016-05-10,14,90.6,58,131
5577150313,2016-05-10,15,86.8,57,125
5577150313,2016-05-10,16,75.5,55,107
5577150313,2016-05-10,17,80.5,65,122
5577150313,2016-05-10,18,73.4,66,101
5577150313,2016-05-10,19,99.6,65,121
5577150313,2016-05-10,20,73.7,58,126
5577150313,2016-05-10,21,68.5,58,86
5577150313,2016-05-10,22,59.9,55,66
5577150313,2016-05-10,23,57.2,50,80
5577150313,2016-05-11,0,56.2,53,72
5577150313,2016-05-11,1,57.2,51,81
5577150313,2016-05-11,2,53.4,47,62
5577150313,2016-05-11,3,53.6,50,68
5577150313,2016-05-11,4,51.7,45,77
5577150313,2016-05-11,5,50.1,46,78
5577150313,2016-05-11,6,99.9,59,135
5577150313,2016-05-11,7,72.6,60,107
5577150313,2016-05-11,8,66.8,51,94
5577150313,2016-05-11,9,69.4,60,124
5577150313,2016-05-11,10,64.0,51,121
5577150313,2016-05-11,11,90.7,55,173
5577150313,2016-05-11,12,65.2,62,73
6117666160,2016-04-15,11,104.3,86,137
6117666160,2016-04-15,12,100.1,82,123
6117666160,2016-04-15,13,93.9,78,112
6117666160,2016-04-15,14,100.3,85,126
6117666160,2016-04-15,15,99.5,83,119
6117666160,2016-04-15,16,102.4,70,134
6117666160,2016-04-15,17,104.6,89,120
6117666160,2016-04-15,18,98.6,85,119
6117666160,2016-04-15,19,99.4,76,121
6117666160,2016-04-15,20,103.6,81,123
6117666160,2016-04-15,21,93.8,77,113
6117666160,2016-04-15,22,82.6,70,101
6117666160,2016-04-15,23,81.8,57,125
6117666160,2016-04-16,0,83.1,68,108
6117666160,2016-04-16,1,81.1,69,95
6117666160,2016-04-16,2,83.4,75,97
6117666160,2016-04-16,3,76.2,64,103
6117666160,2016-04-16,4,71.8,62,91
6117666160,2016-04-16,5,67.2,57,92
6117666160,2016-04-16,6,63.3,54,100
6117666160,2016-04-16,7,74.1,56,113
6117666160,2016-04-16,8,97.7,78,124
6117666160,2016-04-16,9,90.9,73,110
6117666160,2016-04-16,10,96.4,80,115
6117666160,2016-04-16,11,91.1,77,114
6117666160,2016-04-16,12,94.8,78,110
6117666160,2016-04-16,13,92.9,79,110
6117666160,2016-04-16,14,87.4,68,109
6117666160,2016-04-16,15,94.5,81,109
6117666160,2016-04-16,16,91.7,69,114
6117666160,2016-04-16,17,91.1,70,110
6117666160,2016-04-16,18,87.2,70,118
6117666160,2016-04-16,19,83.0,70,101
6117666160,2016-04-16,20,99.1,78,155
6117666160,2016-04-16,21,77.6,72,87
6117666160,2016-04-16,22,96.8,72,128
6117666160,2016-04-16,23,90.1,74,111
6117666160,2016-04-17,0,90.2,79,105
6117666160,2016-04-17,1,91.8,63,121
6117666160,2016-04-17,2,83.3,68,96
6117666160,2016-04-17,3,78.8,64,101
6117666160,2016-04-17,4,82.2,66,93
6117666160,2016-04-17,5,87.0,77,119
6117666160,2016-04-17,6,88.0,71,96
6117666160,2016-04-17,7,83.8,68,114
6117666160,2016-04-17,8,79.4,60,125
6117666160,2016-04-17,9,74.5,64,108
6117666160,2016-04-17,10,74.3,61,88
6117666160,2016-04-17,11,84.2,68,102
6117666160,2016-04-17,12,90.5,59,114
6117666160,2016-04-17,13,98.7,80,130
6117666160,2016-04-17,14,93.1,85,103
6117666160,2016-04-17,15,93.6,78,109
6117666160,2016-04-17,16,71.0,63,81
6117666160,2016-04-17,18,74.4,63,95
6117666160,2016-04-18,13,96.8,70,116
6117666160,2016-04-18,14,88.4,70,105
6117666160,2016-04-18,15,83.6,73,108
6117666160,2016-04-18,16,85.3,70,100
6117666160,2016-04-18,17,84.8,66,114
6117666160,2016-04-18,18,81.1,66,108
6117666160,2016-04-18,19,85.2,62,105
6117666160,2016-04-18,20,78.9,62,115
6117666160,2016-04-18,21,73.4,61,82
6117666160,2016-04-18,22,77.5,63,104
6117666160,2016-04-18,23,80.1,62,115
6117666160,2016-04-19,0,75.2,67,97
6117666160,2016-04-19,1,75.7,64,85
6117666160,2016-04-19,2,68.3,61,79
6117666160,2016-04-19,3,67.7,59,93
6117666160,2016-04-19,4,61.8,53,75
6117666160,2016-04-19,5,60.7,53,91
6117666160,2016-04-19,6,59.8,53,87
6117666160,2016-04-19,7,62.4,54,121
6117666160,2016-04-19,8,88.9,54,113
6117666160,2016-04-19,9,83.1,62,119
6117666160,2016-04-19,10,95.5,70,117
6117666160,2016-04-19,11,87.8,66,115
6117666160,2016-04-19,12,84.7,65,112
6117666160,2016-04-19,13,92.8,76,109
6117666160,2016-04-19,14,91.3,65,110
6117666160,2016-04-19,15,97.7,82,116
6117666160,2016-04-19,16,98.1,70,119
6117666160,2016-04-19,17,98.7,79,124
6117666160,2016-04-19,18,93.4,68,118
6117666160,2016-04-19,19,95.5,78,116
6117666160,2016-04-19,20,94.3,66,117
6117666160,2016-04-19,21,83.4,64,116
6117666160,2016-04-19,22,80.6,62,101
6117666160,2016-04-19,23,79.9,65,116
6117666160,2016-04-20,0,82.6,69,97
6117666160,2016-04-20,1,83.7,66,99
6117666160,2016-04-20,2,68.2,56,87
6117666160,2016-04-20,3,68.3,59,87
6117666160,2016-04-20,4,61.6,52,84
6117666160,2016-04-20,5,65.1,55,80
6117666160,2016-04-20,6,61.9,52,84
6117666160,2016-04-20,7,72.6,55,101
6117666160,2016-04-20,8,82.1,68,123
6117666160,2016-04-20,9,85.8,69,105
6117666160,2016-04-20,10,90.8,75,110
6117666160,2016-04-20,11,86.7,72,107
6117666160,2016-04-20,12,89.7,76,106
6117666160,2016-04-20,13,90.2,78,105
6117666160,2016-04-20,14,91.2,71,112
6117666160,2016-04-20,15,106.1,75,181
6117666160,2016-04-20,16,119.5,82,180
6117666160,2016-04-20,17,94.0,80,115
6117666160,2016-04-20,18,99.0,70,115
6117666160,2016-04-20,19,96.0,81,113
6117666160,2016-04-20,20,93.5,79,114
6117666160,2016-04-20,21,84.5,73,98
6117666160,2016-04-20,22,78.2,71,89
6117666160,2016-04-20,23,78.3,62,97
6117666160,2016-04-21,0,74.1,64,88
6117666160,2016-04-21,1,67.8,57,82
6117666160,2016-04-21,2,62.3,55,76
6117666160,2016-04-21,3,60.8,53,110
6117666160,2016-04-21,4,65.1,56,92
6117666160,2016-04-21,5,61.7,52,80
6117666160,2016-04-21,6,63.3,54,89
6117666160,2016-04-21,7,63.5,54,84
6117666160,2016-04-21,8,65.5,55,83
6117666160,2016-04-21,9,81.7,66,103
6117666160,2016-04-21,10,103.0,64,154
6117666160,2016-04-21,11,85.8,65,99
6117666160,2016-04-21,12,95.2,77,132
6117666160,2016-04-21,13,93.2,76,116
6117666160,2016-04-21,14,92.1,60,118
6117666160,2016-04-21,15,89.5,62,113
6117666160,2016-04-21,16,88.3,75,116
6117666160,2016-04-21,17,86.0,65,104
6117666160,2016-04-21,21,88.1,74,109
6117666160,2016-04-21,22,84.0,69,98
6117666160,2016-04-21,23,83.1,69,97
6117666160,2016-04-22,0,93.4,84,108
6117666160,2016-04-22,1,93.5,76,109
6117666160,2016-04-22,2,76.3,71,97
6117666160,2016-04-22,3,73.8,61,94
6117666160,2016-04-22,4,72.5,65,86
6117666160,2016-04-22,5,65.2,56,88
6117666160,2016-04-22,6,62.2,53,92
6117666160,2016-04-22,7,68.6,56,100
6117666160,2016-04-22,8,63.1,55,90
6117666160,2016-04-22,9,72.7,56,101
6117666160,2016-04-22,10,85.3,70,100
6117666160,2016-04-22,11,85.9,72,105
6117666160,2016-04-22,12,91.2,69,123
6117666160,2016-04-22,13,86.2,67,113
6117666160,2016-04-22,14,82.3,69,108
6117666160,2016-04-22,15,87.4,70,108
6117666160,2016-04-22,16,87.7,72,107
6117666160,2016-04-22,17,90.9,68,139
6117666160,2016-04-22,18,89.2,61,111
6117666160,2016-04-22,19,95.3,81,113
6117666160,2016-04-22,20,94.2,77,113
6117666160,2016-04-22,21,83.2,64,100
6117666160,2016-04-22,22,76.7,61,108
6117666160,2016-04-22,23,72.6,64,95
6117666160,2016-04-23,0,70.2,61,78
6117666160,2016-04-23,1,71.4,62,87
6117666160,2016-04-23,2,68.3,57,95
6117666160,2016-04-23,3,62.7,55,87
6117666160,2016-04-23,4,62.0,54,76
6117666160,2016-04-23,5,63.7,55,71
6117666160,2016-04-23,6,61.6,55,94
6117666160,2016-04-23,7,68.1,55,102
6117666160,2016-04-23,8,82.7,64,107
6117666160,2016-04-23,9,90.0,77,112
6117666160,2016-04-23,10,88.1,75,108
6117666160,2016-04-23,11,90.8,79,113
6117666160,2016-04-23,12,92.0,77,108
6117666160,2016-04-23,13,90.3,75,116
6117666160,2016-04-23,14,88.7,62,108
6117666160,2016-04-23,15,90.7,65,121
6117666160,2016-04-23,16,91.2,70,114
6117666160,2016-04-23,17,88.7,62,111
6117666160,2016-04-23,18,89.9,69,111
6117666160,2016-04-23,19,85.9,72,105
6117666160,2016-04-23,20,88.0,57,118
6117666160,2016-04-23,21,81.3,72,95
6117666160,2016-04-23,22,80.8,67,92
6117666160,2016-04-23,23,88.3,69,119
6117666160,2016-04-24,0,84.9,69,129
6117666160,2016-04-24,1,84.1,69,118
6117666160,2016-04-24,2,79.8,66,92
6117666160,2016-04-24,3,78.0,68,96
6117666160,2016-04-24,4,75.0,59,89
6117666160,2016-04-24,5,69.7,59,78
6117666160,2016-04-24,6,71.2,56,95
6117666160,2016-04-24,7,75.1,55,95
6117666160,2016-04-24,8,83.5,57,115
6117666160,2016-04-24,9,93.3,78,115
6117666160,2016-04-24,10,99.1,83,115
6117666160,2016-04-24,11,86.7,60,102
6117666160,2016-04-24,12,93.4,73,110
6117666160,2016-04-24,13,93.8,78,111
6117666160,2016-04-24,14,90.5,87,97
6117666160,2016-04-24,15,96.7,88,100
6117666160,2016-04-24,18,70.0,70,70
6117666160,2016-04-24,19,70.0,70,70
6117666160,2016-04-26,7,94.9,70,122
6117666160,2016-04-26,8,86.9,71,107
6117666160,2016-04-26,9,81.2,66,111
6117666160,2016-04-26,10,76.7,60,87
6117666160,2016-04-26,11,87.5,69,112
6117666160,2016-04-26,12,95.9,77,116
6117666160,2016-04-26,13,92.9,67,112
6117666160,2016-04-26,14,89.7,67,106
6117666160,2016-04-26,15,97.8,72,124
6117666160,2016-04-26,16,101.8,69,136
6117666160,2016-04-26,17,98.6,81,120
6117666160,2016-04-26,18,98.4,83,115
6117666160,2016-04-26,19,96.7,84,114
6117666160,2016-04-26,20,96.1,71,117
6117666160,2016-04-26,21,79.2,70,103
6117666160,2016-04-26,22,80.3,68,102
6117666160,2016-04-26,23,79.1,61,113
6117666160,2016-04-27,0,69.3,58,86
6117666160,2016-04-27,1,69.5,59,81
6117666160,2016-04-27,2,63.5,55,87
6117666160,2016-04-27,3,64.1,56,83
6117666160,2016-04-27,4,60.9,54,71
6117666160,2016-04-27,5,62.1,52,90
6117666160,2016-04-27,6,67.8,58,87
6117666160,2016-04-27,7,63.8,53,94
6117666160,2016-04-27,8,71.5,58,93
6117666160,2016-04-27,9,82.5,59,110
6117666160,2016-04-27,10,79.0,65,91
6117666160,2016-04-27,11,90.3,76,115
6117666160,2016-04-27,12,100.8,89,119
6117666160,2016-04-27,13,98.3,82,121
6117666160,2016-04-27,14,94.7,79,116
6117666160,2016-04-27,15,92.3,60,115
6117666160,2016-04-27,16,91.2,66,120
6117666160,2016-04-27,17,98.2,79,121
6117666160,2016-04-27,18,101.5,85,126
6117666160,2016-04-27,19,94.6,78,121
6117666160,2016-04-27,20,95.8,80,111
6117666160,2016-04-27,21,90.9,73,119
6117666160,2016-04-27,22,84.7,62,113
6117666160,2016-04-27,23,85.2,69,108
6117666160,2016-04-28,0,82.2,66,94
6117666160,2016-04-28,1,77.2,63,89
6117666160,2016-04-28,2,68.7,61,84
6117666160,2016-04-28,3,65.8,57,106
6117666160,2016-04-28,4,64.7,55,82
6117666160,2016-04-28,5,61.9,54,99
6117666160,2016-04-28,6,63.9,55,83
6117666160,2016-04-28,7,71.1,62,86
6117666160,2016-04-28,8,77.3,63,111
6117666160,2016-04-28,9,79.7,70,110
6117666160,2016-04-28,10,93.8,72,112
6117666160,2016-04-28,11,78.6,59,100
6117666160,2016-04-28,12,84.4,75,94
6117666160,2016-04-28,13,85.1,72,99
6117666160,2016-04-28,14,85.3,79,91
6117666160,2016-04-28,15,86.3,78,108
6117666160,2016-04-28,16,92.9,66,145
6117666160,2016-04-28,17,95.7,70,126
6117666160,2016-04-28,18,82.2,64,100
6117666160,2016-04-28,19,87.4,69,103
6117666160,2016-04-28,20,90.1,79,100
6117666160,2016-04-28,21,83.8,70,116
6117666160,2016-04-28,22,79.1,69,95
6117666160,2016-04-28,23,84.3,76,100
6117666160,2016-04-29,0,74.0,68,82
6117666160,2016-04-29,1,78.0,70,87
6117666160,2016-04-29,2,69.6,60,81
6117666160,2016-04-29,3,64.8,56,78
6117666160,2016-04-29,4,66.2,57,79
6117666160,2016-04-29,5,65.9,56,94
6117666160,2016-04-29,6,62.1,55,89
6117666160,2016-04-29,7,63.5,55,89
6117666160,2016-04-29,8,75.6,56,103
6117666160,2016-04-29,9,79.8,64,95
6117666160,2016-04-29,10,86.7,64,115
6117666160,2016-04-29,11,93.2,66,115
6117666160,2016-04-29,12,97.4,78,119
6117666160,2016-04-29,13,94.1,64,116
6117666160,2016-04-29,14,91.2,74,115
6117666160,2016-04-29,15,90.4,71,108
6117666160,2016-04-29,16,89.8,63,114
6117666160,2016-04-29,17,93.0,73,117
6117666160,2016-04-29,18,90.7,70,110
6117666160,2016-04-29,19,90.8,74,109
6117666160,2016-04-29,20,90.5,69,121
6117666160,2016-04-29,21,77.8,67,100
6117666160,2016-04-29,22,80.9,65,98
6117666160,2016-04-29,23,83.1,74,97
6117666160,2016-04-30,0,92.8,70,110
6117666160,2016-04-30,5,70.0,70,70
6117666160,2016-04-30,9,74.6,70,79
6117666160,2016-04-30,10,86.2,66,107
6117666160,2016-04-30,11,81.5,63,106
6117666160,2016-04-30,12,84.1,70,100
6117666160,2016-04-30,13,87.5,76,108
6117666160,2016-04-30,14,86.4,75,104
6117666160,2016-04-30,15,90.2,75,126
6117666160,2016-04-30,16,86.2,66,103
6117666160,2016-04-30,17,88.3,66,105
6117666160,2016-04-30,18,85.1,53,102
6117666160,2016-04-30,19,88.4,58,111
6117666160,2016-04-30,20,89.1,72,109
6117666160,2016-04-30,21,93.0,56,189
6117666160,2016-04-30,22,78.7,63,117
6117666160,2016-04-30,23,67.2,58,86
6117666160,2016-05-01,0,81.5,62,98
6117666160,2016-05-01,1,74.3,62,86
6117666160,2016-05-01,2,78.8,60,114
6117666160,2016-05-01,3,70.3,55,79
6117666160,2016-05-01,4,70.8,60,82
6117666160,2016-05-01,5,68.4,60,91
6117666160,2016-05-01,6,68.9,59,88
6117666160,2016-05-01,7,67.0,56,86
6117666160,2016-05-01,8,69.7,55,84
6117666160,2016-05-01,9,81.2,61,108
6117666160,2016-05-01,10,84.8,67,112
6117666160,2016-05-01,11,88.2,74,109
6117666160,2016-05-01,12,86.4,75,101
6117666160,2016-05-01,13,91.4,80,105
6117666160,2016-05-01,14,89.3,86,97
6117666160,2016-05-01,15,84.9,79,94
6117666160,2016-05-02,3,86.9,61,113
6117666160,2016-05-02,4,88.0,69,123
6117666160,2016-05-02,5,92.8,75,110
6117666160,2016-05-02,6,88.2,69,112
6117666160,2016-05-02,7,93.0,68,114
6117666160,2016-05-02,8,97.0,75,114
6117666160,2016-05-02,9,96.4,72,112
6117666160,2016-05-04,18,102.5,76,115
6117666160,2016-05-04,19,105.7,78,122
6117666160,2016-05-04,20,94.4,68,124
6117666160,2016-05-04,21,87.4,64,111
6117666160,2016-05-04,22,84.8,69,106
6117666160,2016-05-04,23,81.7,62,110
6117666160,2016-05-05,0,83.2,67,92
6117666160,2016-05-05,1,72.5,64,88
6117666160,2016-05-05,2,67.6,57,85
6117666160,2016-05-05,3,64.8,55,98
6117666160,2016-05-05,4,59.1,53,83
6117666160,2016-05-05,5,60.1,53,106
6117666160,2016-05-05,6,62.6,52,85
6117666160,2016-05-05,7,82.3,55,118
6117666160,2016-05-05,8,82.4,66,109
6117666160,2016-05-05,9,95.4,78,113
6117666160,2016-05-05,10,92.4,62,114
6117666160,2016-05-05,11,98.2,83,116
6117666160,2016-05-05,12,91.5,63,117
6117666160,2016-05-05,13,90.4,63,113
6117666160,2016-05-05,14,91.8,70,116
6117666160,2016-05-05,15,95.3,72,114
6117666160,2016-05-05,16,98.6,81,116
6117666160,2016-05-05,17,93.4,68,111
6117666160,2016-05-05,18,91.2,73,120
6117666160,2016-05-05,19,92.6,81,108
6117666160,2016-05-05,20,90.3,78,103
6117666160,2016-05-05,21,81.7,72,94
6117666160,2016-05-05,22,90.7,67,116
6117666160,2016-05-05,23,81.0,65,91
6117666160,2016-05-06,0,79.0,63,99
6117666160,2016-05-06,1,71.9,55,85
6117666160,2016-05-06,2,66.9,58,86
6117666160,2016-05-06,3,64.3,57,76
6117666160,2016-05-06,4,61.6,58,66
6117666160,2016-05-06,5,61.5,54,82
6117666160,2016-05-06,13,78.0,65,84
6117666160,2016-05-06,18,90.8,74,126
6117666160,2016-05-06,19,85.4,69,110
6117666160,2016-05-06,20,78.5,62,91
6117666160,2016-05-06,21,79.5,64,91
6117666160,2016-05-06,22,75.6,62,92
6117666160,2016-05-06,23,71.1,63,81
6117666160,2016-05-07,0,78.6,61,106
6117666160,2016-05-07,1,67.2,56,80
6117666160,2016-05-07,2,73.5,60,91
6117666160,2016-05-07,3,72.9,56,92
6117666160,2016-05-07,4,68.6,59,83
6117666160,2016-05-07,5,64.6,54,95
6117666160,2016-05-07,6,65.9,55,104
6117666160,2016-05-07,7,68.9,56,108
6117666160,2016-05-07,8,87.2,71,105
6117666160,2016-05-07,9,88.2,75,108
6117666160,2016-05-07,10,92.7,65,112
6117666160,2016-05-07,11,100.4,76,117
6117666160,2016-05-07,12,94.7,67,114
6117666160,2016-05-07,13,100.0,79,122
6117666160,2016-05-07,14,104.0,85,121
6117666160,2016-05-07,15,93.9,81,108
6117666160,2016-05-07,16,88.7,65,107
6117666160,2016-05-07,17,91.6,68,118
6117666160,2016-05-07,18,82.2,66,122
6117666160,2016-05-07,19,82.1,63,99
6117666160,2016-05-07,20,85.5,74,93
6117666160,2016-05-07,21,89.8,71,126
6117666160,2016-05-07,22,82.5,76,90
6117666160,2016-05-07,23,73.7,61,97
6117666160,2016-05-08,0,76.2,64,98
6117666160,2016-05-08,1,73.1,52,86
6117666160,2016-05-08,2,66.6,58,84
6117666160,2016-05-08,3,66.8,55,83
6117666160,2016-05-08,4,67.7,55,93
6117666160,2016-05-08,5,64.6,55,86
6117666160,2016-05-08,6,64.6,55,92
6117666160,2016-05-08,7,66.6,57,93
6117666160,2016-05-08,8,70.8,57,86
6117666160,2016-05-08,9,88.7,64,118
6117666160,2016-05-08,10,91.2,79,108
6117666160,2016-05-08,11,89.2,70,106
6117666160,2016-05-08,12,87.7,72,103
6117666160,2016-05-08,13,87.1,65,105
6117666160,2016-05-08,14,81.7,57,101
6117666160,2016-05-08,15,92.4,77,113
6117666160,2016-05-08,16,86.3,57,116
6117666160,2016-05-08,17,93.0,63,114
6117666160,2016-05-08,18,94.4,68,111
6117666160,2016-05-08,19,75.8,63,95
6117666160,2016-05-08,20,80.5,67,94
6117666160,2016-05-08,21,87.6,74,106
6117666160,2016-05-08,22,91.1,67,115
6117666160,2016-05-08,23,80.1,71,94
6117666160,2016-05-09,0,74.2,63,100
6117666160,2016-05-09,1,67.9,57,79
6117666160,2016-05-09,2,63.2,54,103
6117666160,2016-05-09,3,62.5,54,85
6117666160,2016-05-09,4,64.7,58,102
6117666160,2016-05-09,5,61.0,52,102
6117666160,2016-05-09,6,64.2,54,82
6117666160,2016-05-09,7,77.2,53,105
6117666160,2016-05-09,8,83.4,70,104
6117666160,2016-05-09,9,89.7,75,108
6117666160,2016-05-09,10,88.1,67,106
6117666160,2016-05-09,11,88.4,75,100
6117666160,2016-05-09,12,94.1,66,113
6775888955,2016-04-13,2,76.9,63,106
6775888955,2016-04-13,3,66.1,56,90
6775888955,2016-04-13,4,69.6,58,135
6775888955,2016-04-13,5,66.6,57,82
6775888955,2016-04-13,6,65.2,55,102
6775888955,2016-04-13,7,77.7,59,119
6775888955,2016-04-13,8,96.2,64,130
6775888955,2016-04-13,9,77.4,67,90
6775888955,2016-04-13,10,85.5,73,101
6775888955,2016-04-13,16,70.0,70,70
6775888955,2016-04-13,18,70.0,70,70
6775888955,2016-04-13,19,100.4,89,116
6775888955,2016-04-13,20,96.7,83,132
6775888955,2016-04-13,21,88.9,79,104
6775888955,2016-04-13,22,99.9,82,124
6775888955,2016-04-13,23,93.6,72,116
6775888955,2016-04-14,0,76.4,69,89
6775888955,2016-04-14,1,75.1,67,96
6775888955,2016-04-14,2,73.2,62,102
6775888955,2016-04-14,3,69.3,59,92
6775888955,2016-04-14,4,69.2,60,90
6775888955,2016-04-14,5,65.5,58,75
6775888955,2016-04-14,6,65.3,57,98
6775888955,2016-04-14,7,75.2,57,121
6775888955,2016-04-14,8,86.1,61,134
6775888955,2016-04-14,9,72.5,61,105
6775888955,2016-04-14,10,75.9,62,119
6775888955,2016-04-14,11,71.7,60,87
6775888955,2016-04-14,12,93.3,67,118
6775888955,2016-04-14,20,111.3,70,126
6775888955,2016-04-14,21,93.9,77,126
6775888955,2016-04-14,22,86.8,69,108
6775888955,2016-04-14,23,88.3,78,120
6775888955,2016-04-15,0,81.6,73,97
6775888955,2016-04-15,1,82.4,67,94
6775888955,2016-04-15,2,76.9,68,87
6775888955,2016-04-15,3,73.3,66,91
6775888955,2016-04-15,4,73.4,66,92
6775888955,2016-04-15,5,72.8,66,80
6775888955,2016-04-15,6,72.5,62,100
6775888955,2016-04-15,7,96.2,69,122
6775888955,2016-04-15,8,94.6,69,126
6775888955,2016-04-15,9,79.5,68,116
6775888955,2016-04-15,12,79.3,70,103
6775888955,2016-04-15,13,75.0,70,80
6775888955,2016-04-15,14,70.0,70,70
6775888955,2016-04-15,16,94.7,70,107
6775888955,2016-04-16,18,108.2,91,126
6775888955,2016-04-16,19,110.2,93,143
6775888955,2016-04-16,20,113.0,113,113
6775888955,2016-04-16,21,70.0,70,70
6775888955,2016-04-16,23,70.0,70,70
6775888955,2016-04-17,1,70.0,70,70
6775888955,2016-04-17,6,70.0,70,70
6775888955,2016-04-17,7,70.0,70,70
6775888955,2016-04-17,8,103.7,89,118
6775888955,2016-04-17,9,98.8,90,108
6775888955,2016-04-18,9,85.2,76,114
6775888955,2016-04-18,10,81.8,66,118
6775888955,2016-04-18,11,106.9,72,132
6775888955,2016-04-18,12,104.1,85,130
6775888955,2016-04-18,13,99.2,80,122
6775888955,2016-04-18,14,95.6,81,116
6775888955,2016-04-18,15,100.0,83,117
6775888955,2016-04-18,16,78.7,70,83
6775888955,2016-04-18,20,83.0,83,83
6775888955,2016-04-18,22,159.7,151,177
6775888955,2016-04-19,0,116.9,70,177
6775888955,2016-04-19,1,70.0,70,70
6775888955,2016-04-19,6,72.7,66,76
6775888955,2016-04-20,6,118.0,108,134
6775888955,2016-04-20,7,103.2,70,140
6775888955,2016-04-20,8,99.2,73,137
6775888955,2016-04-20,9,106.7,74,140
6775888955,2016-04-20,10,108.8,85,121
6775888955,2016-04-20,11,110.9,84,128
6775888955,2016-04-20,12,102.4,81,124
6775888955,2016-04-20,13,104.4,81,126
6775888955,2016-04-20,14,99.9,86,123
6775888955,2016-04-20,15,110.0,89,155
6775888955,2016-04-20,16,110.2,85,130
6775888955,2016-04-20,17,103.1,72,117
6775888955,2016-04-20,18,108.5,89,126
6775888955,2016-04-22,7,110.9,103,123
6775888955,2016-04-22,8,89.4,66,116
6775888955,2016-04-24,11,111.6,98,121
6775888955,2016-04-24,12,113.0,113,113
6775888955,2016-04-24,16,84.3,70,113
6775888955,2016-04-24,17,70.0,70,70
6775888955,2016-04-24,18,110.0,94,140
6775888955,2016-04-25,9,118.7,107,131
6775888955,2016-04-25,10,93.8,73,124
6775888955,2016-04-25,11,88.8,71,117
6775888955,2016-04-25,12,96.6,70,124
6775888955,2016-04-25,13,94.3,70,127
6775888955,2016-04-25,15,70.0,70,70
6775888955,2016-04-25,18,70.0,70,70
6775888955,2016-04-25,21,64.5,58,70
6775888955,2016-04-26,5,116.5,94,143
6775888955,2016-04-26,6,117.6,87,143
6775888955,2016-04-26,7,87.0,87,87
6775888955,2016-04-26,8,103.3,75,131
6775888955,2016-04-26,9,92.2,72,124
6775888955,2016-04-26,10,71.1,70,74
6775888955,2016-04-26,11,64.6,60,75
6775888955,2016-04-26,12,72.3,56,92
6775888955,2016-04-26,13,65.4,61,70
6775888955,2016-04-26,17,66.0,66,66
6775888955,2016-04-26,18,115.0,66,133
6775888955,2016-04-26,19,116.0,107,134
6775888955,2016-04-28,2,70.0,70,70
6775888955,2016-04-28,7,70.0,70,70
6775888955,2016-04-28,8,70.0,70,70
6775888955,2016-04-28,13,113.2,70,134
6775888955,2016-04-28,14,106.3,75,133
6775888955,2016-04-28,16,70.0,70,70
6775888955,2016-04-28,18,70.0,70,70
6775888955,2016-04-28,20,76.0,76,76
6775888955,2016-04-29,6,89.0,89,89
6775888955,2016-04-29,8,70.0,70,70
6775888955,2016-04-29,14,71.2,71,72
6775888955,2016-04-29,16,88.0,70,109
6775888955,2016-04-30,6,70.0,70,70
6775888955,2016-04-30,9,70.0,70,70
6775888955,2016-04-30,16,70.0,70,70
6775888955,2016-04-30,19,110.7,70,125
6775888955,2016-04-30,20,91.9,84,106
6775888955,2016-04-30,21,100.1,89,117
6775888955,2016-04-30,22,91.0,68,117
6775888955,2016-04-30,23,93.0,82,115
6775888955,2016-05-01,0,99.7,78,126
6775888955,2016-05-01,1,78.0,70,94
6775888955,2016-05-01,9,70.0,70,70
6775888955,2016-05-01,10,70.0,70,70
6775888955,2016-05-01,12,105.7,70,125
6775888955,2016-05-01,13,119.3,112,129
6775888955,2016-05-01,16,105.3,70,129
6775888955,2016-05-01,17,113.3,89,127
6775888955,2016-05-06,18,99.7,71,132
6775888955,2016-05-06,19,99.2,85,121
6775888955,2016-05-06,20,105.3,84,135
6775888955,2016-05-06,21,100.2,80,129
6775888955,2016-05-06,22,95.8,80,114
6775888955,2016-05-06,23,93.1,73,128
6775888955,2016-05-07,0,111.1,100,118
6775888955,2016-05-07,7,101.9,70,117
6775888955,2016-05-07,8,97.1,83,118
6775888955,2016-05-07,9,83.7,74,92
6775888955,2016-05-07,10,84.2,76,94
6962181067,2016-04-12,0,73.0,66,88
6962181067,2016-04-12,1,71.1,67,96
6962181067,2016-04-12,2,70.1,60,78
6962181067,2016-04-12,3,67.9,64,82
6962181067,2016-04-12,4,64.0,60,70
6962181067,2016-04-12,5,66.6,60,85
6962181067,2016-04-12,6,68.0,61,86
6962181067,2016-04-12,7,77.7,65,98
6962181067,2016-04-12,8,74.1,59,96
6962181067,2016-04-12,9,106.4,65,134
6962181067,2016-04-12,10,118.9,80,176
6962181067,2016-04-12,11,82.0,70,102
6962181067,2016-04-12,12,75.2,68,91
6962181067,2016-04-12,13,75.5,67,97
6962181067,2016-04-12,14,75.6,68,89
6962181067,2016-04-12,15,76.1,67,98
6962181067,2016-04-12,16,78.2,65,110
6962181067,2016-04-12,17,84.0,65,106
6962181067,2016-04-12,18,91.8,73,111
6962181067,2016-04-12,19,94.7,47,122
6962181067,2016-04-12,20,100.0,100,100
6962181067,2016-04-12,22,74.7,64,115
6962181067,2016-04-12,23,80.0,71,99
6962181067,2016-04-13,0,77.4,72,94
6962181067,2016-04-13,1,79.3,73,106
6962181067,2016-04-13,2,82.7,74,95
6962181067,2016-04-13,3,84.4,76,95
6962181067,2016-04-13,4,77.5,70,101
6962181067,2016-04-13,5,74.3,69,86
6962181067,2016-04-13,6,72.2,67,90
6962181067,2016-04-13,7,73.0,67,97
6962181067,2016-04-13,8,78.0,67,100
6962181067,2016-04-13,9,78.2,72,98
6962181067,2016-04-13,10,73.6,67,87
6962181067,2016-04-13,11,72.0,68,97
6962181067,2016-04-13,12,81.3,73,96
6962181067,2016-04-13,13,92.0,77,116
6962181067,2016-04-13,14,81.7,70,133
6962181067,2016-04-13,15,90.7,73,112
6962181067,2016-04-13,16,82.9,73,98
6962181067,2016-04-13,17,92.9,65,120
6962181067,2016-04-13,18,92.3,71,149
6962181067,2016-04-13,19,77.9,68,93
6962181067,2016-04-13,20,83.9,59,106
6962181067,2016-04-13,21,76.5,69,94
6962181067,2016-04-13,22,81.5,70,103
6962181067,2016-04-13,23,68.4,61,84
6962181067,2016-04-14,0,66.0,63,73
6962181067,2016-04-14,1,69.5,64,88
6962181067,2016-04-14,2,68.6,64,83
6962181067,2016-04-14,3,66.2,62,83
6962181067,2016-04-14,4,66.0,63,81
6962181067,2016-04-14,5,66.2,60,101
6962181067,2016-04-14,6,67.6,63,93
6962181067,2016-04-14,7,66.6,61,90
6962181067,2016-04-14,8,74.2,62,100
6962181067,2016-04-14,9,75.7,61,104
6962181067,2016-04-14,10,73.6,66,87
6962181067,2016-04-14,11,71.7,62,91
6962181067,2016-04-14,12,77.0,63,98
6962181067,2016-04-14,13,71.7,64,86
6962181067,2016-04-14,14,69.0,60,87
6962181067,2016-04-14,15,71.1,60,93
6962181067,2016-04-14,16,63.4,55,76
6962181067,2016-04-14,17,68.5,58,131
6962181067,2016-04-14,18,69.8,60,84
6962181067,2016-04-14,19,70.5,65,80
6962181067,2016-04-14,20,74.1,63,95
6962181067,2016-04-14,21,69.8,62,83
6962181067,2016-04-14,22,74.8,63,109
6962181067,2016-04-14,23,66.2,62,76
6962181067,2016-04-15,0,65.5,59,91
6962181067,2016-04-15,1,62.9,59,68
6962181067,2016-04-15,2,62.5,59,74
6962181067,2016-04-15,3,60.9,57,74
6962181067,2016-04-15,4,61.4,57,67
6962181067,2016-04-15,5,60.4,57,86
6962181067,2016-04-15,6,62.7,54,93
6962181067,2016-04-15,7,86.5,67,113
6962181067,2016-04-15,8,84.6,62,107
6962181067,2016-04-15,9,92.6,66,115
6962181067,2016-04-15,10,69.4,57,79
6962181067,2016-04-15,11,81.3,60,107
6962181067,2016-04-15,12,78.6,68,101
6962181067,2016-04-15,13,71.8,60,84
6962181067,2016-04-15,14,72.3,62,91
6962181067,2016-04-15,15,68.0,57,81
6962181067,2016-04-15,16,67.3,62,73
6962181067,2016-04-15,17,69.5,63,88
6962181067,2016-04-15,18,80.6,62,105
6962181067,2016-04-15,19,71.8,62,89
6962181067,2016-04-15,20,74.9,68,89
6962181067,2016-04-15,21,75.2,71,88
6962181067,2016-04-15,22,73.6,65,83
6962181067,2016-04-15,23,72.3,67,95
6962181067,2016-04-16,0,68.9,63,81
6962181067,2016-04-16,1,66.5,59,82
6962181067,2016-04-16,2,62.3,59,67
6962181067,2016-04-16,3,62.8,59,69
6962181067,2016-04-16,4,60.8,55,69
6962181067,2016-04-16,5,61.2,56,73
6962181067,2016-04-16,6,61.0,57,67
6962181067,2016-04-16,7,67.5,59,91
6962181067,2016-04-16,8,89.2,72,114
6962181067,2016-04-16,9,113.4,87,142
6962181067,2016-04-16,10,96.3,72,126
6962181067,2016-04-16,11,88.9,69,107
6962181067,2016-04-16,12,81.8,69,108
6962181067,2016-04-16,13,76.7,62,100
6962181067,2016-04-16,14,74.9,68,89
6962181067,2016-04-16,15,83.1,69,105
6962181067,2016-04-16,16,80.5,71,95
6962181067,2016-04-16,17,81.0,69,113
6962181067,2016-04-16,18,82.6,67,97
6962181067,2016-04-16,19,92.3,69,134
6962181067,2016-04-16,20,76.7,66,102
6962181067,2016-04-16,21,70.3,63,81
6962181067,2016-04-16,22,68.6,63,86
6962181067,2016-04-16,23,67.6,60,93
6962181067,2016-04-17,0,63.6,60,72
6962181067,2016-04-17,1,63.7,59,68
6962181067,2016-04-17,2,64.5,59,81
6962181067,2016-04-17,3,66.0,61,81
6962181067,2016-04-17,4,64.4,59,89
6962181067,2016-04-17,5,63.9,58,79
6962181067,2016-04-17,6,64.3,61,83
6962181067,2016-04-17,7,72.5,58,96
6962181067,2016-04-17,8,84.1,61,116
6962181067,2016-04-17,9,83.9,69,139
6962181067,2016-04-17,10,80.5,61,110
6962181067,2016-04-17,11,76.8,60,110
6962181067,2016-04-17,12,84.5,63,104
6962181067,2016-04-17,13,76.9,65,107
6962181067,2016-04-17,14,75.1,63,89
6962181067,2016-04-17,15,91.7,68,122
6962181067,2016-04-17,16,91.7,69,113
6962181067,2016-04-17,17,84.1,64,104
6962181067,2016-04-17,18,83.3,62,112
6962181067,2016-04-17,19,85.2,66,132
6962181067,2016-04-17,21,73.7,59,118
6962181067,2016-04-17,22,66.8,60,80
6962181067,2016-04-17,23,64.4,59,75
6962181067,2016-04-18,0,65.3,60,75
6962181067,2016-04-18,1,63.1,59,72
6962181067,2016-04-18,2,63.7,59,68
6962181067,2016-04-18,3,64.0,58,92
6962181067,2016-04-18,4,59.3,55,63
6962181067,2016-04-18,5,61.5,55,75
6962181067,2016-04-18,6,61.2,55,75
6962181067,2016-04-18,7,81.2,63,108
6962181067,2016-04-18,8,80.6,62,109
6962181067,2016-04-18,9,72.2,59,111
6962181067,2016-04-18,10,72.4,60,113
6962181067,2016-04-18,11,105.8,72,128
6962181067,2016-04-18,12,92.5,62,119
6962181067,2016-04-18,13,77.9,66,96
6962181067,2016-04-18,14,68.6,61,75
6962181067,2016-04-18,15,78.3,60,111
6962181067,2016-04-18,16,87.2,68,106
6962181067,2016-04-18,17,84.7,68,105
6962181067,2016-04-18,18,79.5,62,103
6962181067,2016-04-18,19,83.7,70,110
6962181067,2016-04-18,22,85.3,67,134
6962181067,2016-04-18,23,63.3,57,76
6962181067,2016-04-19,0,62.5,59,76
6962181067,2016-04-19,1,61.2,58,64
6962181067,2016-04-19,2,63.8,59,84
6962181067,2016-04-19,3,63.0,59,75
6962181067,2016-04-19,4,65.3,58,77
6962181067,2016-04-19,5,60.9,58,80
6962181067,2016-04-19,6,64.4,59,76
6962181067,2016-04-19,7,66.7,62,84
6962181067,2016-04-19,8,86.0,62,117
6962181067,2016-04-19,9,92.4,64,135
6962181067,2016-04-19,10,105.8,75,130
6962181067,2016-04-19,11,77.3,63,97
6962181067,2016-04-19,12,74.3,67,83
6962181067,2016-04-19,13,76.9,62,107
6962181067,2016-04-19,14,77.8,67,97
6962181067,2016-04-19,15,89.5,70,112
6962181067,2016-04-19,16,92.5,64,127
6962181067,2016-04-19,17,91.6,67,122
6962181067,2016-04-19,18,75.8,64,117
6962181067,2016-04-19,19,79.8,67,99
6962181067,2016-04-19,20,74.8,63,87
6962181067,2016-04-19,21,73.1,65,87
6962181067,2016-04-19,22,76.3,70,86
6962181067,2016-04-19,23,69.4,60,84
6962181067,2016-04-20,0,64.4,61,71
6962181067,2016-04-20,1,65.6,59,74
6962181067,2016-04-20,2,61.7,58,66
6962181067,2016-04-20,3,62.0,59,74
6962181067,2016-04-20,4,63.4,58,75
6962181067,2016-04-20,5,61.6,56,68
6962181067,2016-04-20,6,66.5,61,81
6962181067,2016-04-20,7,81.1,68,99
6962181067,2016-04-20,8,82.6,62,117
6962181067,2016-04-20,9,101.7,72,124
6962181067,2016-04-20,10,94.7,66,137
6962181067,2016-04-20,11,82.0,66,101
6962181067,2016-04-20,12,86.9,69,99
6962181067,2016-04-20,13,68.1,62,79
6962181067,2016-04-20,14,66.1,53,90
6962181067,2016-04-20,15,76.7,50,95
6962181067,2016-04-20,16,65.9,58,73
6962181067,2016-04-20,17,74.5,55,121
6962181067,2016-04-20,18,80.9,65,115
6962181067,2016-04-20,19,74.0,62,104
6962181067,2016-04-20,20,83.3,62,121
6962181067,2016-04-20,21,63.1,54,80
6962181067,2016-04-20,22,63.1,53,79
6962181067,2016-04-20,23,62.9,57,80
6962181067,2016-04-21,0,65.9,63,73
6962181067,2016-04-21,1,67.0,64,69
6962181067,2016-04-21,2,63.7,60,80
6962181067,2016-04-21,3,65.5,55,98
6962181067,2016-04-21,4,57.8,49,84
6962181067,2016-04-21,5,60.0,55,67
6962181067,2016-04-21,6,62.0,57,77
6962181067,2016-04-21,7,83.7,65,107
6962181067,2016-04-21,8,79.8,64,101
6962181067,2016-04-21,9,91.4,60,115
6962181067,2016-04-21,10,108.2,73,156
6962181067,2016-04-21,11,85.1,65,102
6962181067,2016-04-21,12,128.9,78,173
6962181067,2016-04-21,13,88.3,68,107
6962181067,2016-04-21,14,74.2,62,88
6962181067,2016-04-21,15,67.4,58,82
6962181067,2016-04-21,16,83.3,58,118
6962181067,2016-04-21,17,71.5,57,100
6962181067,2016-04-21,18,76.3,60,99
6962181067,2016-04-21,19,68.1,59,77
6962181067,2016-04-21,20,65.4,58,81
6962181067,2016-04-21,21,71.6,64,79
6962181067,2016-04-21,22,68.5,62,81
6962181067,2016-04-21,23,64.6,57,89
6962181067,2016-04-22,0,61.8,59,67
6962181067,2016-04-22,1,62.8,59,69
6962181067,2016-04-22,2,62.3,58,69
6962181067,2016-04-22,3,60.7,56,68
6962181067,2016-04-22,4,60.1,55,65
6962181067,2016-04-22,5,63.0,56,75
6962181067,2016-04-22,6,64.7,58,82
6962181067,2016-04-22,7,87.1,69,107
6962181067,2016-04-22,8,77.6,64,98
6962181067,2016-04-22,9,100.2,64,129
6962181067,2016-04-22,10,79.9,67,121
6962181067,2016-04-22,11,80.3,62,111
6962181067,2016-04-22,12,120.8,64,169
6962181067,2016-04-22,13,76.0,64,92
6962181067,2016-04-22,14,73.4,65,93
6962181067,2016-04-22,15,68.0,56,90
6962181067,2016-04-22,16,77.5,60,107
6962181067,2016-04-22,17,75.1,63,102
6962181067,2016-04-22,18,79.0,66,99
6962181067,2016-04-22,19,74.7,60,102
6962181067,2016-04-22,20,76.8,70,84
6962181067,2016-04-22,21,67.4,57,124
6962181067,2016-04-22,22,68.4,62,82
6962181067,2016-04-22,23,64.4,60,75
6962181067,2016-04-23,0,61.1,57,65
6962181067,2016-04-23,1,63.3,62,66
6962181067,2016-04-23,2,63.4,55,67
6962181067,2016-04-23,3,58.6,53,63
6962181067,2016-04-23,4,58.5,52,74
6962181067,2016-04-23,5,59.5,53,67
6962181067,2016-04-23,6,60.6,55,85
6962181067,2016-04-23,7,62.1,55,84
6962181067,2016-04-23,8,83.2,61,111
6962181067,2016-04-23,9,122.1,85,152
6962181067,2016-04-23,10,96.5,75,125
6962181067,2016-04-23,11,76.5,66,101
6962181067,2016-04-23,12,78.3,62,103
6962181067,2016-04-23,13,77.8,67,102
6962181067,2016-04-23,14,87.8,68,112
6962181067,2016-04-23,15,86.4,70,106
6962181067,2016-04-23,16,92.2,70,114
6962181067,2016-04-23,17,102.9,75,118
6962181067,2016-04-23,18,86.8,74,117
6962181067,2016-04-23,19,89.9,71,111
6962181067,2016-04-23,20,79.4,67,109
6962181067,2016-04-23,21,76.5,63,97
6962181067,2016-04-23,22,70.0,64,85
6962181067,2016-04-23,23,82.1,60,105
6962181067,2016-04-24,0,58.2,51,66
6962181067,2016-04-24,1,57.7,53,78
6962181067,2016-04-24,2,59.7,55,71
6962181067,2016-04-24,3,60.2,52,81
6962181067,2016-04-24,4,56.8,49,81
6962181067,2016-04-24,5,58.8,53,66
6962181067,2016-04-24,6,59.6,55,65
6962181067,2016-04-24,7,60.0,55,67
6962181067,2016-04-24,8,60.7,50,77
6962181067,2016-04-24,9,74.6,59,100
6962181067,2016-04-24,10,83.2,65,114
6962181067,2016-04-24,11,82.4,69,109
6962181067,2016-04-24,12,81.1,64,104
6962181067,2016-04-24,13,72.6,63,95
6962181067,2016-04-24,14,69.8,61,88
6962181067,2016-04-24,15,63.3,54,75
6962181067,2016-04-24,16,76.9,61,104
6962181067,2016-04-24,17,79.1,65,105
6962181067,2016-04-24,18,75.6,60,93
6962181067,2016-04-24,19,71.6,62,89
6962181067,2016-04-24,20,70.1,53,92
6962181067,2016-04-24,21,65.7,56,101
6962181067,2016-04-24,22,64.8,56,95
6962181067,2016-04-24,23,62.7,57,77
6962181067,2016-04-25,0,61.0,57,67
6962181067,2016-04-25,1,62.7,57,83
6962181067,2016-04-25,2,60.4,55,77
6962181067,2016-04-25,3,59.9,54,73
6962181067,2016-04-25,4,59.2,53,85
6962181067,2016-04-25,5,57.7,51,81
6962181067,2016-04-25,6,58.0,53,81
6962181067,2016-04-25,7,84.0,59,107
6962181067,2016-04-25,8,85.9,67,114
6962181067,2016-04-25,9,83.2,62,115
6962181067,2016-04-25,10,99.4,64,128
6962181067,2016-04-25,11,73.8,62,97
6962181067,2016-04-25,12,91.8,69,142
6962181067,2016-04-25,13,72.7,60,87
6962181067,2016-04-25,14,71.4,61,95
6962181067,2016-04-25,15,72.5,59,119
6962181067,2016-04-25,16,80.5,63,107
6962181067,2016-04-25,17,86.4,62,119
6962181067,2016-04-25,18,69.8,56,89
6962181067,2016-04-25,19,74.0,65,94
6962181067,2016-04-25,20,68.2,59,87
6962181067,2016-04-25,21,69.4,62,78
6962181067,2016-04-25,22,65.3,56,92
6962181067,2016-04-25,23,59.5,55,78
6962181067,2016-04-26,0,60.8,57,70
6962181067,2016-04-26,1,60.0,55,69
6962181067,2016-04-26,2,57.2,54,62
6962181067,2016-04-26,3,56.6,52,61
6962181067,2016-04-26,4,58.0,51,86
6962181067,2016-04-26,5,58.9,52,76
6962181067,2016-04-26,6,65.8,51,98
6962181067,2016-04-26,7,80.1,64,106
6962181067,2016-04-26,8,78.6,66,100
6962181067,2016-04-26,9,81.9,65,109
6962181067,2016-04-26,10,80.3,63,103
6962181067,2016-04-26,11,84.5,63,114
6962181067,2016-04-26,12,109.4,69,140
6962181067,2016-04-26,13,80.0,65,108
6962181067,2016-04-26,14,70.7,60,84
6962181067,2016-04-26,15,68.7,58,91
6962181067,2016-04-26,16,69.5,57,94
6962181067,2016-04-26,17,71.8,58,95
6962181067,2016-04-26,18,75.6,66,97
6962181067,2016-04-26,19,73.6,62,92
6962181067,2016-04-26,20,69.7,58,98
6962181067,2016-04-26,22,71.4,63,94
6962181067,2016-04-26,23,62.3,57,77
6962181067,2016-04-27,0,65.4,57,72
6962181067,2016-04-27,1,65.1,61,87
6962181067,2016-04-27,2,60.4,55,75
6962181067,2016-04-27,3,59.7,55,73
6962181067,2016-04-27,4,61.6,58,70
6962181067,2016-04-27,5,60.0,56,72
6962181067,2016-04-27,6,63.3,57,92
6962181067,2016-04-27,7,80.8,63,98
6962181067,2016-04-27,8,77.9,61,104
6962181067,2016-04-27,9,74.1,62,97
6962181067,2016-04-27,10,75.6,63,99
6962181067,2016-04-27,11,92.6,69,106
6962181067,2016-04-27,12,78.1,64,115
6962181067,2016-04-27,13,68.4,60,77
6962181067,2016-04-27,14,67.8,54,90
6962181067,2016-04-27,15,66.4,59,72
6962181067,2016-04-27,16,79.2,56,109
6962181067,2016-04-27,17,77.6,53,108
6962181067,2016-04-27,18,87.8,67,116
6962181067,2016-04-27,19,82.8,64,114
6962181067,2016-04-27,20,89.9,62,142
6962181067,2016-04-27,21,77.4,58,136
6962181067,2016-04-27,22,59.7,53,85
6962181067,2016-04-27,23,64.3,54,85
6962181067,2016-04-28,0,59.6,56,74
6962181067,2016-04-28,1,60.2,57,66
6962181067,2016-04-28,2,63.3,58,89
6962181067,2016-04-28,3,62.7,59,70
6962181067,2016-04-28,4,62.8,58,78
6962181067,2016-04-28,5,62.7,58,77
6962181067,2016-04-28,6,62.3,56,70
6962181067,2016-04-28,7,61.9,54,77
6962181067,2016-04-28,8,80.1,56,102
6962181067,2016-04-28,9,80.9,63,101
6962181067,2016-04-28,10,82.5,66,106
6962181067,2016-04-28,11,86.4,68,115
6962181067,2016-04-28,12,119.9,69,166
6962181067,2016-04-28,13,111.0,67,174
6962181067,2016-04-28,14,76.3,61,95
6962181067,2016-04-28,15,78.2,60,109
6962181067,2016-04-28,16,70.1,60,96
6962181067,2016-04-28,17,85.0,61,108
6962181067,2016-04-28,18,75.9,59,111
6962181067,2016-04-28,19,76.6,63,122
6962181067,2016-04-28,20,72.1,61,99
6962181067,2016-04-28,23,63.8,56,76
6962181067,2016-04-29,0,60.6,57,66
6962181067,2016-04-29,1,64.3,60,81
6962181067,2016-04-29,2,65.7,61,73
6962181067,2016-04-29,3,68.7,63,71
6962181067,2016-04-29,4,64.7,58,69
6962181067,2016-04-29,5,62.6,56,72
6962181067,2016-04-29,6,67.5,58,101
6962181067,2016-04-29,7,82.2,63,104
6962181067,2016-04-29,8,80.5,56,112
6962181067,2016-04-29,9,94.6,69,129
6962181067,2016-04-29,10,108.3,89,127
6962181067,2016-04-29,11,86.2,69,113
6962181067,2016-04-29,12,103.3,59,141
6962181067,2016-04-29,13,78.6,67,103
6962181067,2016-04-29,14,73.6,60,93
6962181067,2016-04-29,15,79.1,63,109
6962181067,2016-04-29,16,81.7,67,104
6962181067,2016-04-29,17,84.3,66,116
6962181067,2016-04-29,18,88.9,69,116
6962181067,2016-04-29,19,82.2,66,111
6962181067,2016-04-29,20,75.1,63,102
6962181067,2016-04-29,21,71.0,63,86
6962181067,2016-04-29,22,83.6,70,125
6962181067,2016-04-29,23,70.3,64,92
6962181067,2016-04-30,0,69.4,63,80
6962181067,2016-04-30,1,66.3,59,81
6962181067,2016-04-30,2,62.3,58,67
6962181067,2016-04-30,3,60.9,55,77
6962181067,2016-04-30,4,62.7,58,72
6962181067,2016-04-30,5,62.9,59,68
6962181067,2016-04-30,6,63.9,59,75
6962181067,2016-04-30,7,63.8,58,83
6962181067,2016-04-30,8,67.4,56,93
6962181067,2016-04-30,9,76.0,62,103
6962181067,2016-04-30,10,114.1,62,141
6962181067,2016-04-30,11,89.4,71,109
6962181067,2016-04-30,12,86.0,70,106
6962181067,2016-04-30,13,90.7,71,117
6962181067,2016-04-30,14,81.3,65,110
6962181067,2016-04-30,15,75.9,62,107
6962181067,2016-04-30,16,64.2,53,75
6962181067,2016-04-30,17,75.4,54,105
6962181067,2016-04-30,18,82.9,65,103
6962181067,2016-04-30,19,73.8,57,97
6962181067,2016-04-30,20,89.7,68,122
6962181067,2016-05-01,0,66.3,56,127
6962181067,2016-05-01,1,61.2,56,73
6962181067,2016-05-01,2,60.7,56,69
6962181067,2016-05-01,3,71.1,60,90
6962181067,2016-05-01,4,65.3,61,69
6962181067,2016-05-01,5,69.2,58,92
6962181067,2016-05-01,6,66.0,59,89
6962181067,2016-05-01,7,67.2,61,83
6962181067,2016-05-01,8,82.0,65,112
6962181067,2016-05-01,9,83.4,65,109
6962181067,2016-05-01,10,85.8,67,108
6962181067,2016-05-01,11,71.7,58,94
6962181067,2016-05-01,12,75.9,64,86
6962181067,2016-05-01,13,77.3,66,93
6962181067,2016-05-01,14,74.0,64,93
6962181067,2016-05-01,15,70.5,60,93
6962181067,2016-05-01,16,69.8,61,79
6962181067,2016-05-01,17,81.0,66,99
6962181067,2016-05-01,18,81.1,62,105
6962181067,2016-05-01,19,78.5,62,108
6962181067,2016-05-01,20,70.0,63,76
6962181067,2016-05-01,21,71.1,65,82
6962181067,2016-05-01,22,69.1,61,120
6962181067,2016-05-01,23,65.8,60,71
6962181067,2016-05-02,0,65.5,61,70
6962181067,2016-05-02,1,66.2,60,80
6962181067,2016-05-02,2,65.6,61,83
6962181067,2016-05-02,3,65.4,58,76
6962181067,2016-05-02,4,65.0,60,90
6962181067,2016-05-02,5,64.0,59,78
6962181067,2016-05-02,6,69.9,61,99
6962181067,2016-05-02,7,84.7,66,108
6962181067,2016-05-02,8,81.0,65,104
6962181067,2016-05-02,9,86.7,65,118
6962181067,2016-05-02,10,75.6,63,102
6962181067,2016-05-02,11,80.3,64,102
6962181067,2016-05-02,12,106.6,71,140
6962181067,2016-05-02,13,77.3,68,88
6962181067,2016-05-02,14,75.2,61,100
6962181067,2016-05-02,15,78.0,67,98
6962181067,2016-05-02,16,82.3,56,112
6962181067,2016-05-02,17,82.3,64,100
6962181067,2016-05-02,18,88.4,70,115
6962181067,2016-05-02,19,101.1,69,132
6962181067,2016-05-02,20,76.9,62,117
6962181067,2016-05-02,21,75.7,61,91
6962181067,2016-05-02,22,72.5,61,92
6962181067,2016-05-02,23,68.7,62,81
6962181067,2016-05-03,0,64.5,61,70
6962181067,2016-05-03,1,67.1,63,85
6962181067,2016-05-03,2,66.5,63,69
6962181067,2016-05-03,3,63.1,56,80
6962181067,2016-05-03,4,65.5,59,95
6962181067,2016-05-03,5,61.9,58,66
6962181067,2016-05-03,6,64.3,57,84
6962181067,2016-05-03,7,84.9,65,105
6962181067,2016-05-03,8,86.7,64,113
6962181067,2016-05-03,9,69.1,59,110
6962181067,2016-05-03,10,79.1,53,157
6962181067,2016-05-03,11,93.6,61,152
6962181067,2016-05-03,12,92.5,75,109
6962181067,2016-05-03,13,84.5,61,122
6962181067,2016-05-03,14,72.6,60,102
6962181067,2016-05-03,15,85.7,64,109
6962181067,2016-05-03,16,74.2,62,109
6962181067,2016-05-03,17,72.6,61,82
6962181067,2016-05-03,18,77.0,61,110
6962181067,2016-05-03,19,71.8,61,92
6962181067,2016-05-03,20,72.0,62,92
6962181067,2016-05-03,21,66.1,57,80
6962181067,2016-05-03,22,68.2,63,106
6962181067,2016-05-03,23,65.5,60,82
6962181067,2016-05-04,0,65.8,62,79
6962181067,2016-05-04,1,66.3,59,90
6962181067,2016-05-04,2,66.5,63,78
6962181067,2016-05-04,3,61.9,55,88
6962181067,2016-05-04,4,62.5,58,83
6962181067,2016-05-04,5,61.2,56,80
6962181067,2016-05-04,6,65.1,57,104
6962181067,2016-05-04,7,81.7,63,105
6962181067,2016-05-04,8,79.7,58,101
6962181067,2016-05-04,9,103.7,61,151
6962181067,2016-05-04,10,118.3,77,174
6962181067,2016-05-04,11,89.7,67,118
6962181067,2016-05-04,12,79.4,66,105
6962181067,2016-05-04,13,67.2,61,78
6962181067,2016-05-04,14,69.8,63,85
6962181067,2016-05-04,15,70.5,58,89
6962181067,2016-05-04,16,67.9,59,93
6962181067,2016-05-04,17,85.2,63,99
6962181067,2016-05-04,18,81.6,67,109
6962181067,2016-05-04,19,88.3,68,134
6962181067,2016-05-04,20,80.4,62,104
6962181067,2016-05-04,21,71.5,65,111
6962181067,2016-05-04,22,69.8,58,83
6962181067,2016-05-04,23,67.2,61,88
6962181067,2016-05-05,0,65.8,61,74
6962181067,2016-05-05,1,68.6,63,96
6962181067,2016-05-05,2,67.0,65,73
6962181067,2016-05-05,3,64.0,59,67
6962181067,2016-05-05,4,64.9,58,76
6962181067,2016-05-05,5,61.0,56,83
6962181067,2016-05-05,6,64.4,58,86
6962181067,2016-05-05,7,63.3,58,75
6962181067,2016-05-05,8,86.8,66,111
6962181067,2016-05-05,9,89.5,67,114
6962181067,2016-05-05,10,80.4,63,95
6962181067,2016-05-05,11,79.4,62,105
6962181067,2016-05-05,12,84.1,64,108
6962181067,2016-05-05,13,66.0,58,76
6962181067,2016-05-05,14,68.5,54,85
6962181067,2016-05-05,15,73.9,59,101
6962181067,2016-05-05,16,79.8,61,107
6962181067,2016-05-05,17,81.2,60,128
6962181067,2016-05-05,18,84.5,64,119
6962181067,2016-05-05,19,104.3,70,128
6962181067,2016-05-05,20,84.5,64,103
6962181067,2016-05-05,23,65.1,60,93
6962181067,2016-05-06,0,64.9,60,71
6962181067,2016-05-06,1,63.9,60,72
6962181067,2016-05-06,2,63.2,58,69
6962181067,2016-05-06,3,58.1,52,90
6962181067,2016-05-06,4,60.3,55,76
6962181067,2016-05-06,5,59.9,53,80
6962181067,2016-05-06,6,61.6,56,65
6962181067,2016-05-06,7,78.9,59,111
6962181067,2016-05-06,8,85.2,66,114
6962181067,2016-05-06,9,77.6,61,101
6962181067,2016-05-06,10,72.1,66,79
6962181067,2016-05-06,11,68.4,61,78
6962181067,2016-05-06,12,73.8,61,96
6962181067,2016-05-06,13,76.2,63,97
6962181067,2016-05-06,14,72.9,64,86
6962181067,2016-05-06,15,70.3,60,79
6962181067,2016-05-06,16,71.8,58,101
6962181067,2016-05-06,17,74.2,56,106
6962181067,2016-05-06,18,79.9,59,107
6962181067,2016-05-06,19,67.9,58,78
6962181067,2016-05-06,20,79.0,58,103
6962181067,2016-05-06,21,77.5,61,96
6962181067,2016-05-06,22,84.5,70,104
6962181067,2016-05-06,23,71.5,65,85
6962181067,2016-05-07,0,71.5,64,87
6962181067,2016-05-07,1,75.4,65,88
6962181067,2016-05-07,2,78.0,69,96
6962181067,2016-05-07,3,66.4,60,97
6962181067,2016-05-07,4,65.5,59,93
6962181067,2016-05-07,5,65.0,59,85
6962181067,2016-05-07,6,66.9,59,92
6962181067,2016-05-07,7,63.6,57,87
6962181067,2016-05-07,8,67.3,58,84
6962181067,2016-05-07,9,87.8,71,118
6962181067,2016-05-07,10,81.3,63,99
6962181067,2016-05-07,11,83.5,66,108
6962181067,2016-05-07,12,72.4,58,101
6962181067,2016-05-07,13,74.4,63,98
6962181067,2016-05-07,14,84.5,67,125
6962181067,2016-05-07,15,70.0,70,70
6962181067,2016-05-07,16,84.8,64,105
6962181067,2016-05-07,17,81.5,72,98
6962181067,2016-05-07,18,89.0,74,107
6962181067,2016-05-07,19,89.0,72,109
6962181067,2016-05-07,20,83.2,66,97
6962181067,2016-05-07,21,74.2,63,103
6962181067,2016-05-07,22,75.5,65,99
6962181067,2016-05-07,23,76.7,68,100
6962181067,2016-05-08,0,76.5,70,89
6962181067,2016-05-08,1,72.5,68,90
6962181067,2016-05-08,2,71.2,64,85
6962181067,2016-05-08,3,68.4,64,74
6962181067,2016-05-08,4,68.0,61,93
6962181067,2016-05-08,5,63.1,59,72
6962181067,2016-05-08,6,63.7,58,83
6962181067,2016-05-08,7,63.1,56,73
6962181067,2016-05-08,8,65.9,60,75
6962181067,2016-05-08,9,69.7,60,90
6962181067,2016-05-08,10,81.7,54,113
6962181067,2016-05-08,11,83.1,68,104
6962181067,2016-05-08,12,82.4,72,97
6962181067,2016-05-08,13,78.4,62,95
6962181067,2016-05-08,14,82.3,67,94
6962181067,2016-05-08,15,76.8,67,110
6962181067,2016-05-08,16,91.3,65,116
6962181067,2016-05-08,17,79.3,67,98
6962181067,2016-05-08,18,67.3,61,79
6962181067,2016-05-08,21,86.4,75,112
6962181067,2016-05-08,22,76.9,72,93
6962181067,2016-05-08,23,75.7,70,83
6962181067,2016-05-09,0,71.3,67,78
6962181067,2016-05-09,1,68.3,62,77
6962181067,2016-05-09,2,64.9,61,76
6962181067,2016-05-09,3,63.2,59,88
6962181067,2016-05-09,4,65.9,58,78
6962181067,2016-05-09,5,64.9,61,81
6962181067,2016-05-09,6,66.7,60,86
6962181067,2016-05-09,7,68.0,60,95
6962181067,2016-05-09,8,83.5,64,111
6962181067,2016-05-09,9,91.6,70,127
6962181067,2016-05-09,10,105.9,75,125
6962181067,2016-05-09,11,85.6,64,107
6962181067,2016-05-09,12,79.6,61,104
6962181067,2016-05-09,13,74.5,65,89
6962181067,2016-05-09,14,76.5,60,89
6962181067,2016-05-09,15,72.0,65,84
6962181067,2016-05-09,16,70.8,64,90
6962181067,2016-05-09,17,93.9,68,121
6962181067,2016-05-09,18,73.3,66,88
6962181067,2016-05-09,19,97.1,67,123
6962181067,2016-05-09,20,72.1,64,181
6962181067,2016-05-09,21,69.4,56,87
6962181067,2016-05-09,22,70.9,62,91
6962181067,2016-05-09,23,66.4,63,76
6962181067,2016-05-10,0,67.6,64,83
6962181067,2016-05-10,1,67.8,64,72
6962181067,2016-05-10,2,66.9,59,80
6962181067,2016-05-10,3,65.4,59,86
6962181067,2016-05-10,4,64.0,59,85
6962181067,2016-05-10,5,63.7,58,82
6962181067,2016-05-10,6,65.2,57,85
6962181067,2016-05-10,7,115.2,67,184
6962181067,2016-05-10,8,90.3,66,109
6962181067,2016-05-10,9,99.5,77,136
6962181067,2016-05-10,10,119.4,89,158
6962181067,2016-05-10,11,92.5,69,163
6962181067,2016-05-10,12,75.2,63,89
6962181067,2016-05-10,13,71.4,65,80
6962181067,2016-05-10,14,72.1,63,85
6962181067,2016-05-10,15,70.9,62,92
6962181067,2016-05-10,16,86.7,69,106
6962181067,2016-05-10,17,84.3,62,127
6962181067,2016-05-10,18,86.1,67,108
6962181067,2016-05-10,19,84.2,63,126
6962181067,2016-05-10,21,65.9,60,86
6962181067,2016-05-10,22,67.2,57,82
6962181067,2016-05-10,23,65.4,59,78
6962181067,2016-05-11,0,63.2,59,69
6962181067,2016-05-11,1,63.3,58,69
6962181067,2016-05-11,2,63.4,57,74
6962181067,2016-05-11,3,64.1,59,77
6962181067,2016-05-11,4,65.4,60,78
6962181067,2016-05-11,5,63.7,57,95
6962181067,2016-05-11,6,62.3,55,78
6962181067,2016-05-11,7,66.0,59,82
6962181067,2016-05-11,8,87.8,61,115
6962181067,2016-05-11,9,117.0,69,145
6962181067,2016-05-11,10,86.0,71,106
6962181067,2016-05-11,11,84.8,71,108
6962181067,2016-05-11,12,79.4,61,98
6962181067,2016-05-11,13,71.7,64,82
6962181067,2016-05-11,14,73.3,65,80
6962181067,2016-05-11,15,75.5,65,94
6962181067,2016-05-11,16,81.3,63,106
6962181067,2016-05-11,17,73.1,63,87
6962181067,2016-05-11,18,72.0,53,86
6962181067,2016-05-11,19,81.2,71,114
6962181067,2016-05-11,20,77.2,68,91
6962181067,2016-05-11,21,77.3,69,88
6962181067,2016-05-11,22,72.1,62,85
6962181067,2016-05-11,23,69.2,64,85
6962181067,2016-05-12,0,68.1,63,82
6962181067,2016-05-12,1,67.2,62,92
6962181067,2016-05-12,2,69.3,66,78
6962181067,2016-05-12,3,67.8,63,85
6962181067,2016-05-12,4,64.8,60,78
6962181067,2016-05-12,5,65.7,61,77
6962181067,2016-05-12,6,66.5,62,78
6962181067,2016-05-12,7,64.7,60,77
6962181067,2016-05-12,8,84.8,62,117
6962181067,2016-05-12,9,87.6,71,116
6962181067,2016-05-12,10,91.6,74,112
6962181067,2016-05-12,11,89.9,72,116
7007744171,2016-04-12,5,101.0,101,101
7007744171,2016-04-12,6,100.9,70,125
7007744171,2016-04-12,7,105.9,79,128
7007744171,2016-04-12,8,105.7,82,131
7007744171,2016-04-12,9,95.3,79,112
7007744171,2016-04-12,10,97.6,77,114
7007744171,2016-04-12,11,103.6,93,116
7007744171,2016-04-12,12,90.5,78,118
7007744171,2016-04-12,13,90.0,79,113
7007744171,2016-04-12,14,86.5,74,97
7007744171,2016-04-12,15,94.9,82,113
7007744171,2016-04-12,16,102.0,79,151
7007744171,2016-04-12,17,93.5,79,124
7007744171,2016-04-12,18,89.1,78,107
7007744171,2016-04-12,19,85.9,73,100
7007744171,2016-04-12,20,74.0,74,74
7007744171,2016-04-12,21,70.0,70,70
7007744171,2016-04-13,5,76.0,76,76
7007744171,2016-04-13,6,99.7,70,115
7007744171,2016-04-13,7,91.1,75,117
7007744171,2016-04-13,8,121.3,82,144
7007744171,2016-04-13,9,107.8,88,144
7007744171,2016-04-13,10,85.9,70,104
7007744171,2016-04-13,11,93.4,74,114
7007744171,2016-04-13,12,86.2,70,109
7007744171,2016-04-13,13,87.7,72,109
7007744171,2016-04-13,14,86.4,79,103
7007744171,2016-04-13,15,84.2,70,100
7007744171,2016-04-13,16,90.4,71,114
7007744171,2016-04-13,17,93.2,82,122
7007744171,2016-04-13,18,86.6,75,112
7007744171,2016-04-13,19,86.3,77,108
7007744171,2016-04-13,20,80.6,70,90
7007744171,2016-04-13,21,75.0,70,86
7007744171,2016-04-14,6,97.8,83,129
7007744171,2016-04-14,7,82.6,66,116
7007744171,2016-04-14,8,108.6,67,131
7007744171,2016-04-14,9,95.3,77,118
7007744171,2016-04-14,10,80.3,72,94
7007744171,2016-04-14,11,90.0,69,111
7007744171,2016-04-14,12,93.1,78,118
7007744171,2016-04-14,13,88.8,54,111
7007744171,2016-04-14,14,84.4,75,131
7007744171,2016-04-14,15,99.3,82,129
7007744171,2016-04-14,16,91.7,78,107
7007744171,2016-04-14,17,85.1,77,108
7007744171,2016-04-14,18,97.1,75,132
7007744171,2016-04-14,19,102.5,90,114
7007744171,2016-04-14,20,85.1,65,119
7007744171,2016-04-14,21,77.8,68,87
7007744171,2016-04-15,6,97.6,81,126
7007744171,2016-04-15,7,87.7,73,121
7007744171,2016-04-15,8,89.9,64,111
7007744171,2016-04-15,9,77.9,65,99
7007744171,2016-04-15,10,80.0,60,108
7007744171,2016-04-15,11,84.8,72,128
7007744171,2016-04-15,12,87.9,71,118
7007744171,2016-04-15,13,87.5,69,107
7007744171,2016-04-15,14,83.7,70,92
7007744171,2016-04-15,15,83.2,74,97
7007744171,2016-04-15,16,79.5,70,110
7007744171,2016-04-15,17,81.6,73,103
7007744171,2016-04-15,18,76.7,72,84
7007744171,2016-04-16,6,89.2,85,93
7007744171,2016-04-16,7,87.7,66,118
7007744171,2016-04-16,8,77.3,68,105
7007744171,2016-04-16,9,79.7,62,96
7007744171,2016-04-16,10,74.3,64,103
7007744171,2016-04-16,11,78.3,67,113
7007744171,2016-04-16,12,74.0,67,86
7007744171,2016-04-16,13,77.5,65,100
7007744171,2016-04-16,14,68.9,62,76
7007744171,2016-04-16,15,72.1,61,104
7007744171,2016-04-16,16,83.7,65,114
7007744171,2016-04-16,17,93.3,75,129
7007744171,2016-04-16,18,89.2,74,111
7007744171,2016-04-16,19,84.5,70,102
7007744171,2016-04-16,20,78.3,66,98
7007744171,2016-04-16,21,76.1,66,93
7007744171,2016-04-17,6,91.3,70,108
7007744171,2016-04-17,7,94.0,70,127
7007744171,2016-04-17,8,95.2,70,112
7007744171,2016-04-17,9,98.8,70,115
7007744171,2016-04-17,10,87.6,67,121
7007744171,2016-04-17,11,81.1,67,108
7007744171,2016-04-17,12,77.8,68,104
7007744171,2016-04-17,13,82.0,74,106
7007744171,2016-04-17,14,71.1,63,84
7007744171,2016-04-17,15,84.7,71,117
7007744171,2016-04-17,16,90.0,74,107
7007744171,2016-04-17,17,86.0,72,112
7007744171,2016-04-17,18,85.4,67,120
7007744171,2016-04-17,19,81.6,65,108
7007744171,2016-04-17,20,76.8,70,97
7007744171,2016-04-18,6,94.8,78,115
7007744171,2016-04-18,7,86.4,70,116
7007744171,2016-04-18,8,110.3,95,116
7007744171,2016-04-18,9,102.0,85,124
7007744171,2016-04-18,10,106.5,86,139
7007744171,2016-04-18,11,90.2,73,105
7007744171,2016-04-18,12,82.7,69,111
7007744171,2016-04-18,13,81.7,69,107
7007744171,2016-04-18,14,88.1,65,101
7007744171,2016-04-18,15,95.6,78,108
7007744171,2016-04-18,16,93.8,76,114
7007744171,2016-04-18,17,93.8,78,116
7007744171,2016-04-18,18,87.8,80,96
7007744171,2016-04-18,19,90.3,80,128
7007744171,2016-04-18,20,90.0,85,99
7007744171,2016-04-18,21,87.3,80,102
7007744171,2016-04-18,22,90.5,84,105
7007744171,2016-04-19,6,101.2,83,115
7007744171,2016-04-19,7,99.7,86,130
7007744171,2016-04-19,8,113.7,89,136
7007744171,2016-04-19,9,99.3,78,121
7007744171,2016-04-19,10,93.3,80,133
7007744171,2016-04-19,11,93.5,80,110
7007744171,2016-04-19,12,86.9,69,107
7007744171,2016-04-19,13,83.4,68,103
7007744171,2016-04-19,14,90.2,72,113
7007744171,2016-04-19,15,90.5,67,111
7007744171,2016-04-19,16,93.0,79,114
7007744171,2016-04-19,17,98.0,69,138
7007744171,2016-04-19,18,94.9,79,112
7007744171,2016-04-19,19,94.4,73,112
7007744171,2016-04-19,20,80.0,68,103
7007744171,2016-04-19,21,74.1,70,84
7007744171,2016-04-20,5,84.0,84,84
7007744171,2016-04-20,6,92.6,70,108
7007744171,2016-04-20,7,89.4,78,108
7007744171,2016-04-20,8,132.1,93,151
7007744171,2016-04-20,9,111.9,87,138
7007744171,2016-04-20,10,83.4,76,108
7007744171,2016-04-20,11,90.0,79,112
7007744171,2016-04-20,12,90.7,77,119
7007744171,2016-04-20,13,92.5,70,115
7007744171,2016-04-20,14,92.2,78,105
7007744171,2016-04-20,15,82.8,76,106
7007744171,2016-04-20,16,94.8,80,114
7007744171,2016-04-20,17,97.4,85,115
7007744171,2016-04-20,18,98.6,81,111
7007744171,2016-04-20,19,96.4,77,121
7007744171,2016-04-20,20,90.3,70,115
7007744171,2016-04-20,21,70.0,70,70
7007744171,2016-04-21,6,98.5,70,118
7007744171,2016-04-21,7,94.8,77,118
7007744171,2016-04-21,8,109.8,78,136
7007744171,2016-04-21,9,107.0,87,124
7007744171,2016-04-21,10,92.5,78,116
7007744171,2016-04-21,11,86.4,75,100
7007744171,2016-04-21,12,86.2,72,119
7007744171,2016-04-21,13,99.5,87,121
7007744171,2016-04-21,14,94.0,70,118
7007744171,2016-04-21,15,88.6,79,104
7007744171,2016-04-21,16,92.9,77,131
7007744171,2016-04-21,17,84.1,71,103
7007744171,2016-04-21,18,85.9,70,102
7007744171,2016-04-21,19,85.9,74,115
7007744171,2016-04-21,20,75.4,67,91
7007744171,2016-04-21,21,73.6,64,91
7007744171,2016-04-22,6,89.5,70,102
7007744171,2016-04-22,7,81.9,70,115
7007744171,2016-04-22,8,115.1,75,135
7007744171,2016-04-22,9,97.4,70,134
7007744171,2016-04-22,10,80.2,68,92
7007744171,2016-04-22,11,88.1,76,107
7007744171,2016-04-22,12,85.1,71,98
7007744171,2016-04-22,13,92.5,87,102
7007744171,2016-04-22,14,93.2,86,100
7007744171,2016-04-22,15,85.4,69,112
7007744171,2016-04-22,16,106.9,89,140
7007744171,2016-04-22,17,103.3,78,128
7007744171,2016-04-22,18,82.2,68,106
7007744171,2016-04-22,19,112.3,72,156
7007744171,2016-04-22,20,89.5,64,121
7007744171,2016-04-22,21,68.5,57,80
7007744171,2016-04-23,6,88.6,72,107
7007744171,2016-04-23,7,92.0,75,118
7007744171,2016-04-23,8,100.6,66,135
7007744171,2016-04-23,9,82.6,73,108
7007744171,2016-04-23,10,81.8,69,110
7007744171,2016-04-23,11,100.2,72,117
7007744171,2016-04-23,12,91.4,74,113
7007744171,2016-04-23,13,101.4,82,119
7007744171,2016-04-23,17,90.0,70,100
7007744171,2016-04-24,6,95.8,84,122
7007744171,2016-04-24,7,87.3,73,103
7007744171,2016-04-24,8,90.8,66,111
7007744171,2016-04-24,9,98.1,78,118
7007744171,2016-04-24,10,99.2,70,116
7007744171,2016-04-24,11,86.4,70,110
7007744171,2016-04-24,12,97.5,77,118
7007744171,2016-04-24,13,100.3,84,120
7007744171,2016-04-24,14,97.1,85,110
7007744171,2016-04-24,15,95.6,83,110
7007744171,2016-04-24,16,101.7,89,121
7007744171,2016-04-24,17,121.0,121,121
7007744171,2016-04-25,6,95.3,60,113
7007744171,2016-04-25,7,106.0,83,130
7007744171,2016-04-25,8,111.4,94,137
7007744171,2016-04-25,9,106.1,83,133
7007744171,2016-04-25,10,105.2,89,124
7007744171,2016-04-25,11,86.8,76,108
7007744171,2016-04-25,12,97.5,78,116
7007744171,2016-04-25,13,97.1,70,123
7007744171,2016-04-25,14,85.8,70,108
7007744171,2016-04-25,15,88.2,68,105
7007744171,2016-04-25,16,75.9,64,97
7007744171,2016-04-25,17,82.5,68,114
7007744171,2016-04-25,18,92.3,79,114
7007744171,2016-04-25,19,82.1,73,99
7007744171,2016-04-25,20,91.5,72,111
7007744171,2016-04-26,5,76.5,70,83
7007744171,2016-04-26,6,97.7,70,131
7007744171,2016-04-26,7,92.1,75,119
7007744171,2016-04-26,8,78.4,68,103
7007744171,2016-04-26,9,93.9,65,137
7007744171,2016-04-26,10,100.2,74,143
7007744171,2016-04-26,11,98.4,77,130
7007744171,2016-04-26,12,107.5,77,140
7007744171,2016-04-26,13,86.4,75,109
7007744171,2016-04-26,14,79.3,69,99
7007744171,2016-04-26,15,90.1,70,120
7007744171,2016-04-26,16,97.7,77,116
7007744171,2016-04-26,17,91.5,75,112
7007744171,2016-04-26,18,89.7,70,117
7007744171,2016-04-26,19,82.5,74,102
7007744171,2016-04-26,20,79.4,71,92
7007744171,2016-04-26,21,77.9,63,92
7007744171,2016-04-26,22,91.4,73,116
7007744171,2016-04-26,23,69.6,63,81
7007744171,2016-04-27,6,94.2,77,122
7007744171,2016-04-27,7,88.8,71,109
7007744171,2016-04-27,8,113.2,77,137
7007744171,2016-04-27,9,103.0,82,129
7007744171,2016-04-27,10,84.1,71,106
7007744171,2016-04-27,11,85.8,72,111
7007744171,2016-04-27,12,95.4,74,117
7007744171,2016-04-27,13,96.6,76,121
7007744171,2016-04-27,14,89.4,78,111
7007744171,2016-04-27,15,102.3,83,130
7007744171,2016-04-27,16,93.2,77,122
7007744171,2016-04-27,17,103.4,85,130
7007744171,2016-04-27,18,95.6,84,114
7007744171,2016-04-27,19,87.4,76,113
7007744171,2016-04-27,20,81.6,72,101
7007744171,2016-04-28,6,94.5,70,142
7007744171,2016-04-28,7,91.0,70,133
7007744171,2016-04-28,8,92.4,64,117
7007744171,2016-04-28,9,103.0,93,118
7007744171,2016-04-28,10,111.2,89,152
7007744171,2016-04-28,11,101.9,74,125
7007744171,2016-04-28,12,96.5,80,113
7007744171,2016-04-28,13,100.5,87,119
7007744171,2016-04-28,14,85.8,69,118
7007744171,2016-04-28,15,76.6,66,93
7007744171,2016-04-28,16,75.5,62,115
7007744171,2016-04-28,17,79.6,69,99
7007744171,2016-04-28,18,81.3,67,105
7007744171,2016-04-28,19,83.1,67,115
7007744171,2016-04-28,20,78.6,60,132
7007744171,2016-04-28,21,64.5,58,76
7007744171,2016-04-29,6,89.9,67,108
7007744171,2016-04-29,7,101.8,79,116
7007744171,2016-04-29,8,109.4,92,123
7007744171,2016-04-29,9,92.2,69,120
7007744171,2016-04-29,10,84.3,70,145
7007744171,2016-04-29,11,81.0,63,120
7007744171,2016-04-29,12,90.2,71,111
7007744171,2016-04-29,13,86.9,74,111
7007744171,2016-04-29,14,97.2,84,125
7007744171,2016-04-29,15,92.7,79,114
7007744171,2016-04-29,16,95.0,79,117
7007744171,2016-04-29,17,105.1,78,142
7007744171,2016-04-29,18,94.2,66,132
7007744171,2016-04-29,19,100.1,75,137
7007744171,2016-04-29,20,87.2,71,111
7007744171,2016-04-29,21,87.9,71,108
7007744171,2016-04-30,7,89.9,82,103
7007744171,2016-04-30,8,89.2,68,110
7007744171,2016-04-30,9,100.7,73,124
7007744171,2016-04-30,10,78.4,62,114
7007744171,2016-04-30,11,74.6,63,96
7007744171,2016-04-30,12,76.4,66,97
7007744171,2016-04-30,13,86.8,67,120
7007744171,2016-04-30,14,80.6,70,102
7007744171,2016-04-30,15,74.3,64,99
7007744171,2016-04-30,16,76.7,67,98
7007744171,2016-04-30,17,87.2,68,110
7007744171,2016-04-30,18,75.4,61,113
7007744171,2016-04-30,19,74.2,62,92
7007744171,2016-04-30,20,72.0,64,88
7007744171,2016-04-30,21,74.2,64,101
7007744171,2016-04-30,22,77.4,70,92
7007744171,2016-04-30,23,70.0,70,70
7007744171,2016-05-01,6,70.0,70,70
7007744171,2016-05-01,7,87.0,57,104
7007744171,2016-05-01,8,81.8,64,109
7007744171,2016-05-01,9,85.8,66,120
7007744171,2016-05-01,10,73.6,59,99
7007744171,2016-05-01,11,68.0,59,89
7007744171,2016-05-01,12,76.8,60,106
7007744171,2016-05-01,13,110.9,96,128
7007744171,2016-05-01,14,84.6,68,100
7007744171,2016-05-01,15,84.5,69,110
7007744171,2016-05-01,16,93.2,74,112
7007744171,2016-05-01,17,82.1,70,106
7007744171,2016-05-01,18,84.0,70,92
7007744171,2016-05-01,19,83.8,74,102
7007744171,2016-05-01,21,107.0,107,107
7007744171,2016-05-02,6,92.1,70,112
7007744171,2016-05-02,7,80.5,69,102
7007744171,2016-05-02,8,112.7,82,134
7007744171,2016-05-02,9,106.3,86,123
7007744171,2016-05-02,10,105.9,79,147
7007744171,2016-05-02,11,87.6,68,106
7007744171,2016-05-02,12,82.0,71,98
7007744171,2016-05-02,13,73.8,63,95
7007744171,2016-05-02,14,80.5,64,98
7007744171,2016-05-02,15,80.8,71,99
7007744171,2016-05-02,16,75.5,64,92
7007744171,2016-05-02,17,85.5,69,104
7007744171,2016-05-02,18,74.1,64,93
7007744171,2016-05-02,19,69.4,58,96
7007744171,2016-05-02,20,68.2,60,79
7007744171,2016-05-02,21,81.4,70,94
7007744171,2016-05-03,6,100.6,79,121
7007744171,2016-05-03,7,107.5,79,138
7007744171,2016-05-03,8,107.8,85,130
7007744171,2016-05-03,9,94.5,72,122
7007744171,2016-05-03,10,83.8,72,102
7007744171,2016-05-03,11,92.9,72,112
7007744171,2016-05-03,12,94.1,72,116
7007744171,2016-05-03,13,103.9,83,138
7007744171,2016-05-03,14,86.5,65,122
7007744171,2016-05-03,15,86.5,70,106
7007744171,2016-05-03,16,84.3,66,109
7007744171,2016-05-03,17,94.7,72,112
7007744171,2016-05-03,18,89.5,75,106
7007744171,2016-05-03,19,81.2,70,108
7007744171,2016-05-03,20,95.4,73,131
7007744171,2016-05-03,21,82.9,68,106
7007744171,2016-05-05,6,94.9,70,113
7007744171,2016-05-05,7,103.2,76,130
7007744171,2016-05-05,8,107.3,81,125
7007744171,2016-05-05,9,109.6,85,133
7007744171,2016-05-05,10,103.7,75,125
7007744171,2016-05-05,11,90.1,78,102
7007744171,2016-05-05,12,94.7,73,113
7007744171,2016-05-05,13,101.9,70,121
7007744171,2016-05-05,14,97.4,82,118
7007744171,2016-05-05,15,96.1,83,122
7007744171,2016-05-05,16,93.9,78,113
7007744171,2016-05-05,17,88.7,76,110
7007744171,2016-05-05,18,90.1,79,115
7007744171,2016-05-05,19,87.0,75,110
7007744171,2016-05-06,5,96.5,89,110
7007744171,2016-05-06,6,116.4,88,166
7007744171,2016-05-06,7,97.2,70,121
7007744171,2016-05-06,8,103.9,80,135
7007744171,2016-05-06,9,94.4,77,120
7007744171,2016-05-06,10,77.7,69,96
7007744171,2016-05-06,11,82.8,67,109
7007744171,2016-05-06,12,82.1,69,102
7007744171,2016-05-06,13,87.8,72,112
7007744171,2016-05-06,14,76.1,67,99
7007744171,2016-05-06,15,79.7,66,107
7007744171,2016-05-06,16,73.0,63,96
7007744171,2016-05-06,17,73.8,62,97
7007744171,2016-05-06,18,80.0,62,102
7007744171,2016-05-06,19,81.8,68,130
7007744171,2016-05-06,20,75.1,64,97
8792009665,2016-04-12,0,70.0,70,70
8792009665,2016-04-12,1,70.0,70,70
8792009665,2016-04-12,2,65.1,59,128
8792009665,2016-04-12,3,58.9,54,64
8792009665,2016-04-12,4,60.7,56,107
8792009665,2016-04-12,5,59.2,52,81
8792009665,2016-04-12,6,58.4,54,92
8792009665,2016-04-12,7,58.3,48,81
8792009665,2016-04-12,8,59.0,51,106
8792009665,2016-04-12,9,58.0,53,118
8792009665,2016-04-12,10,71.1,54,102
8792009665,2016-04-12,11,66.0,59,88
8792009665,2016-04-12,12,83.8,59,123
8792009665,2016-04-12,13,78.7,71,92
8792009665,2016-04-12,14,75.9,71,84
8792009665,2016-04-12,15,77.5,64,111
8792009665,2016-04-12,16,70.0,58,100
8792009665,2016-04-12,17,71.2,70,84
8792009665,2016-04-12,18,86.7,62,135
8792009665,2016-04-12,19,81.8,60,117
8792009665,2016-04-12,20,67.0,56,89
8792009665,2016-04-12,21,62.2,53,98
8792009665,2016-04-12,22,66.5,57,91
8792009665,2016-04-12,23,70.2,54,97
8792009665,2016-04-13,0,70.4,56,108
8792009665,2016-04-13,1,66.6,59,98
8792009665,2016-04-13,2,65.4,60,74
8792009665,2016-04-13,3,65.5,53,76
8792009665,2016-04-13,4,63.1,54,76
8792009665,2016-04-13,5,63.1,56,91
8792009665,2016-04-13,6,59.4,53,104
8792009665,2016-04-13,7,58.0,50,99
8792009665,2016-04-13,8,55.0,45,86
8792009665,2016-04-13,9,57.0,51,78
8792009665,2016-04-13,10,63.1,43,96
8792009665,2016-04-13,11,70.9,58,105
8792009665,2016-04-13,12,74.1,62,86
8792009665,2016-04-13,13,77.2,65,119
8792009665,2016-04-13,14,67.5,59,80
8792009665,2016-04-13,15,68.3,60,111
8792009665,2016-04-13,16,62.1,56,75
8792009665,2016-04-13,17,68.8,59,97
8792009665,2016-04-13,18,81.3,64,101
8792009665,2016-04-13,19,84.6,71,121
8792009665,2016-04-13,20,78.4,68,104
8792009665,2016-04-13,21,73.0,63,82
8792009665,2016-04-13,22,71.9,65,105
8792009665,2016-04-13,23,73.1,64,87
8792009665,2016-04-14,0,81.2,59,124
8792009665,2016-04-14,1,74.9,62,110
8792009665,2016-04-14,2,63.1,54,82
8792009665,2016-04-14,3,63.7,57,79
8792009665,2016-04-14,4,61.7,54,85
8792009665,2016-04-14,5,55.8,47,73
8792009665,2016-04-14,6,60.1,51,106
8792009665,2016-04-14,7,59.3,52,86
8792009665,2016-04-14,8,55.8,49,75
8792009665,2016-04-14,9,58.4,51,105
8792009665,2016-04-14,10,57.3,46,78
8792009665,2016-04-14,11,74.4,58,100
8792009665,2016-04-14,12,76.0,65,101
8792009665,2016-04-14,13,76.3,64,87
8792009665,2016-04-14,14,74.2,58,83
8792009665,2016-04-14,15,70.9,57,93
8792009665,2016-04-14,16,70.4,64,83
8792009665,2016-04-14,17,80.4,66,119
8792009665,2016-04-14,18,81.4,63,110
8792009665,2016-04-14,21,72.7,61,105
8792009665,2016-04-14,22,71.9,62,89
8792009665,2016-04-14,23,77.5,67,96
8792009665,2016-04-15,0,76.1,60,116
8792009665,2016-04-15,1,64.4,56,83
8792009665,2016-04-15,2,68.5,59,98
8792009665,2016-04-15,3,66.0,61,83
8792009665,2016-04-15,4,64.7,56,88
8792009665,2016-04-15,5,65.1,50,81
8792009665,2016-04-15,6,66.8,57,96
8792009665,2016-04-15,7,62.8,54,98
8792009665,2016-04-15,8,60.9,56,98
8792009665,2016-04-15,9,63.4,49,103
8792009665,2016-04-15,10,71.6,66,102
8792009665,2016-04-15,11,72.2,65,97
8792009665,2016-04-20,1,72.8,57,117
8792009665,2016-04-20,2,57.9,54,107
8792009665,2016-04-20,3,57.2,54,61
8792009665,2016-04-20,4,57.4,48,82
8792009665,2016-04-20,5,55.8,53,72
8792009665,2016-04-20,6,57.1,49,68
8792009665,2016-04-20,7,52.8,44,66
8792009665,2016-04-20,8,60.4,55,63
8792009665,2016-04-20,9,56.4,44,96
8792009665,2016-04-20,10,63.1,52,87
8792009665,2016-04-20,11,68.7,54,93
8792009665,2016-04-20,12,78.1,61,114
8792009665,2016-04-20,13,71.7,61,82
8792009665,2016-04-20,14,74.9,66,92
8792009665,2016-04-20,15,72.7,64,84
8792009665,2016-04-20,16,71.6,62,102
8792009665,2016-04-20,17,96.7,70,120
8792009665,2016-04-20,18,78.2,68,97
8792009665,2016-04-20,19,79.6,70,112
8792009665,2016-04-20,20,84.9,68,112
8792009665,2016-04-20,21,76.6,59,102
8792009665,2016-04-20,22,65.9,54,94
8792009665,2016-04-20,23,71.2,55,86
8792009665,2016-04-21,0,81.0,66,108
8792009665,2016-04-21,10,70.0,70,70
8792009665,2016-04-21,13,75.0,75,75
8792009665,2016-04-22,0,70.8,46,123
8792009665,2016-04-22,1,76.9,68,123
8792009665,2016-04-22,2,67.6,64,98
8792009665,2016-04-22,3,65.7,59,79
8792009665,2016-04-22,4,65.6,63,68
8792009665,2016-04-22,5,59.3,49,93
8792009665,2016-04-22,6,60.1,55,78
8792009665,2016-04-22,7,57.1,45,80
8792009665,2016-04-22,8,62.1,44,107
8792009665,2016-04-22,9,63.2,54,108
8792009665,2016-04-22,10,65.3,56,81
8792009665,2016-04-22,11,68.2,56,116
8792009665,2016-04-22,12,66.5,55,113
8792009665,2016-04-22,13,68.8,59,85
8792009665,2016-04-22,14,67.1,53,75
8792009665,2016-04-22,15,68.9,56,100
8792009665,2016-04-22,16,86.9,61,115
8792009665,2016-04-22,17,89.8,68,113
8792009665,2016-04-22,18,88.1,63,131
8792009665,2016-04-22,19,90.4,65,114
8792009665,2016-04-22,20,82.6,61,114
8792009665,2016-04-22,21,60.3,54,73
8792009665,2016-04-22,22,59.6,53,75
8792009665,2016-04-22,23,61.4,54,72
8792009665,2016-04-23,0,72.9,57,117
8792009665,2016-04-23,1,76.6,61,119
8792009665,2016-04-23,2,66.6,58,89
8792009665,2016-04-23,3,61.6,56,74
8792009665,2016-04-23,4,65.0,56,78
8792009665,2016-04-23,5,67.0,51,81
8792009665,2016-04-23,6,69.0,60,90
8792009665,2016-04-23,7,61.3,48,93
8792009665,2016-04-23,8,61.1,52,90
8792009665,2016-04-23,9,75.4,55,115
8792009665,2016-04-23,10,92.5,77,130
8792009665,2016-04-23,11,86.9,68,112
8792009665,2016-04-23,12,79.2,68,103
8792009665,2016-04-23,13,106.8,81,141
8792009665,2016-04-23,14,88.4,70,118
8792009665,2016-04-23,15,86.7,69,123
8792009665,2016-04-23,16,87.4,66,124
8792009665,2016-04-23,17,89.1,75,112
8792009665,2016-04-23,18,90.2,74,115
8792009665,2016-04-23,19,78.6,70,91
8792009665,2016-04-23,20,77.2,62,104
8792009665,2016-04-23,21,70.7,61,103
8792009665,2016-04-23,22,66.7,58,82
8792009665,2016-04-23,23,70.3,60,84
8792009665,2016-04-24,0,67.0,57,87
8792009665,2016-04-24,1,86.8,55,120
8792009665,2016-04-26,9,66.5,55,112
8792009665,2016-04-26,10,61.6,55,73
8792009665,2016-04-26,11,62.9,54,105
8792009665,2016-04-26,12,69.7,56,110
8792009665,2016-04-26,13,69.8,59,84
8792009665,2016-04-26,14,70.4,57,91
8792009665,2016-04-26,15,66.7,59,83
8792009665,2016-04-26,16,65.0,55,83
8792009665,2016-04-26,17,76.6,56,101
8792009665,2016-04-26,18,86.0,67,114
8792009665,2016-04-26,19,78.6,70,101
8792009665,2016-04-26,20,70.7,59,100
8792009665,2016-04-26,21,66.3,58,90
8792009665,2016-04-26,22,67.2,61,77
8792009665,2016-04-26,23,65.3,58,97
8792009665,2016-04-27,0,82.7,61,127
8792009665,2016-04-27,1,73.5,57,120
8792009665,2016-04-27,2,63.7,59,70
8792009665,2016-04-27,3,62.2,55,84
8792009665,2016-04-27,4,54.0,43,63
8792009665,2016-04-27,5,55.7,44,75
8792009665,2016-04-27,6,57.4,53,75
8792009665,2016-04-27,7,55.5,45,82
8792009665,2016-04-27,8,54.0,46,58
8792009665,2016-04-27,9,69.3,51,125
8792009665,2016-04-27,10,62.1,55,77
8792009665,2016-04-27,11,68.0,55,107
8792009665,2016-04-27,12,69.9,60,83
8792009665,2016-04-27,13,70.5,59,124
8792009665,2016-04-27,14,69.2,61,81
8792009665,2016-04-27,15,68.8,59,83
8792009665,2016-04-27,16,77.1,67,98
8792009665,2016-04-27,17,98.0,70,132
8792009665,2016-04-27,18,87.0,66,104
8792009665,2016-04-27,19,75.7,62,103
8792009665,2016-04-27,20,71.2,56,97
8792009665,2016-04-27,21,71.9,62,97
8792009665,2016-04-27,22,72.2,65,81
8792009665,2016-04-27,23,70.1,63,92
8792009665,2016-04-28,0,73.4,61,107
8792009665,2016-04-28,1,67.4,55,104
8792009665,2016-04-28,2,68.9,53,121
8792009665,2016-04-28,3,56.6,53,59
8792009665,2016-04-28,4,52.6,46,60
8792009665,2016-04-28,5,53.6,44,66
8792009665,2016-04-28,6,59.6,52,81
8792009665,2016-04-28,7,60.9,51,70
8792009665,2016-04-28,8,56.7,50,104
8792009665,2016-04-28,9,70.4,47,122
8792009665,2016-04-28,10,80.6,62,114
8792009665,2016-04-28,11,74.5,61,114
8792009665,2016-04-28,12,74.0,63,87
8792009665,2016-04-28,13,85.7,68,126
8792009665,2016-04-28,14,91.2,70,125
8792009665,2016-04-28,15,87.7,63,110
8792009665,2016-04-28,16,88.6,74,111
8792009665,2016-04-28,17,94.3,68,134
8792009665,2016-04-28,18,94.7,74,112
8792009665,2016-04-28,19,97.2,72,120
8792009665,2016-04-28,20,89.4,74,129
8792009665,2016-04-28,21,74.9,62,85
8792009665,2016-04-28,22,71.2,61,80
8792009665,2016-04-28,23,75.8,65,114
8792009665,2016-04-29,0,81.8,62,117
8792009665,2016-04-29,1,81.4,63,114
8792009665,2016-04-29,2,70.9,57,120
8792009665,2016-04-29,3,62.1,59,65
8792009665,2016-04-29,4,58.6,50,74
8792009665,2016-04-29,5,64.3,56,87
8792009665,2016-04-29,6,66.6,52,74
8792009665,2016-04-29,7,60.6,48,76
8792009665,2016-04-29,8,63.6,54,71
8792009665,2016-04-29,9,81.2,59,98
8792009665,2016-04-29,10,93.8,72,158
8792009665,2016-04-29,11,83.1,60,133
8792009665,2016-04-29,12,67.3,56,101
8792009665,2016-04-29,13,69.0,57,108
8792009665,2016-04-29,14,100.2,79,133
8792009665,2016-04-29,15,94.1,75,120
8792009665,2016-04-29,16,95.5,73,118
8792009665,2016-04-29,17,91.7,72,112
8792009665,2016-04-29,18,89.5,60,111
8792009665,2016-04-29,19,88.8,74,118
8792009665,2016-04-29,20,93.2,74,120
8792009665,2016-04-29,21,79.5,65,106
8792009665,2016-04-29,23,87.6,74,100
8792009665,2016-04-30,0,75.7,63,112
8792009665,2016-04-30,1,75.5,66,94
8792009665,2016-04-30,2,72.0,63,105
8792009665,2016-04-30,3,63.5,56,97
8792009665,2016-04-30,4,65.9,59,71
8792009665,2016-04-30,5,65.9,60,72
8792009665,2016-04-30,6,65.8,57,86
8792009665,2016-04-30,7,60.6,48,106
8792009665,2016-04-30,8,67.9,49,94
8792009665,2016-04-30,9,89.9,59,132
8792009665,2016-04-30,10,89.3,78,122
8792009665,2016-04-30,11,85.1,72,107
8792009665,2016-04-30,12,85.1,65,113
8792009665,2016-04-30,13,88.1,64,111
8792009665,2016-04-30,14,85.8,70,107
8792009665,2016-04-30,15,96.6,79,127
8792009665,2016-04-30,16,89.2,78,115
8792009665,2016-04-30,17,93.2,84,116
8792009665,2016-04-30,18,97.2,69,127
8792009665,2016-04-30,19,96.8,73,130
8792009665,2016-04-30,20,82.4,65,103
8792009665,2016-04-30,21,83.3,69,115
8792009665,2016-04-30,22,73.4,64,100
8792009665,2016-04-30,23,73.2,58,96
8792009665,2016-05-01,0,71.6,60,99
8792009665,2016-05-01,1,63.2,60,72
8792009665,2016-05-01,2,64.6,54,79
8792009665,2016-05-01,3,62.7,58,69
8792009665,2016-05-01,4,64.6,52,86
8792009665,2016-05-01,5,62.8,54,70
8792009665,2016-05-01,6,64.5,50,93
8792009665,2016-05-01,7,57.7,50,76
8792009665,2016-05-01,8,57.6,50,112
8792009665,2016-05-01,9,55.2,43,90
8792009665,2016-05-01,10,67.2,58,99
8792009665,2016-05-01,11,76.6,58,123
8792009665,2016-05-01,12,73.1,60,84
8792009665,2016-05-01,13,73.0,60,117
8792009665,2016-05-01,14,78.9,49,110
8792009665,2016-05-01,15,69.8,61,103
8792009665,2016-05-01,16,64.9,56,87
8792009665,2016-05-01,17,62.5,54,103
8792009665,2016-05-01,18,80.3,55,100
8792009665,2016-05-01,19,75.8,66,101
8792009665,2016-05-01,20,70.6,60,99
8792009665,2016-05-01,21,66.1,56,87
8792009665,2016-05-01,22,66.4,58,81
8792009665,2016-05-01,23,71.1,61,106
8792009665,2016-05-02,0,77.7,59,119
8792009665,2016-05-02,1,70.4,57,107
8792009665,2016-05-02,2,68.6,58,119
8792009665,2016-05-02,3,61.3,57,68
8792009665,2016-05-02,4,62.6,53,76
8792009665,2016-05-02,5,63.1,58,74
8792009665,2016-05-02,6,55.1,45,74
8792009665,2016-05-02,7,58.5,49,74
8792009665,2016-05-02,8,58.4,48,89
8792009665,2016-05-02,9,64.6,52,111
8792009665,2016-05-02,10,62.2,56,74
8792009665,2016-05-02,11,75.6,56,129
8792009665,2016-05-02,12,78.9,70,101
8792009665,2016-05-02,13,73.8,67,87
8792009665,2016-05-02,14,72.4,65,84
8792009665,2016-05-02,15,68.4,58,90
8792009665,2016-05-02,16,71.7,59,87
8792009665,2016-05-02,17,70.0,70,70
8792009665,2016-05-02,18,65.2,55,108
8792009665,2016-05-02,19,60.0,55,67
8792009665,2016-05-02,20,62.5,53,95
8792009665,2016-05-02,21,59.8,50,80
8792009665,2016-05-02,22,75.0,63,91
8792009665,2016-05-02,23,75.4,62,90
8792009665,2016-05-03,0,76.9,64,113
8792009665,2016-05-03,1,78.1,63,106
8792009665,2016-05-03,2,64.2,57,70
8792009665,2016-05-03,3,68.2,59,84
8792009665,2016-05-03,4,63.6,50,111
8792009665,2016-05-03,5,65.8,56,74
8792009665,2016-05-03,6,61.1,49,97
8792009665,2016-05-03,7,58.9,45,112
8792009665,2016-05-03,8,59.3,49,84
8792009665,2016-05-03,9,57.8,48,98
8792009665,2016-05-03,10,55.9,47,78
8792009665,2016-05-03,11,80.3,48,118
8792009665,2016-05-03,12,79.0,68,96
8792009665,2016-05-03,13,74.6,64,88
8792009665,2016-05-03,14,76.0,65,85
8792009665,2016-05-03,15,81.3,67,117
8792009665,2016-05-03,16,78.8,65,119
8792009665,2016-05-03,17,88.7,64,116
8792009665,2016-05-03,18,88.3,63,111
8792009665,2016-05-03,19,87.8,79,101
8792009665,2016-05-03,20,79.2,67,95
8792009665,2016-05-03,21,79.0,60,103
8792009665,2016-05-03,22,78.8,68,93
8792009665,2016-05-03,23,77.9,65,101
8792009665,2016-05-04,0,83.0,66,114
8792009665,2016-05-04,1,79.5,66,114
8792009665,2016-05-04,2,74.0,62,97
8792009665,2016-05-04,3,73.4,61,96
8792009665,2016-05-04,4,68.7,52,92
8792009665,2016-05-04,5,76.7,55,83
8792009665,2016-05-04,6,74.5,69,93
8792009665,2016-05-04,7,71.1,55,94
8792009665,2016-05-04,8,72.9,52,92
8792009665,2016-05-04,9,70.0,51,112
8792009665,2016-05-04,10,80.3,64,93
8877689391,2016-04-12,6,81.8,70,112
8877689391,2016-04-12,7,72.0,52,107
8877689391,2016-04-12,8,61.1,47,95
8877689391,2016-04-12,9,62.1,49,117
8877689391,2016-04-12,10,62.1,49,115
8877689391,2016-04-12,11,106.9,49,161
8877689391,2016-04-12,12,144.0,75,164
8877689391,2016-04-12,13,70.6,61,96
8877689391,2016-04-12,14,65.3,58,73
8877689391,2016-04-12,15,77.5,57,113
8877689391,2016-04-12,16,76.5,58,102
8877689391,2016-04-12,17,77.7,62,103
8877689391,2016-04-12,18,91.7,58,126
8877689391,2016-04-12,19,72.9,54,94
8877689391,2016-04-12,20,73.4,59,93
8877689391,2016-04-12,21,76.0,64,108
8877689391,2016-04-12,22,73.0,62,93
8877689391,2016-04-13,6,79.5,69,91
8877689391,2016-04-13,7,72.4,59,95
8877689391,2016-04-13,8,62.1,53,101
8877689391,2016-04-13,9,62.1,52,104
8877689391,2016-04-13,10,64.1,52,105
8877689391,2016-04-13,11,64.5,50,98
8877689391,2016-04-13,12,94.9,54,160
8877689391,2016-04-13,13,60.9,54,86
8877689391,2016-04-13,14,60.9,54,80
8877689391,2016-04-13,15,65.0,53,105
8877689391,2016-04-13,16,73.1,57,109
8877689391,2016-04-13,17,111.3,69,143
8877689391,2016-04-13,18,126.3,80,160
8877689391,2016-04-13,19,75.7,57,124
8877689391,2016-04-13,20,71.5,57,93
8877689391,2016-04-13,21,69.1,57,97
8877689391,2016-04-13,22,66.3,57,79
8877689391,2016-04-14,6,79.4,70,85
8877689391,2016-04-14,7,71.3,57,98
8877689391,2016-04-14,8,65.4,53,105
8877689391,2016-04-14,9,64.4,50,97
8877689391,2016-04-14,10,60.2,52,93
8877689391,2016-04-14,11,66.4,52,108
8877689391,2016-04-14,12,69.1,57,94
8877689391,2016-04-14,13,65.6,58,81
8877689391,2016-04-14,14,63.7,52,91
8877689391,2016-04-14,15,74.0,52,111
8877689391,2016-04-14,16,150.7,70,169
8877689391,2016-04-14,17,110.3,66,169
8877689391,2016-04-14,18,76.4,62,103
8877689391,2016-04-14,19,80.7,66,100
8877689391,2016-04-14,20,81.8,59,107
8877689391,2016-04-14,21,73.3,57,105
8877689391,2016-04-14,22,74.2,58,91
8877689391,2016-04-14,23,69.5,61,83
8877689391,2016-04-15,6,75.9,65,82
8877689391,2016-04-15,7,72.7,62,95
8877689391,2016-04-15,8,63.5,48,97
8877689391,2016-04-15,9,70.3,56,108
8877689391,2016-04-15,10,66.3,52,88
8877689391,2016-04-15,11,69.5,51,99
8877689391,2016-04-15,12,68.9,55,95
8877689391,2016-04-15,13,70.4,58,113
8877689391,2016-04-15,14,66.3,55,97
8877689391,2016-04-15,15,66.4,56,99
8877689391,2016-04-15,16,68.1,57,102
8877689391,2016-04-15,17,91.8,57,139
8877689391,2016-04-15,18,134.8,102,165
8877689391,2016-04-15,19,125.5,70,158
8877689391,2016-04-15,20,77.6,65,97
8877689391,2016-04-15,21,80.3,62,104
8877689391,2016-04-15,22,86.2,68,105
8877689391,2016-04-15,23,75.7,61,94
8877689391,2016-04-16,0,73.4,62,101
8877689391,2016-04-16,8,73.7,58,92
8877689391,2016-04-16,9,83.9,64,107
8877689391,2016-04-16,10,76.7,57,93
8877689391,2016-04-16,11,71.9,54,100
8877689391,2016-04-16,12,148.1,57,172
8877689391,2016-04-16,13,129.0,67,170
8877689391,2016-04-16,14,85.4,73,102
8877689391,2016-04-16,15,83.6,68,104
8877689391,2016-04-16,16,79.7,66,103
8877689391,2016-04-16,17,79.8,57,103
8877689391,2016-04-16,18,82.7,63,128
8877689391,2016-04-16,19,79.6,68,90
8877689391,2016-04-16,20,77.7,64,99
8877689391,2016-04-16,21,77.3,67,101
8877689391,2016-04-16,22,71.9,62,96
8877689391,2016-04-16,23,85.4,64,117
8877689391,2016-04-17,0,79.6,61,114
8877689391,2016-04-17,1,77.2,57,115
8877689391,2016-04-17,2,76.3,59,112
8877689391,2016-04-17,3,68.5,64,81
8877689391,2016-04-17,10,76.3,67,84
8877689391,2016-04-17,11,72.1,55,109
8877689391,2016-04-17,12,60.7,51,95
8877689391,2016-04-17,13,63.8,51,106
8877689391,2016-04-17,14,63.8,51,82
8877689391,2016-04-17,15,60.2,53,117
8877689391,2016-04-17,16,67.6,56,93
8877689391,2016-04-17,17,103.5,64,154
8877689391,2016-04-17,18,133.3,78,167
8877689391,2016-04-17,19,77.7,64,88
8877689391,2016-04-17,20,69.9,56,99
8877689391,2016-04-17,21,71.3,64,84
8877689391,2016-04-18,6,81.5,71,87
8877689391,2016-04-18,7,68.5,54,92
8877689391,2016-04-18,8,61.0,49,97
8877689391,2016-04-18,9,63.3,49,103
8877689391,2016-04-18,10,59.2,49,102
8877689391,2016-04-18,11,61.6,51,101
8877689391,2016-04-18,12,91.3,64,139
8877689391,2016-04-18,13,69.2,57,110
8877689391,2016-04-18,14,61.6,50,99
8877689391,2016-04-18,15,63.8,53,101
8877689391,2016-04-18,16,65.1,48,100
8877689391,2016-04-18,17,59.3,51,80
8877689391,2016-04-18,18,63.3,52,77
8877689391,2016-04-18,19,69.3,54,93
8877689391,2016-04-18,20,63.8,55,84
8877689391,2016-04-18,21,67.4,56,88
8877689391,2016-04-19,6,81.3,61,101
8877689391,2016-04-19,7,70.8,54,106
8877689391,2016-04-19,8,59.3,51,78
8877689391,2016-04-19,9,67.5,51,128
8877689391,2016-04-19,10,61.2,53,96
8877689391,2016-04-19,11,61.3,49,84
8877689391,2016-04-19,12,97.0,53,168
8877689391,2016-04-19,13,66.2,55,103
8877689391,2016-04-19,14,58.5,52,77
8877689391,2016-04-19,15,64.4,53,110
8877689391,2016-04-19,16,159.2,79,178
8877689391,2016-04-19,17,87.7,67,115
8877689391,2016-04-19,18,76.3,64,90
8877689391,2016-04-19,19,76.3,62,91
8877689391,2016-04-19,20,72.7,64,90
8877689391,2016-04-19,21,72.9,61,101
8877689391,2016-04-19,22,68.5,60,83
8877689391,2016-04-20,6,72.6,60,85
8877689391,2016-04-20,7,74.1,58,131
8877689391,2016-04-20,8,65.7,52,97
8877689391,2016-04-20,9,64.6,55,88
8877689391,2016-04-20,10,64.3,55,99
8877689391,2016-04-20,11,67.5,52,103
8877689391,2016-04-20,12,73.0,52,158
8877689391,2016-04-20,13,63.8,55,86
8877689391,2016-04-20,14,61.0,51,92
8877689391,2016-04-20,15,63.8,53,104
8877689391,2016-04-20,16,69.3,51,107
8877689391,2016-04-20,17,99.7,55,160
8877689391,2016-04-20,18,157.7,64,173
8877689391,2016-04-20,19,90.4,74,113
8877689391,2016-04-20,20,81.1,69,100
8877689391,2016-04-20,21,78.6,65,101
8877689391,2016-04-20,22,70.8,61,83
8877689391,2016-04-21,6,80.6,68,98
8877689391,2016-04-21,7,69.6,55,98
8877689391,2016-04-21,8,62.9,53,77
8877689391,2016-04-21,9,64.8,54,96
8877689391,2016-04-21,10,62.3,53,83
8877689391,2016-04-21,11,68.7,55,102
8877689391,2016-04-21,12,67.7,54,89
8877689391,2016-04-21,13,73.7,61,137
8877689391,2016-04-21,14,67.7,59,95
8877689391,2016-04-21,15,132.3,63,166
8877689391,2016-04-21,16,143.2,75,170
8877689391,2016-04-21,17,86.5,61,116
8877689391,2016-04-21,18,86.6,63,117
8877689391,2016-04-21,19,72.6,62,95
8877689391,2016-04-21,20,70.0,61,89
8877689391,2016-04-21,21,75.4,64,98
8877689391,2016-04-21,22,76.6,64,107
8877689391,2016-04-22,6,78.4,70,108
8877689391,2016-04-22,7,70.0,52,112
8877689391,2016-04-22,8,64.5,51,114
8877689391,2016-04-22,9,64.3,52,110
8877689391,2016-04-22,10,64.2,54,100
8877689391,2016-04-22,11,64.2,53,87
8877689391,2016-04-22,12,62.3,52,87
8877689391,2016-04-22,13,63.5,52,103
8877689391,2016-04-22,14,64.4,51,109
8877689391,2016-04-22,15,65.8,51,107
8877689391,2016-04-22,16,68.4,47,115
8877689391,2016-04-22,17,76.9,59,111
8877689391,2016-04-22,18,140.2,63,163
8877689391,2016-04-22,19,117.2,59,151
8877689391,2016-04-22,20,79.2,68,96
8877689391,2016-04-22,21,74.7,63,96
8877689391,2016-04-22,22,69.5,57,91
8877689391,2016-04-23,7,63.5,53,114
8877689391,2016-04-23,8,71.7,54,103
8877689391,2016-04-23,9,74.4,55,99
8877689391,2016-04-23,10,73.0,58,89
8877689391,2016-04-23,11,77.0,58,99
8877689391,2016-04-23,12,122.8,73,156
8877689391,2016-04-23,13,130.9,99,165
8877689391,2016-04-23,14,104.5,70,145
8877689391,2016-04-23,15,82.6,71,108
8877689391,2016-04-23,16,69.5,56,100
8877689391,2016-04-23,17,70.2,57,95
8877689391,2016-04-23,18,75.2,60,108
8877689391,2016-04-23,19,72.5,55,102
8877689391,2016-04-23,20,71.5,56,93
8877689391,2016-04-23,21,69.2,57,95
8877689391,2016-04-23,22,67.6,60,85
8877689391,2016-04-24,7,69.7,57,97
8877689391,2016-04-24,8,67.9,51,100
8877689391,2016-04-24,9,71.5,56,93
8877689391,2016-04-24,10,66.9,54,99
8877689391,2016-04-24,11,67.0,57,81
8877689391,2016-04-24,12,76.5,60,101
8877689391,2016-04-24,13,69.4,58,89
8877689391,2016-04-24,14,68.5,59,90
8877689391,2016-04-24,15,73.6,58,104
8877689391,2016-04-24,16,63.3,56,79
8877689391,2016-04-24,17,156.4,58,171
8877689391,2016-04-24,18,107.0,75,167
8877689391,2016-04-24,19,75.8,63,96
8877689391,2016-04-24,20,72.6,64,92
8877689391,2016-04-24,21,70.6,58,92
8877689391,2016-04-25,6,78.0,63,113
8877689391,2016-04-25,7,68.9,56,91
8877689391,2016-04-25,8,66.0,51,98
8877689391,2016-04-25,9,66.3,50,102
8877689391,2016-04-25,10,69.9,53,125
8877689391,2016-04-25,11,63.9,49,103
8877689391,2016-04-25,12,105.2,54,176
8877689391,2016-04-25,13,73.5,52,153
8877689391,2016-04-25,14,62.3,52,102
8877689391,2016-04-25,15,57.2,52,70
8877689391,2016-04-25,16,67.4,51,107
8877689391,2016-04-25,17,69.4,55,92
8877689391,2016-04-25,18,127.5,68,152
8877689391,2016-04-25,19,125.0,51,163
8877689391,2016-04-25,20,79.5,62,98
8877689391,2016-04-25,21,73.5,61,88
8877689391,2016-04-25,22,78.5,66,97
8877689391,2016-04-26,6,77.9,66,95
8877689391,2016-04-26,7,68.8,59,99
8877689391,2016-04-26,8,66.1,53,100
8877689391,2016-04-26,9,62.0,49,83
8877689391,2016-04-26,10,62.2,53,96
8877689391,2016-04-26,11,70.5,53,102
8877689391,2016-04-26,12,77.7,52,123
8877689391,2016-04-26,13,62.8,53,92
8877689391,2016-04-26,14,59.6,50,87
8877689391,2016-04-26,15,60.3,51,87
8877689391,2016-04-26,16,68.3,53,109
8877689391,2016-04-26,17,65.8,54,85
8877689391,2016-04-26,18,72.2,54,93
8877689391,2016-04-26,19,66.7,57,116
8877689391,2016-04-26,20,76.0,54,125
8877689391,2016-04-26,21,71.9,59,89
8877689391,2016-04-26,22,68.3,51,95
8877689391,2016-04-26,23,65.4,53,84
8877689391,2016-04-27,6,79.2,70,99
8877689391,2016-04-27,7,81.4,56,134
8877689391,2016-04-27,8,64.7,48,104
8877689391,2016-04-27,9,60.9,51,90
8877689391,2016-04-27,10,66.9,48,116
8877689391,2016-04-27,11,70.6,51,99
8877689391,2016-04-27,12,81.3,53,127
8877689391,2016-04-27,13,65.3,52,116
8877689391,2016-04-27,14,62.1,53,114
8877689391,2016-04-27,15,70.1,48,110
8877689391,2016-04-27,16,63.2,48,102
8877689391,2016-04-27,17,107.4,46,163
8877689391,2016-04-27,18,143.6,71,162
8877689391,2016-04-27,19,77.5,58,106
8877689391,2016-04-27,20,76.4,66,109
8877689391,2016-04-27,21,73.3,58,96
8877689391,2016-04-27,22,72.2,57,105
8877689391,2016-04-28,6,84.8,65,96
8877689391,2016-04-28,7,69.3,56,96
8877689391,2016-04-28,8,58.6,50,94
8877689391,2016-04-28,9,58.8,51,95
8877689391,2016-04-28,10,59.2,47,91
8877689391,2016-04-28,11,60.7,48,96
8877689391,2016-04-28,12,92.9,54,153
8877689391,2016-04-28,13,58.1,51,71
8877689391,2016-04-28,14,61.7,51,97
8877689391,2016-04-28,15,64.7,52,97
8877689391,2016-04-28,16,69.3,52,113
8877689391,2016-04-28,17,67.0,48,90
8877689391,2016-04-28,18,75.6,47,110
8877689391,2016-04-28,19,73.2,52,111
8877689391,2016-04-28,20,61.3,52,87
8877689391,2016-04-28,21,65.4,53,90
8877689391,2016-04-28,22,63.7,55,92
8877689391,2016-04-29,6,78.9,67,96
8877689391,2016-04-29,7,66.4,55,101
8877689391,2016-04-29,8,59.7,52,78
8877689391,2016-04-29,9,60.1,49,115
8877689391,2016-04-29,10,59.5,51,86
8877689391,2016-04-29,11,62.8,53,95
8877689391,2016-04-29,12,76.7,47,131
8877689391,2016-04-29,13,62.7,52,99
8877689391,2016-04-29,14,60.7,52,85
8877689391,2016-04-29,15,60.2,50,87
8877689391,2016-04-29,16,60.7,48,99
8877689391,2016-04-29,17,62.5,49,83
8877689391,2016-04-29,18,71.0,50,124
8877689391,2016-04-29,19,69.4,59,124
8877689391,2016-04-29,20,64.3,56,121
8877689391,2016-04-29,21,66.1,57,98
8877689391,2016-04-29,22,65.6,54,83
8877689391,2016-04-29,23,65.8,60,77
8877689391,2016-04-30,7,78.1,65,88
8877689391,2016-04-30,8,62.3,49,76
8877689391,2016-04-30,9,61.4,50,90
8877689391,2016-04-30,10,65.2,49,99
8877689391,2016-04-30,11,75.3,59,118
8877689391,2016-04-30,12,72.6,52,102
8877689391,2016-04-30,13,143.4,66,167
8877689391,2016-04-30,14,160.0,149,170
8877689391,2016-04-30,15,137.4,63,169
8877689391,2016-04-30,16,81.8,72,91
8877689391,2016-04-30,17,80.5,62,91
8877689391,2016-04-30,18,78.0,54,94
8877689391,2016-04-30,19,74.9,66,94
8877689391,2016-04-30,20,70.0,60,83
8877689391,2016-04-30,21,69.4,58,81
8877689391,2016-04-30,22,66.4,58,85
8877689391,2016-05-01,8,92.7,64,145
8877689391,2016-05-01,9,79.9,55,127
8877689391,2016-05-01,10,75.6,57,117
8877689391,2016-05-01,11,70.1,54,89
8877689391,2016-05-01,12,67.8,55,109
8877689391,2016-05-01,13,71.8,57,92
8877689391,2016-05-01,14,60.0,49,75
8877689391,2016-05-01,15,61.5,48,92
8877689391,2016-05-01,16,69.6,52,94
8877689391,2016-05-01,17,70.4,59,93
8877689391,2016-05-01,18,78.0,62,108
8877689391,2016-05-01,19,69.4,60,113
8877689391,2016-05-01,20,73.1,56,108
8877689391,2016-05-01,21,65.3,55,87
8877689391,2016-05-02,6,81.0,70,100
8877689391,2016-05-02,7,68.9,57,86
8877689391,2016-05-02,8,62.1,51,97
8877689391,2016-05-02,9,63.7,52,100
8877689391,2016-05-02,10,64.2,53,108
8877689391,2016-05-02,11,61.0,47,92
8877689391,2016-05-02,12,62.3,56,81
8877689391,2016-05-02,19,76.3,66,90
8877689391,2016-05-02,20,73.2,64,91
8877689391,2016-05-02,21,73.0,70,77
8877689391,2016-05-03,6,83.6,69,102
8877689391,2016-05-03,7,71.7,56,110
8877689391,2016-05-03,8,65.3,55,98
8877689391,2016-05-03,9,67.7,54,118
8877689391,2016-05-03,10,63.0,50,108
8877689391,2016-05-03,11,68.0,53,150
8877689391,2016-05-03,12,76.3,55,132
8877689391,2016-05-03,13,62.8,54,78
8877689391,2016-05-03,14,60.5,54,74
8877689391,2016-05-03,15,64.1,49,107
8877689391,2016-05-03,16,59.9,51,85
8877689391,2016-05-03,17,69.3,51,112
8877689391,2016-05-03,18,65.4,54,101
8877689391,2016-05-03,19,70.6,48,101
8877689391,2016-05-03,20,65.9,54,96
8877689391,2016-05-03,21,68.0,53,102
8877689391,2016-05-03,22,80.0,57,128
8877689391,2016-05-04,6,78.6,65,122
8877689391,2016-05-04,7,71.4,61,93
8877689391,2016-05-04,8,67.6,57,95
8877689391,2016-05-04,9,69.7,61,94
8877689391,2016-05-04,10,69.7,59,91
8877689391,2016-05-04,11,70.7,58,84
8877689391,2016-05-04,12,69.6,61,84
8877689391,2016-05-04,13,67.1,60,78
8877689391,2016-05-04,14,67.3,57,79
8877689391,2016-05-04,15,63.8,56,81
8877689391,2016-05-04,16,100.3,58,160
8877689391,2016-05-04,17,146.9,76,168
8877689391,2016-05-04,18,83.3,68,112
8877689391,2016-05-04,19,82.7,65,103
8877689391,2016-05-04,20,80.2,70,94
8877689391,2016-05-04,21,71.5,62,105
8877689391,2016-05-05,7,74.1,59,97
8877689391,2016-05-05,8,67.2,54,87
8877689391,2016-05-05,9,71.3,53,105
8877689391,2016-05-05,10,89.8,60,127
8877689391,2016-05-05,11,77.5,54,142
8877689391,2016-05-05,12,78.4,58,121
8877689391,2016-05-05,13,65.2,56,78
8877689391,2016-05-05,14,67.6,57,93
8877689391,2016-05-05,15,75.6,61,110
8877689391,2016-05-05,16,73.6,65,91
8877689391,2016-05-05,17,72.4,64,84
8877689391,2016-05-05,18,77.1,61,121
8877689391,2016-05-05,19,69.3,56,107
8877689391,2016-05-05,20,65.1,56,81
8877689391,2016-05-05,21,63.4,53,91
8877689391,2016-05-05,22,64.2,55,76
8877689391,2016-05-06,6,80.8,66,96
8877689391,2016-05-06,7,76.4,59,108
8877689391,2016-05-06,8,70.2,52,111
8877689391,2016-05-06,9,67.6,51,116
8877689391,2016-05-06,10,61.4,53,89
8877689391,2016-05-06,11,69.1,47,118
8877689391,2016-05-06,12,82.2,53,122
8877689391,2016-05-06,13,72.1,54,101
8877689391,2016-05-06,14,151.4,93,177
8877689391,2016-05-06,15,93.3,66,128
8877689391,2016-05-06,16,101.5,76,129
8877689391,2016-05-06,17,91.8,74,110
8877689391,2016-05-06,18,86.3,72,104
8877689391,2016-05-06,19,88.3,65,104
8877689391,2016-05-06,20,78.4,70,94
8877689391,2016-05-06,21,75.9,65,96
8877689391,2016-05-06,22,74.3,69,94
8877689391,2016-05-07,8,78.6,58,93
8877689391,2016-05-07,9,80.7,57,105
8877689391,2016-05-07,10,79.3,56,104
8877689391,2016-05-07,11,72.4,58,93
8877689391,2016-05-07,12,138.3,74,166
8877689391,2016-05-07,13,137.3,109,164
8877689391,2016-05-07,14,88.1,70,134
8877689391,2016-05-07,15,82.4,70,104
8877689391,2016-05-07,16,74.0,56,89
8877689391,2016-05-07,17,75.0,59,113
8877689391,2016-05-07,18,76.3,62,102
8877689391,2016-05-07,19,79.8,69,97
8877689391,2016-05-07,20,78.8,65,104
8877689391,2016-05-07,21,78.2,66,96
8877689391,2016-05-07,22,89.0,64,121
8877689391,2016-05-08,7,81.0,63,101
8877689391,2016-05-08,8,72.0,60,103
8877689391,2016-05-08,9,67.7,55,87
8877689391,2016-05-08,10,65.0,54,74
8877689391,2016-05-08,11,68.8,55,110
8877689391,2016-05-08,12,70.3,57,109
8877689391,2016-05-08,13,68.7,56,89
8877689391,2016-05-08,14,73.1,64,101
8877689391,2016-05-08,15,76.6,62,112
8877689391,2016-05-08,16,73.9,61,95
8877689391,2016-05-08,17,80.8,59,137
8877689391,2016-05-08,18,73.1,56,131
8877689391,2016-05-08,19,68.2,58,84
8877689391,2016-05-08,20,68.3,58,101
8877689391,2016-05-08,21,86.7,62,124
8877689391,2016-05-09,6,88.1,68,124
8877689391,2016-05-09,7,71.0,58,96
8877689391,2016-05-09,8,65.2,52,96
8877689391,2016-05-09,9,63.8,51,113
8877689391,2016-05-09,10,64.0,51,91
8877689391,2016-05-09,11,76.4,53,113
8877689391,2016-05-09,12,79.4,55,136
8877689391,2016-05-09,13,67.6,54,109
8877689391,2016-05-09,14,68.1,55,97
8877689391,2016-05-09,15,71.0,55,105
8877689391,2016-05-09,16,148.1,70,173
8877689391,2016-05-09,17,134.3,77,176
8877689391,2016-05-09,18,84.8,66,98
8877689391,2016-05-09,19,86.6,75,111
8877689391,2016-05-09,20,83.4,73,101
8877689391,2016-05-09,21,76.4,64,93
8877689391,2016-05-09,22,81.1,68,88
8877689391,2016-05-10,6,79.6,70,87
8877689391,2016-05-10,7,72.1,59,90
8877689391,2016-05-10,8,67.5,53,105
8877689391,2016-05-10,9,65.3,50,99
8877689391,2016-05-10,10,74.1,58,131
8877689391,2016-05-10,11,68.4,57,103
8877689391,2016-05-10,12,86.0,55,141
8877689391,2016-05-10,13,66.2,56,102
8877689391,2016-05-10,14,63.5,53,87
8877689391,2016-05-10,15,62.8,53,95
8877689391,2016-05-10,16,70.0,54,91
8877689391,2016-05-10,17,72.6,63,88
8877689391,2016-05-10,18,72.7,57,99
8877689391,2016-05-10,19,70.3,60,80
8877689391,2016-05-10,20,83.3,61,141
8877689391,2016-05-10,21,78.9,64,112
8877689391,2016-05-11,6,77.1,63,85
8877689391,2016-05-11,7,69.2,57,95
8877689391,2016-05-11,8,66.8,53,105
8877689391,2016-05-11,9,67.2,53,102
8877689391,2016-05-11,10,64.6,55,85
8877689391,2016-05-11,11,72.2,50,104
8877689391,2016-05-11,12,103.7,58,169
8877689391,2016-05-11,13,64.1,52,114
8877689391,2016-05-11,14,57.5,53,73
8877689391,2016-05-11,15,61.4,48,98
8877689391,2016-05-11,16,110.5,50,163
8877689391,2016-05-11,17,161.5,90,180
8877689391,2016-05-11,18,85.6,65,108
8877689391,2016-05-11,19,83.7,72,102
8877689391,2016-05-11,20,80.3,69,101
8877689391,2016-05-11,21,74.8,66,90
8877689391,2016-05-11,22,69.1,59,83
8877689391,2016-05-12,6,88.6,68,99
8877689391,2016-05-12,7,74.8,60,95
8877689391,2016-05-12,8,65.9,53,103
8877689391,2016-05-12,9,63.5,56,101
8877689391,2016-05-12,10,68.7,58,119
8877689391,2016-05-12,11,72.0,54,102
8877689391,2016-05-12,12,87.6,60,122
8877689391,2016-05-12,13,64.7,54,99
8877689391,2016-05-12,14,64.6,53,115
