Id,Date,Hour,AvgMETs,MaxMETs
1503960366,2016-04-12,0,1.72,3.6
1503960366,2016-04-12,1,1.28,3.4
1503960366,2016-04-12,2,1.25,3.6
1503960366,2016-04-12,3,1.0,1.0
1503960366,2016-04-12,4,1.01,1.2
1503960366,2016-04-12,5,1.01,1.2
1503960366,2016-04-12,6,1.01,1.2
1503960366,2016-04-12,7,1.0,1.2
1503960366,2016-04-12,8,1.44,3.4
1503960366,2016-04-12,9,2.98,9.9
1503960366,2016-04-12,10,2.1,5.8
1503960366,2016-04-12,11,1.61,5.4
1503960366,2016-04-12,12,1.54,6.2
1503960366,2016-04-12,13,1.4,4.8
1503960366,2016-04-12,14,2.33,9.0
1503960366,2016-04-12,15,3.19,9.0
1503960366,2016-04-12,16,1.6,5.0
1503960366,2016-04-12,17,1.75,6.0
1503960366,2016-04-12,18,2.63,9.1
1503960366,2016-04-12,19,2.2,4.0
1503960366,2016-04-12,20,2.79,8.8
1503960366,2016-04-12,21,2.12,6.4
1503960366,2016-04-12,22,1.37,2.8
1503960366,2016-04-12,23,1.73,3.4
1503960366,2016-04-13,0,1.46,3.0
1503960366,2016-04-13,1,1.02,1.2
1503960366,2016-04-13,2,1.0,1.0
1503960366,2016-04-13,3,1.12,2.6
1503960366,2016-04-13,4,1.0,1.2
1503960366,2016-04-13,5,1.0,1.2
1503960366,2016-04-13,6,1.01,1.2
1503960366,2016-04-13,7,1.25,3.2
1503960366,2016-04-13,8,1.46,3.6
1503960366,2016-04-13,9,2.88,11.1
1503960366,2016-04-13,10,1.62,5.4
1503960366,2016-04-13,11,1.77,5.6
1503960366,2016-04-13,12,1.75,6.6
1503960366,2016-04-13,13,1.53,7.2
1503960366,2016-04-13,14,2.7,9.3
1503960366,2016-04-13,15,1.68,6.0
1503960366,2016-04-13,16,1.51,4.4
1503960366,2016-04-13,17,1.85,7.6
1503960366,2016-04-13,18,2.51,8.8
1503960366,2016-04-13,19,1.54,3.8
1503960366,2016-04-13,20,1.0,1.0
1503960366,2016-04-13,21,1.01,1.2
1503960366,2016-04-13,22,1.57,7.4
1503960366,2016-04-13,23,2.87,7.8
1503960366,2016-04-14,0,1.19,3.8
1503960366,2016-04-14,1,1.14,3.0
1503960366,2016-04-14,2,1.0,1.0
1503960366,2016-04-14,3,1.0,1.2
1503960366,2016-04-14,4,1.0,1.0
1503960366,2016-04-14,5,1.0,1.0
1503960366,2016-04-14,6,1.0,1.0
1503960366,2016-04-14,7,1.0,1.0
1503960366,2016-04-14,8,1.0,1.0
1503960366,2016-04-14,9,1.97,7.8
1503960366,2016-04-14,10,2.32,7.8
1503960366,2016-04-14,11,1.35,2.6
1503960366,2016-04-14,12,1.79,4.2
1503960366,2016-04-14,13,2.9,8.0
1503960366,2016-04-14,14,2.4,7.6
1503960366,2016-04-14,15,1.4,6.0
1503960366,2016-04-14,16,1.86,5.2
1503960366,2016-04-14,17,1.28,2.6
1503960366,2016-04-14,18,1.53,4.2
1503960366,2016-04-14,19,1.17,2.6
1503960366,2016-04-14,20,1.94,9.3
1503960366,2016-04-14,21,3.68,9.7
1503960366,2016-04-14,22,1.67,4.0
1503960366,2016-04-14,23,1.05,1.2
1503960366,2016-04-15,0,1.27,3.4
1503960366,2016-04-15,1,1.23,3.2
1503960366,2016-04-15,2,1.25,3.4
1503960366,2016-04-15,3,1.0,1.0
1503960366,2016-04-15,4,1.0,1.2
1503960366,2016-04-15,5,1.04,3.2
1503960366,2016-04-15,6,1.0,1.0
1503960366,2016-04-15,7,1.03,2.6
1503960366,2016-04-15,8,1.14,2.8
1503960366,2016-04-15,9,1.06,2.8
1503960366,2016-04-15,10,1.34,3.4
1503960366,2016-04-15,11,1.79,4.0
1503960366,2016-04-15,12,1.56,4.2
1503960366,2016-04-15,13,1.42,6.4
1503960366,2016-04-15,14,1.0,1.0
1503960366,2016-04-15,15,1.0,1.0
1503960366,2016-04-15,16,1.0,1.0
1503960366,2016-04-15,17,2.96,9.7
1503960366,2016-04-15,18,1.85,8.0
1503960366,2016-04-15,19,2.05,4.0
1503960366,2016-04-15,20,1.36,3.0
1503960366,2016-04-15,21,1.58,6.8
1503960366,2016-04-15,22,3.2,7.6
1503960366,2016-04-15,23,3.85,7.8
1503960366,2016-04-16,0,1.64,6.2
1503960366,2016-04-16,1,1.01,1.2
1503960366,2016-04-16,2,1.11,3.6
1503960366,2016-04-16,3,1.03,2.4
1503960366,2016-04-16,4,1.03,2.4
1503960366,2016-04-16,5,1.03,2.6
1503960366,2016-04-16,6,1.01,1.2
1503960366,2016-04-16,7,1.15,3.8
1503960366,2016-04-16,8,1.31,3.2
1503960366,2016-04-16,9,2.62,8.7
1503960366,2016-04-16,10,2.34,10.3
1503960366,2016-04-16,11,3.11,8.8
1503960366,2016-04-16,12,2.51,9.2
1503960366,2016-04-16,13,4.53,9.7
1503960366,2016-04-16,14,1.73,7.8
1503960366,2016-04-16,15,1.08,1.2
1503960366,2016-04-16,16,1.14,2.6
1503960366,2016-04-16,17,1.67,4.2
1503960366,2016-04-16,18,1.38,3.0
1503960366,2016-04-16,19,1.41,3.4
1503960366,2016-04-16,20,1.72,3.6
1503960366,2016-04-16,21,1.58,4.2
1503960366,2016-04-16,22,1.16,2.8
1503960366,2016-04-16,23,1.19,3.8
1503960366,2016-04-17,0,1.0,1.0
1503960366,2016-04-17,1,1.01,1.2
1503960366,2016-04-17,2,1.0,1.0
1503960366,2016-04-17,3,1.04,2.6
1503960366,2016-04-17,4,1.01,1.2
1503960366,2016-04-17,5,1.01,1.2
1503960366,2016-04-17,6,1.01,1.2
1503960366,2016-04-17,7,1.01,1.2
1503960366,2016-04-17,8,1.01,1.2
1503960366,2016-04-17,9,1.01,1.2
1503960366,2016-04-17,10,1.0,1.2
1503960366,2016-04-17,11,1.34,2.8
1503960366,2016-04-17,12,1.6,3.6
1503960366,2016-04-17,13,1.77,3.4
1503960366,2016-04-17,14,1.46,6.2
1503960366,2016-04-17,15,1.54,3.4
1503960366,2016-04-17,16,1.21,2.6
1503960366,2016-04-17,17,3.69,9.5
1503960366,2016-04-17,18,2.88,8.3
1503960366,2016-04-17,19,2.02,5.6
1503960366,2016-04-17,20,4.06,9.5
1503960366,2016-04-17,21,1.67,9.5
1503960366,2016-04-17,22,1.23,2.8
1503960366,2016-04-17,23,1.07,1.2
1503960366,2016-04-18,0,1.75,5.2
1503960366,2016-04-18,1,1.03,1.2
1503960366,2016-04-18,2,1.0,1.0
1503960366,2016-04-18,3,1.0,1.0
1503960366,2016-04-18,4,1.0,1.0
1503960366,2016-04-18,5,1.0,1.0
1503960366,2016-04-18,6,1.0,1.0
1503960366,2016-04-18,7,1.0,1.0
1503960366,2016-04-18,8,1.0,1.2
1503960366,2016-04-18,9,2.82,10.7
1503960366,2016-04-18,10,1.71,6.0
1503960366,2016-04-18,11,1.54,4.0
1503960366,2016-04-18,12,2.51,9.5
1503960366,2016-04-18,13,1.48,5.6
1503960366,2016-04-18,14,1.36,4.0
1503960366,2016-04-18,15,1.7,6.0
1503960366,2016-04-18,16,1.66,5.2
1503960366,2016-04-18,17,1.67,4.2
1503960366,2016-04-18,18,4.96,9.2
1503960366,2016-04-18,19,3.32,9.7
1503960366,2016-04-18,20,1.2,2.8
1503960366,2016-04-18,21,1.43,3.6
1503960366,2016-04-18,22,1.82,7.4
1503960366,2016-04-18,23,1.76,6.8
1503960366,2016-04-19,0,1.0,1.0
1503960366,2016-04-19,1,1.04,3.0
1503960366,2016-04-19,2,1.0,1.2
1503960366,2016-04-19,3,1.05,2.6
1503960366,2016-04-19,4,1.0,1.2
1503960366,2016-04-19,5,1.0,1.2
1503960366,2016-04-19,6,1.04,2.6
1503960366,2016-04-19,7,1.59,4.2
1503960366,2016-04-19,8,2.75,10.9
1503960366,2016-04-19,9,1.68,4.0
1503960366,2016-04-19,10,1.58,3.4
1503960366,2016-04-19,11,1.53,4.0
1503960366,2016-04-19,12,3.02,7.6
1503960366,2016-04-19,13,3.62,7.8
1503960366,2016-04-19,14,1.62,5.8
1503960366,2016-04-19,15,1.53,5.0
1503960366,2016-04-19,16,1.5,5.4
1503960366,2016-04-19,17,1.92,10.9
1503960366,2016-04-19,18,2.53,8.1
1503960366,2016-04-19,19,1.98,3.8
1503960366,2016-04-19,20,3.38,8.0
1503960366,2016-04-19,21,2.0,7.6
1503960366,2016-04-19,22,1.23,3.4
1503960366,2016-04-19,23,2.55,7.2
1503960366,2016-04-20,0,1.14,2.6
1503960366,2016-04-20,1,1.12,3.2
1503960366,2016-04-20,2,1.0,1.0
1503960366,2016-04-20,3,1.01,1.2
1503960366,2016-04-20,4,1.01,1.2
1503960366,2016-04-20,5,1.0,1.2
1503960366,2016-04-20,6,1.01,1.2
1503960366,2016-04-20,7,1.09,2.8
1503960366,2016-04-20,8,1.49,3.6
1503960366,2016-04-20,9,3.05,8.0
1503960366,2016-04-20,10,1.68,5.8
1503960366,2016-04-20,11,1.23,4.4
1503960366,2016-04-20,12,1.36,4.4
1503960366,2016-04-20,13,1.3,3.0
1503960366,2016-04-20,14,2.4,7.8
1503960366,2016-04-20,15,2.05,6.4
1503960366,2016-04-20,16,1.49,3.8
1503960366,2016-04-20,17,1.22,2.6
1503960366,2016-04-20,18,2.41,7.8
1503960366,2016-04-20,19,2.49,7.8
1503960366,2016-04-20,20,1.7,8.4
1503960366,2016-04-20,21,1.77,3.4
1503960366,2016-04-20,22,1.31,3.0
1503960366,2016-04-20,23,2.54,6.4
1503960366,2016-04-21,0,1.14,2.8
1503960366,2016-04-21,1,1.29,3.2
1503960366,2016-04-21,2,1.17,3.6
1503960366,2016-04-21,3,1.01,1.2
1503960366,2016-04-21,4,1.0,1.0
1503960366,2016-04-21,5,1.0,1.2
1503960366,2016-04-21,6,1.01,1.2
1503960366,2016-04-21,7,1.09,2.8
1503960366,2016-04-21,8,1.5,3.8
1503960366,2016-04-21,9,2.83,10.3
1503960366,2016-04-21,10,1.62,3.6
1503960366,2016-04-21,11,1.17,1.2
1503960366,2016-04-21,12,1.54,5.6
1503960366,2016-04-21,13,2.4,7.4
1503960366,2016-04-21,14,1.23,2.6
1503960366,2016-04-21,15,1.44,4.0
1503960366,2016-04-21,16,1.28,2.6
1503960366,2016-04-21,17,1.28,3.6
1503960366,2016-04-21,18,1.45,4.0
1503960366,2016-04-21,19,1.36,3.2
1503960366,2016-04-21,20,4.51,9.3
1503960366,2016-04-21,21,2.2,8.4
1503960366,2016-04-21,22,1.33,2.8
1503960366,2016-04-21,23,1.77,6.2
1503960366,2016-04-22,0,1.0,1.0
1503960366,2016-04-22,1,1.0,1.0
1503960366,2016-04-22,2,1.0,1.0
1503960366,2016-04-22,3,1.0,1.0
1503960366,2016-04-22,4,1.0,1.0
1503960366,2016-04-22,5,1.0,1.0
1503960366,2016-04-22,6,1.0,1.0
1503960366,2016-04-22,7,1.0,1.0
1503960366,2016-04-22,8,1.0,1.0
1503960366,2016-04-22,9,1.38,3.0
1503960366,2016-04-22,10,1.15,3.0
1503960366,2016-04-22,11,2.15,9.3
1503960366,2016-04-22,12,1.22,3.2
1503960366,2016-04-22,13,1.26,6.0
1503960366,2016-04-22,14,1.15,1.2
1503960366,2016-04-22,15,1.39,3.8
1503960366,2016-04-22,16,1.23,2.6
1503960366,2016-04-22,17,2.2,9.1
1503960366,2016-04-22,18,1.85,4.0
1503960366,2016-04-22,19,1.74,6.4
1503960366,2016-04-22,20,1.51,6.2
1503960366,2016-04-22,21,6.58,8.2
1503960366,2016-04-22,22,2.02,7.6
1503960366,2016-04-22,23,2.89,7.2
1503960366,2016-04-23,0,1.34,4.4
1503960366,2016-04-23,1,1.0,1.0
1503960366,2016-04-23,2,1.03,2.6
1503960366,2016-04-23,3,1.0,1.0
1503960366,2016-04-23,4,1.0,1.0
1503960366,2016-04-23,5,1.01,1.2
1503960366,2016-04-23,6,1.05,2.6
1503960366,2016-04-23,7,1.02,1.2
1503960366,2016-04-23,8,1.26,3.6
1503960366,2016-04-23,9,1.6,3.8
1503960366,2016-04-23,10,1.18,2.8
1503960366,2016-04-23,11,1.79,7.4
1503960366,2016-04-23,12,2.74,8.0
1503960366,2016-04-23,13,2.73,7.8
1503960366,2016-04-23,14,1.66,3.0
1503960366,2016-04-23,15,1.55,3.4
1503960366,2016-04-23,16,2.96,7.8
1503960366,2016-04-23,17,2.56,7.8
1503960366,2016-04-23,18,3.67,7.6
1503960366,2016-04-23,19,1.08,3.0
1503960366,2016-04-23,20,1.34,3.8
1503960366,2016-04-23,21,3.44,7.6
1503960366,2016-04-23,22,2.04,7.6
1503960366,2016-04-23,23,1.28,5.8
1503960366,2016-04-24,0,1.39,3.0
1503960366,2016-04-24,1,1.14,3.0
1503960366,2016-04-24,2,1.01,1.2
1503960366,2016-04-24,3,1.01,1.2
1503960366,2016-04-24,4,1.03,2.6
1503960366,2016-04-24,5,1.01,1.2
1503960366,2016-04-24,6,1.03,2.6
1503960366,2016-04-24,7,1.0,1.2
1503960366,2016-04-24,8,1.03,2.6
1503960366,2016-04-24,9,1.26,3.0
1503960366,2016-04-24,10,1.9,5.0
1503960366,2016-04-24,11,1.42,3.2
1503960366,2016-04-24,12,1.74,8.3
1503960366,2016-04-24,13,1.57,5.8
1503960366,2016-04-24,14,1.1,3.2
1503960366,2016-04-24,15,1.1,2.8
1503960366,2016-04-24,16,2.16,6.2
1503960366,2016-04-24,17,1.83,4.0
1503960366,2016-04-24,18,2.43,6.6
1503960366,2016-04-24,19,5.72,9.3
1503960366,2016-04-24,20,1.62,7.4
1503960366,2016-04-24,21,1.57,3.4
1503960366,2016-04-24,22,1.3,2.8
1503960366,2016-04-24,23,1.53,6.8
1503960366,2016-04-25,0,1.31,3.0
1503960366,2016-04-25,1,1.13,2.6
1503960366,2016-04-25,2,1.21,3.4
1503960366,2016-04-25,3,1.0,1.2
1503960366,2016-04-25,4,1.06,2.8
1503960366,2016-04-25,5,1.03,2.4
1503960366,2016-04-25,6,1.0,1.2
1503960366,2016-04-25,7,1.11,2.8
1503960366,2016-04-25,8,1.76,4.0
1503960366,2016-04-25,9,3.09,9.5
1503960366,2016-04-25,10,1.55,6.4
1503960366,2016-04-25,11,2.56,7.8
1503960366,2016-04-25,12,1.94,7.4
1503960366,2016-04-25,13,1.59,6.8
1503960366,2016-04-25,14,1.32,4.2
1503960366,2016-04-25,15,1.61,4.2
1503960366,2016-04-25,16,1.5,4.4
1503960366,2016-04-25,17,1.42,4.2
1503960366,2016-04-25,18,1.29,5.0
1503960366,2016-04-25,19,3.87,9.5
1503960366,2016-04-25,20,2.02,7.6
1503960366,2016-04-25,21,5.66,7.8
1503960366,2016-04-25,22,1.45,3.6
1503960366,2016-04-25,23,1.15,3.0
1503960366,2016-04-26,0,1.19,4.2
1503960366,2016-04-26,1,1.41,3.4
1503960366,2016-04-26,2,1.07,1.2
1503960366,2016-04-26,3,1.37,3.6
1503960366,2016-04-26,4,1.01,1.2
1503960366,2016-04-26,5,1.03,2.6
1503960366,2016-04-26,6,1.01,1.2
1503960366,2016-04-26,7,1.09,2.8
1503960366,2016-04-26,8,1.42,3.2
1503960366,2016-04-26,9,2.95,8.2
1503960366,2016-04-26,10,1.96,5.8
1503960366,2016-04-26,11,1.64,5.0
1503960366,2016-04-26,12,1.57,5.8
1503960366,2016-04-26,13,2.67,9.0
1503960366,2016-04-26,14,3.01,7.4
1503960366,2016-04-26,15,1.56,6.2
1503960366,2016-04-26,16,1.98,5.6
1503960366,2016-04-26,17,1.27,4.2
1503960366,2016-04-26,18,3.57,9.3
1503960366,2016-04-26,19,1.54,3.0
1503960366,2016-04-26,20,2.69,7.8
1503960366,2016-04-26,21,1.67,5.8
1503960366,2016-04-26,22,1.39,3.6
1503960366,2016-04-26,23,1.69,3.4
1503960366,2016-04-27,0,1.44,4.4
1503960366,2016-04-27,1,1.25,3.2
1503960366,2016-04-27,2,1.11,2.6
1503960366,2016-04-27,3,1.0,1.0
1503960366,2016-04-27,4,1.0,1.0
1503960366,2016-04-27,5,1.0,1.0
1503960366,2016-04-27,6,1.0,1.0
1503960366,2016-04-27,7,1.0,1.0
1503960366,2016-04-27,8,1.0,1.0
1503960366,2016-04-27,9,3.16,9.7
1503960366,2016-04-27,10,1.96,5.0
1503960366,2016-04-27,11,2.11,7.2
1503960366,2016-04-27,12,1.88,7.9
1503960366,2016-04-27,13,1.61,7.2
1503960366,2016-04-27,14,3.17,9.7
1503960366,2016-04-27,15,1.33,2.8
1503960366,2016-04-27,16,1.36,3.8
1503960366,2016-04-27,17,1.54,4.0
1503960366,2016-04-27,18,3.77,9.5
1503960366,2016-04-27,19,6.74,9.3
1503960366,2016-04-27,20,3.69,9.0
1503960366,2016-04-27,21,1.62,3.2
1503960366,2016-04-27,22,1.0,1.0
1503960366,2016-04-27,23,1.0,1.0
1503960366,2016-04-28,0,1.0,1.0
1503960366,2016-04-28,1,1.31,3.2
1503960366,2016-04-28,2,1.01,1.2
1503960366,2016-04-28,3,1.0,1.0
1503960366,2016-04-28,4,1.01,1.2
1503960366,2016-04-28,5,1.0,1.2
1503960366,2016-04-28,6,1.01,1.2
1503960366,2016-04-28,7,1.04,2.8
1503960366,2016-04-28,8,1.34,3.0
1503960366,2016-04-28,9,2.46,9.7
1503960366,2016-04-28,10,2.22,9.2
1503960366,2016-04-28,11,1.54,5.4
1503960366,2016-04-28,12,1.66,6.2
1503960366,2016-04-28,13,2.28,9.2
1503960366,2016-04-28,14,2.62,8.0
1503960366,2016-04-28,15,1.28,4.4
1503960366,2016-04-28,16,1.72,10.3
1503960366,2016-04-28,17,1.52,5.2
1503960366,2016-04-28,18,2.93,8.0
1503960366,2016-04-28,19,1.18,2.8
1503960366,2016-04-28,20,3.2,7.4
1503960366,2016-04-28,21,2.18,7.9
1503960366,2016-04-28,22,1.16,2.6
1503960366,2016-04-28,23,2.56,7.2
1503960366,2016-04-29,0,1.37,4.2
1503960366,2016-04-29,1,1.04,1.2
1503960366,2016-04-29,2,1.14,3.8
1503960366,2016-04-29,3,1.0,1.2
1503960366,2016-04-29,4,1.0,1.0
1503960366,2016-04-29,5,1.01,1.2
1503960366,2016-04-29,6,1.0,1.2
1503960366,2016-04-29,7,1.09,2.8
1503960366,2016-04-29,8,1.42,3.6
1503960366,2016-04-29,9,3.0,9.9
1503960366,2016-04-29,10,1.28,3.2
1503960366,2016-04-29,11,1.27,5.2
1503960366,2016-04-29,12,1.37,5.6
1503960366,2016-04-29,13,1.31,2.6
1503960366,2016-04-29,14,2.88,7.6
1503960366,2016-04-29,15,2.32,8.6
1503960366,2016-04-29,16,1.54,6.8
1503960366,2016-04-29,17,1.58,6.0
1503960366,2016-04-29,18,1.28,4.8
1503960366,2016-04-29,19,1.5,4.2
1503960366,2016-04-29,20,1.7,6.0
1503960366,2016-04-29,21,2.5,9.0
1503960366,2016-04-29,22,2.35,7.8
1503960366,2016-04-29,23,2.97,7.0
1503960366,2016-04-30,0,1.08,2.8
1503960366,2016-04-30,1,1.2,3.0
1503960366,2016-04-30,2,1.0,1.2
1503960366,2016-04-30,3,1.03,2.4
1503960366,2016-04-30,4,1.0,1.2
1503960366,2016-04-30,5,1.01,1.2
1503960366,2016-04-30,6,1.01,1.2
1503960366,2016-04-30,7,1.01,1.2
1503960366,2016-04-30,8,1.1,3.0
1503960366,2016-04-30,9,1.37,3.2
1503960366,2016-04-30,10,1.53,3.4
1503960366,2016-04-30,11,1.32,3.8
1503960366,2016-04-30,12,1.23,3.6
1503960366,2016-04-30,13,1.37,3.2
1503960366,2016-04-30,14,1.81,4.4
1503960366,2016-04-30,15,1.99,7.6
1503960366,2016-04-30,16,4.3,8.8
1503960366,2016-04-30,17,3.38,6.6
1503960366,2016-04-30,18,3.37,7.6
1503960366,2016-04-30,19,1.27,3.8
1503960366,2016-04-30,20,1.32,3.8
1503960366,2016-04-30,21,2.04,7.2
1503960366,2016-04-30,22,3.05,7.8
1503960366,2016-04-30,23,2.45,7.6
1503960366,2016-05-01,0,1.36,4.4
1503960366,2016-05-01,1,1.28,2.8
1503960366,2016-05-01,2,1.06,3.2
1503960366,2016-05-01,3,1.03,2.4
1503960366,2016-05-01,4,1.0,1.2
1503960366,2016-05-01,5,1.01,1.2
1503960366,2016-05-01,6,1.0,1.2
1503960366,2016-05-01,7,1.1,2.8
1503960366,2016-05-01,8,1.2,3.4
1503960366,2016-05-01,9,1.43,3.4
1503960366,2016-05-01,10,1.3,3.6
1503960366,2016-05-01,11,1.38,2.8
1503960366,2016-05-01,12,1.39,3.4
1503960366,2016-05-01,13,1.21,3.0
1503960366,2016-05-01,14,1.93,5.0
1503960366,2016-05-01,15,1.71,3.4
1503960366,2016-05-01,16,2.06,7.6
1503960366,2016-05-01,17,2.29,9.5
1503960366,2016-05-01,18,3.37,9.5
1503960366,2016-05-01,19,1.51,3.2
1503960366,2016-05-01,20,1.26,3.2
1503960366,2016-05-01,21,1.81,4.0
1503960366,2016-05-01,22,2.7,7.0
1503960366,2016-05-01,23,3.41,6.6
1503960366,2016-05-02,0,1.07,1.2
1503960366,2016-05-02,1,1.26,4.0
1503960366,2016-05-02,2,1.0,1.2
1503960366,2016-05-02,3,1.04,3.0
1503960366,2016-05-02,4,1.0,1.0
1503960366,2016-05-02,5,1.0,1.0
1503960366,2016-05-02,6,1.0,1.2
1503960366,2016-05-02,7,1.09,2.6
1503960366,2016-05-02,8,1.45,4.4
1503960366,2016-05-02,9,3.0,10.5
1503960366,2016-05-02,10,1.73,5.6
1503960366,2016-05-02,11,1.65,7.4
1503960366,2016-05-02,12,3.23,9.2
1503960366,2016-05-02,13,2.26,9.3
1503960366,2016-05-02,14,1.59,4.4
1503960366,2016-05-02,15,1.61,5.6
1503960366,2016-05-02,16,1.86,4.0
1503960366,2016-05-02,17,1.55,5.4
1503960366,2016-05-02,18,1.45,4.2
1503960366,2016-05-02,19,1.55,4.2
1503960366,2016-05-02,20,4.9,9.5
1503960366,2016-05-02,21,2.53,9.3
1503960366,2016-05-02,22,2.24,6.8
1503960366,2016-05-02,23,1.69,5.0
1503960366,2016-05-03,0,1.15,3.2
1503960366,2016-05-03,1,1.23,3.0
1503960366,2016-05-03,2,1.05,3.0
1503960366,2016-05-03,3,1.21,3.4
1503960366,2016-05-03,4,1.0,1.0
1503960366,2016-05-03,5,1.01,1.2
1503960366,2016-05-03,6,1.06,2.6
1503960366,2016-05-03,7,1.09,2.6
1503960366,2016-05-03,8,1.36,3.2
1503960366,2016-05-03,9,2.44,8.7
1503960366,2016-05-03,10,2.11,6.2
1503960366,2016-05-03,11,1.59,5.4
1503960366,2016-05-03,12,1.72,5.2
1503960366,2016-05-03,13,1.77,3.6
1503960366,2016-05-03,14,1.87,3.6
1503960366,2016-05-03,15,2.9,9.3
1503960366,2016-05-03,16,2.2,6.6
1503960366,2016-05-03,17,1.89,6.2
1503960366,2016-05-03,18,4.07,7.8
1503960366,2016-05-03,19,1.23,4.4
1503960366,2016-05-03,20,1.07,2.4
1503960366,2016-05-03,21,2.33,8.6
1503960366,2016-05-03,22,3.48,7.8
1503960366,2016-05-03,23,1.65,7.0
1503960366,2016-05-04,0,1.68,4.2
1503960366,2016-05-04,1,1.14,2.6
1503960366,2016-05-04,2,1.0,1.0
1503960366,2016-05-04,3,1.0,1.0
1503960366,2016-05-04,4,1.0,1.0
1503960366,2016-05-04,5,1.0,1.0
1503960366,2016-05-04,6,1.0,1.0
1503960366,2016-05-04,7,1.0,1.0
1503960366,2016-05-04,8,1.14,3.2
1503960366,2016-05-04,9,2.66,10.1
1503960366,2016-05-04,10,1.85,5.4
1503960366,2016-05-04,11,1.4,5.8
1503960366,2016-05-04,12,1.6,6.2
1503960366,2016-05-04,13,1.63,4.0
1503960366,2016-05-04,14,3.25,8.0
1503960366,2016-05-04,15,1.39,3.2
1503960366,2016-05-04,16,1.36,4.0
1503960366,2016-05-04,17,1.51,6.0
1503960366,2016-05-04,18,3.1,7.8
1503960366,2016-05-04,19,1.67,3.0
1503960366,2016-05-04,20,2.64,9.3
1503960366,2016-05-04,21,2.34,7.6
1503960366,2016-05-04,22,1.35,2.8
1503960366,2016-05-04,23,1.11,1.2
1503960366,2016-05-05,0,1.2,3.0
1503960366,2016-05-05,1,1.25,3.6
1503960366,2016-05-05,2,1.1,2.6
1503960366,2016-05-05,3,1.0,1.2
1503960366,2016-05-05,4,1.12,3.0
1503960366,2016-05-05,5,1.0,1.0
1503960366,2016-05-05,6,1.04,2.6
1503960366,2016-05-05,7,1.09,2.6
1503960366,2016-05-05,8,1.3,3.2
1503960366,2016-05-05,9,2.8,10.5
1503960366,2016-05-05,10,1.66,5.2
1503960366,2016-05-05,11,1.26,2.6
1503960366,2016-05-05,12,1.59,4.0
1503960366,2016-05-05,13,2.34,7.6
1503960366,2016-05-05,14,1.6,7.0
1503960366,2016-05-05,15,1.54,4.0
1503960366,2016-05-05,16,2.17,7.6
1503960366,2016-05-05,17,3.28,7.2
1503960366,2016-05-05,18,2.02,7.6
1503960366,2016-05-05,19,1.75,5.6
1503960366,2016-05-05,20,1.68,4.0
1503960366,2016-05-05,21,4.68,7.2
1503960366,2016-05-05,22,2.04,7.6
1503960366,2016-05-05,23,1.29,6.4
1503960366,2016-05-06,0,1.46,3.0
1503960366,2016-05-06,1,1.1,2.4
1503960366,2016-05-06,2,1.22,3.4
1503960366,2016-05-06,3,1.0,1.0
1503960366,2016-05-06,4,1.03,2.8
1503960366,2016-05-06,5,1.01,1.2
1503960366,2016-05-06,6,1.01,1.2
1503960366,2016-05-06,7,1.09,2.6
1503960366,2016-05-06,8,1.34,3.6
1503960366,2016-05-06,9,2.86,10.7
1503960366,2016-05-06,10,1.82,5.0
1503960366,2016-05-06,11,1.38,4.2
1503960366,2016-05-06,12,1.53,5.4
1503960366,2016-05-06,13,1.41,4.2
1503960366,2016-05-06,14,1.77,6.2
1503960366,2016-05-06,15,2.21,6.8
1503960366,2016-05-06,16,1.66,6.0
1503960366,2016-05-06,17,1.55,4.0
1503960366,2016-05-06,18,2.7,7.8
1503960366,2016-05-06,19,3.66,9.7
1503960366,2016-05-06,20,1.56,3.4
1503960366,2016-05-06,21,1.78,4.4
1503960366,2016-05-06,22,1.65,3.6
1503960366,2016-05-06,23,2.65,6.8
1503960366,2016-05-07,0,1.38,3.8
1503960366,2016-05-07,1,1.03,1.2
1503960366,2016-05-07,2,1.06,2.8
1503960366,2016-05-07,3,1.0,1.2
1503960366,2016-05-07,4,1.02,1.2
1503960366,2016-05-07,5,1.01,1.2
1503960366,2016-05-07,6,1.0,1.2
1503960366,2016-05-07,7,1.01,1.2
1503960366,2016-05-07,8,1.31,3.0
1503960366,2016-05-07,9,1.27,3.6
1503960366,2016-05-07,10,2.85,9.9
1503960366,2016-05-07,11,3.5,9.5
1503960366,2016-05-07,12,1.32,4.2
1503960366,2016-05-07,13,1.18,4.4
1503960366,2016-05-07,14,1.37,3.4
1503960366,2016-05-07,15,1.39,5.4
1503960366,2016-05-07,16,1.44,5.0
1503960366,2016-05-07,17,1.36,5.2
1503960366,2016-05-07,18,1.52,4.2
1503960366,2016-05-07,19,1.95,6.2
1503960366,2016-05-07,20,1.26,3.8
1503960366,2016-05-07,21,2.99,6.8
1503960366,2016-05-07,22,4.46,6.8
1503960366,2016-05-07,23,1.18,3.2
1503960366,2016-05-08,0,1.33,4.0
1503960366,2016-05-08,1,1.02,1.2
1503960366,2016-05-08,2,1.0,1.0
1503960366,2016-05-08,3,1.0,1.0
1503960366,2016-05-08,4,1.03,2.4
1503960366,2016-05-08,5,1.0,1.2
1503960366,2016-05-08,6,1.03,2.6
1503960366,2016-05-08,7,1.01,1.2
1503960366,2016-05-08,8,1.0,1.2
1503960366,2016-05-08,9,1.01,1.2
1503960366,2016-05-08,10,1.01,1.2
1503960366,2016-05-08,11,1.01,1.2
1503960366,2016-05-08,12,1.8,5.2
1503960366,2016-05-08,13,1.38,4.2
1503960366,2016-05-08,14,2.08,4.2
1503960366,2016-05-08,15,1.46,4.8
1503960366,2016-05-08,16,1.24,3.4
1503960366,2016-05-08,17,1.46,3.4
1503960366,2016-05-08,18,5.57,9.7
1503960366,2016-05-08,19,2.28,7.8
1503960366,2016-05-08,20,1.87,6.4
1503960366,2016-05-08,21,2.15,4.2
1503960366,2016-05-08,22,1.97,3.8
1503960366,2016-05-08,23,1.41,4.4
1503960366,2016-05-09,0,1.29,3.2
1503960366,2016-05-09,1,1.01,1.2
1503960366,2016-05-09,2,1.0,1.0
1503960366,2016-05-09,3,1.0,1.0
1503960366,2016-05-09,4,1.0,1.0
1503960366,2016-05-09,5,1.04,2.8
1503960366,2016-05-09,6,1.73,3.8
1503960366,2016-05-09,7,1.34,5.8
1503960366,2016-05-09,8,1.24,6.0
1503960366,2016-05-09,9,1.24,5.0
1503960366,2016-05-09,10,1.48,5.0
1503960366,2016-05-09,11,1.58,5.6
1503960366,2016-05-09,12,1.68,7.6
1503960366,2016-05-09,13,1.1,2.6
1503960366,2016-05-09,14,1.09,1.2
1503960366,2016-05-09,15,1.12,3.0
1503960366,2016-05-09,16,3.76,9.3
1503960366,2016-05-09,17,2.66,9.0
1503960366,2016-05-09,18,1.92,4.2
1503960366,2016-05-09,19,2.46,5.0
1503960366,2016-05-09,20,2.49,7.6
1503960366,2016-05-09,21,3.58,7.6
1503960366,2016-05-09,22,1.0,1.0
1503960366,2016-05-09,23,1.0,1.0
1503960366,2016-05-10,0,1.0,1.0
1503960366,2016-05-10,1,1.24,3.0
1503960366,2016-05-10,2,1.0,1.2
1503960366,2016-05-10,3,1.0,1.0
1503960366,2016-05-10,4,1.0,1.2
1503960366,2016-05-10,5,1.01,1.2
1503960366,2016-05-10,6,1.01,1.2
1503960366,2016-05-10,7,1.12,2.8
1503960366,2016-05-10,8,1.43,3.8
1503960366,2016-05-10,9,2.53,8.0
1503960366,2016-05-10,10,1.62,3.4
1503960366,2016-05-10,11,2.18,7.6
1503960366,2016-05-10,12,1.34,3.0
1503960366,2016-05-10,13,1.55,3.6
1503960366,2016-05-10,14,1.41,6.0
1503960366,2016-05-10,15,2.15,7.8
1503960366,2016-05-10,16,1.76,4.4
1503960366,2016-05-10,17,1.87,7.8
1503960366,2016-05-10,18,3.41,9.1
1503960366,2016-05-10,19,2.7,7.4
1503960366,2016-05-10,20,3.5,9.3
1503960366,2016-05-10,21,1.64,3.6
1503960366,2016-05-10,22,1.08,1.2
1503960366,2016-05-10,23,1.14,2.6
1503960366,2016-05-11,0,1.54,3.6
1503960366,2016-05-11,1,1.15,2.8
1503960366,2016-05-11,2,1.15,3.4
1503960366,2016-05-11,3,1.04,2.6
1503960366,2016-05-11,4,1.0,1.2
1503960366,2016-05-11,5,1.01,1.2
1503960366,2016-05-11,6,1.0,1.0
1503960366,2016-05-11,7,1.14,2.8
1503960366,2016-05-11,8,1.67,3.2
1503960366,2016-05-11,9,3.08,10.1
1503960366,2016-05-11,10,1.9,6.6
1503960366,2016-05-11,11,1.59,4.2
1503960366,2016-05-11,12,1.34,4.8
1503960366,2016-05-11,13,2.16,8.0
1503960366,2016-05-11,14,2.77,8.0
1503960366,2016-05-11,15,1.53,5.8
1503960366,2016-05-11,16,1.49,6.2
1503960366,2016-05-11,17,1.43,6.4
1503960366,2016-05-11,18,4.44,7.8
1503960366,2016-05-11,19,1.91,3.2
1503960366,2016-05-11,20,2.43,7.9
1624580081,2016-04-12,0,1.11,3.0
1624580081,2016-04-12,1,1.03,2.6
1624580081,2016-04-12,2,1.0,1.0
1624580081,2016-04-12,3,1.03,2.6
1624580081,2016-04-12,4,1.0,1.0
1624580081,2016-04-12,5,1.0,1.0
1624580081,2016-04-12,6,1.0,1.0
1624580081,2016-04-12,7,1.0,1.0
1624580081,2016-04-12,8,1.02,2.4
1624580081,2016-04-12,9,1.48,3.0
1624580081,2016-04-12,10,2.82,3.2
1624580081,2016-04-12,11,1.13,3.8
1624580081,2016-04-12,12,1.14,3.2
1624580081,2016-04-12,13,1.08,3.4
1624580081,2016-04-12,14,1.09,3.2
1624580081,2016-04-12,15,1.05,2.4
1624580081,2016-04-12,16,1.08,4.0
1624580081,2016-04-12,17,1.27,5.4
1624580081,2016-04-12,18,1.25,4.0
1624580081,2016-04-12,19,1.55,7.2
1624580081,2016-04-12,20,1.2,4.2
1624580081,2016-04-12,21,1.0,1.0
1624580081,2016-04-12,22,1.0,1.0
1624580081,2016-04-12,23,1.4,4.6
1624580081,2016-04-13,0,1.17,3.2
1624580081,2016-04-13,1,1.03,2.8
1624580081,2016-04-13,2,1.0,1.0
1624580081,2016-04-13,3,1.0,1.0
1624580081,2016-04-13,4,1.0,1.0
1624580081,2016-04-13,5,1.0,1.0
1624580081,2016-04-13,6,1.0,1.0
1624580081,2016-04-13,7,1.0,1.0
1624580081,2016-04-13,8,1.02,2.4
1624580081,2016-04-13,9,1.8,3.4
1624580081,2016-04-13,10,2.25,3.6
1624580081,2016-04-13,11,1.37,4.6
1624580081,2016-04-13,12,1.18,3.6
1624580081,2016-04-13,13,1.0,1.0
1624580081,2016-04-13,14,1.1,2.8
1624580081,2016-04-13,15,1.0,1.0
1624580081,2016-04-13,16,1.19,4.0
1624580081,2016-04-13,17,1.13,2.6
1624580081,2016-04-13,18,1.58,8.2
1624580081,2016-04-13,19,1.04,3.4
1624580081,2016-04-13,20,1.08,2.8
1624580081,2016-04-13,21,1.32,3.4
1624580081,2016-04-13,22,1.0,1.0
1624580081,2016-04-13,23,1.05,2.4
1624580081,2016-04-14,0,1.02,2.4
1624580081,2016-04-14,1,1.0,1.0
1624580081,2016-04-14,2,1.03,2.6
1624580081,2016-04-14,3,1.0,1.0
1624580081,2016-04-14,4,1.0,1.0
1624580081,2016-04-14,5,1.0,1.0
1624580081,2016-04-14,6,1.0,1.0
1624580081,2016-04-14,7,1.02,2.4
1624580081,2016-04-14,8,1.9,3.6
1624580081,2016-04-14,9,2.37,3.0
1624580081,2016-04-14,10,1.2,3.2
1624580081,2016-04-14,11,1.56,4.4
1624580081,2016-04-14,12,1.05,2.6
1624580081,2016-04-14,13,1.0,1.0
1624580081,2016-04-14,14,1.11,3.8
1624580081,2016-04-14,15,1.08,2.6
1624580081,2016-04-14,16,1.44,4.4
1624580081,2016-04-14,17,2.54,7.4
1624580081,2016-04-14,18,1.56,6.0
1624580081,2016-04-14,19,1.72,3.8
1624580081,2016-04-14,20,1.15,2.8
1624580081,2016-04-14,21,1.49,5.8
1624580081,2016-04-14,22,1.0,1.0
1624580081,2016-04-14,23,1.3,3.6
1624580081,2016-04-15,0,1.41,6.6
1624580081,2016-04-15,1,1.05,2.8
1624580081,2016-04-15,2,1.0,1.0
1624580081,2016-04-15,3,1.0,1.0
1624580081,2016-04-15,4,1.0,1.0
1624580081,2016-04-15,5,1.0,1.0
1624580081,2016-04-15,6,1.02,2.4
1624580081,2016-04-15,7,1.03,2.6
1624580081,2016-04-15,8,1.0,1.0
1624580081,2016-04-15,9,1.0,1.0
1624580081,2016-04-15,10,1.0,1.0
1624580081,2016-04-15,11,1.73,3.6
1624580081,2016-04-15,12,1.0,1.0
1624580081,2016-04-15,13,1.0,1.0
1624580081,2016-04-15,14,1.0,1.0
1624580081,2016-04-15,15,1.0,1.0
1624580081,2016-04-15,16,1.0,1.0
1624580081,2016-04-15,17,1.02,2.4
1624580081,2016-04-15,18,1.08,3.0
1624580081,2016-04-15,19,1.79,6.6
1624580081,2016-04-15,20,1.0,1.0
1624580081,2016-04-15,21,1.08,2.6
1624580081,2016-04-15,22,1.48,5.8
1624580081,2016-04-15,23,1.26,4.2
1624580081,2016-04-16,0,1.57,4.6
1624580081,2016-04-16,1,1.0,1.0
1624580081,2016-04-16,2,1.13,2.6
1624580081,2016-04-16,3,1.0,1.0
1624580081,2016-04-16,4,1.0,1.0
1624580081,2016-04-16,5,1.0,1.0
1624580081,2016-04-16,6,1.0,1.0
1624580081,2016-04-16,7,1.0,1.0
1624580081,2016-04-16,8,1.0,1.0
1624580081,2016-04-16,9,1.0,1.0
1624580081,2016-04-16,10,1.34,3.6
1624580081,2016-04-16,11,1.23,5.4
1624580081,2016-04-16,12,1.18,3.6
1624580081,2016-04-16,13,1.0,1.0
1624580081,2016-04-16,14,1.36,4.6
1624580081,2016-04-16,15,1.13,2.8
1624580081,2016-04-16,16,1.0,1.0
1624580081,2016-04-16,17,1.12,3.2
1624580081,2016-04-16,18,1.05,2.8
1624580081,2016-04-16,19,1.81,6.2
1624580081,2016-04-16,20,1.1,2.6
1624580081,2016-04-16,21,1.89,3.8
1624580081,2016-04-16,22,2.3,7.2
1624580081,2016-04-16,23,1.16,5.0
1624580081,2016-04-17,0,1.14,3.0
1624580081,2016-04-17,1,1.02,2.4
1624580081,2016-04-17,2,1.05,2.6
1624580081,2016-04-17,3,1.0,1.0
1624580081,2016-04-17,4,1.0,1.0
1624580081,2016-04-17,5,1.03,2.6
1624580081,2016-04-17,6,1.0,1.0
1624580081,2016-04-17,7,1.0,1.0
1624580081,2016-04-17,8,1.0,1.0
1624580081,2016-04-17,9,1.05,2.4
1624580081,2016-04-17,10,1.12,3.4
1624580081,2016-04-17,11,1.05,2.6
1624580081,2016-04-17,12,1.56,6.4
1624580081,2016-04-17,13,2.44,8.6
1624580081,2016-04-17,14,1.6,7.6
1624580081,2016-04-17,15,1.12,3.4
1624580081,2016-04-17,16,1.0,1.0
1624580081,2016-04-17,17,2.6,8.2
1624580081,2016-04-17,18,1.47,5.6
1624580081,2016-04-17,19,1.83,6.4
1624580081,2016-04-17,20,1.58,7.0
1624580081,2016-04-17,21,1.26,6.2
1624580081,2016-04-17,22,1.16,3.0
1624580081,2016-04-17,23,1.11,3.0
1624580081,2016-04-18,0,1.09,3.0
1624580081,2016-04-18,1,1.1,2.6
1624580081,2016-04-18,2,1.02,2.4
1624580081,2016-04-18,3,1.0,1.0
1624580081,2016-04-18,4,1.0,1.0
1624580081,2016-04-18,5,1.0,1.0
1624580081,2016-04-18,6,1.0,1.0
1624580081,2016-04-18,7,1.26,3.2
1624580081,2016-04-18,8,2.41,3.0
1624580081,2016-04-18,9,1.13,2.8
1624580081,2016-04-18,10,1.56,4.2
1624580081,2016-04-18,11,1.37,3.8
1624580081,2016-04-18,12,1.03,2.6
1624580081,2016-04-18,13,1.0,1.0
1624580081,2016-04-18,14,1.0,1.0
1624580081,2016-04-18,15,1.8,6.1
1624580081,2016-04-18,16,3.34,7.9
1624580081,2016-04-18,17,1.22,4.0
1624580081,2016-04-18,18,1.45,7.0
1624580081,2016-04-18,19,1.24,3.2
1624580081,2016-04-18,20,1.33,4.6
1624580081,2016-04-18,21,1.31,3.6
1624580081,2016-04-18,22,1.25,4.0
1624580081,2016-04-18,23,1.26,3.6
1624580081,2016-04-19,0,1.05,2.4
1624580081,2016-04-19,1,1.0,1.0
1624580081,2016-04-19,2,1.0,1.0
1624580081,2016-04-19,3,1.0,1.0
1624580081,2016-04-19,4,1.0,1.0
1624580081,2016-04-19,5,1.2,3.6
1624580081,2016-04-19,6,1.55,5.2
1624580081,2016-04-19,7,1.07,2.6
1624580081,2016-04-19,8,1.32,3.0
1624580081,2016-04-19,9,1.02,2.4
1624580081,2016-04-19,10,1.0,1.0
1624580081,2016-04-19,11,1.28,3.4
1624580081,2016-04-19,12,2.18,7.4
1624580081,2016-04-19,13,1.41,6.2
1624580081,2016-04-19,14,1.43,3.4
1624580081,2016-04-19,15,1.0,1.0
1624580081,2016-04-19,16,1.05,2.8
1624580081,2016-04-19,17,1.04,3.6
1624580081,2016-04-19,18,1.6,8.4
1624580081,2016-04-19,19,1.17,6.6
1624580081,2016-04-19,20,1.11,2.6
1624580081,2016-04-19,21,1.11,3.0
1624580081,2016-04-19,22,1.18,3.0
1624580081,2016-04-19,23,1.02,2.4
1624580081,2016-04-20,0,1.2,4.2
1624580081,2016-04-20,1,1.0,1.0
1624580081,2016-04-20,2,1.0,1.0
1624580081,2016-04-20,3,1.0,1.0
1624580081,2016-04-20,4,1.0,1.0
1624580081,2016-04-20,5,1.0,1.0
1624580081,2016-04-20,6,1.0,1.0
1624580081,2016-04-20,7,1.0,1.0
1624580081,2016-04-20,8,1.03,2.6
1624580081,2016-04-20,9,2.34,10.4
1624580081,2016-04-20,10,1.18,2.8
1624580081,2016-04-20,11,1.21,5.2
1624580081,2016-04-20,12,1.51,5.2
1624580081,2016-04-20,13,1.09,2.8
1624580081,2016-04-20,14,1.08,2.6
1624580081,2016-04-20,15,1.18,3.8
1624580081,2016-04-20,16,1.38,4.4
1624580081,2016-04-20,17,1.36,4.6
1624580081,2016-04-20,18,1.64,7.2
1624580081,2016-04-20,19,1.12,5.0
1624580081,2016-04-20,20,1.04,3.4
1624580081,2016-04-20,21,1.09,3.0
1624580081,2016-04-20,22,1.42,8.6
1624580081,2016-04-20,23,1.13,2.8
1624580081,2016-04-21,0,1.02,2.4
1624580081,2016-04-21,1,1.0,1.0
1624580081,2016-04-21,2,1.05,2.4
1624580081,2016-04-21,3,1.08,3.8
1624580081,2016-04-21,4,1.0,1.0
1624580081,2016-04-21,5,1.0,1.0
1624580081,2016-04-21,6,1.02,2.4
1624580081,2016-04-21,7,1.0,1.0
1624580081,2016-04-21,8,1.02,2.4
1624580081,2016-04-21,9,1.22,4.0
1624580081,2016-04-21,10,1.24,4.0
1624580081,2016-04-21,11,1.56,10.2
1624580081,2016-04-21,12,1.02,2.4
1624580081,2016-04-21,13,1.0,1.0
1624580081,2016-04-21,14,1.36,4.4
1624580081,2016-04-21,15,1.1,3.4
1624580081,2016-04-21,16,1.09,3.4
1624580081,2016-04-21,17,1.28,4.4
1624580081,2016-04-21,18,1.94,3.0
1624580081,2016-04-21,19,2.5,2.8
1624580081,2016-04-21,20,1.2,3.4
1624580081,2016-04-21,21,1.36,4.0
1624580081,2016-04-21,22,1.31,3.0
1624580081,2016-04-21,23,1.04,2.8
1624580081,2016-04-22,0,1.02,2.4
1624580081,2016-04-22,1,1.0,1.0
1624580081,2016-04-22,2,1.0,1.0
1624580081,2016-04-22,3,1.08,3.6
1624580081,2016-04-22,4,1.0,1.0
1624580081,2016-04-22,5,1.0,1.0
1624580081,2016-04-22,6,1.0,1.0
1624580081,2016-04-22,7,1.4,3.0
1624580081,2016-04-22,8,1.05,2.4
1624580081,2016-04-22,9,1.06,2.8
1624580081,2016-04-22,10,1.27,3.0
1624580081,2016-04-22,11,1.36,4.6
1624580081,2016-04-22,12,1.13,3.4
1624580081,2016-04-22,13,1.2,4.0
1624580081,2016-04-22,14,1.02,2.4
1624580081,2016-04-22,15,1.07,2.4
1624580081,2016-04-22,16,1.11,3.0
1624580081,2016-04-22,17,1.14,2.8
1624580081,2016-04-22,18,1.03,2.6
1624580081,2016-04-22,19,1.93,6.6
1624580081,2016-04-22,20,1.83,3.0
1624580081,2016-04-22,21,1.53,3.4
1624580081,2016-04-22,22,1.76,3.0
1624580081,2016-04-22,23,1.52,3.2
1624580081,2016-04-23,0,1.37,5.4
1624580081,2016-04-23,1,1.1,2.6
1624580081,2016-04-23,2,1.0,1.0
1624580081,2016-04-23,3,1.0,1.0
1624580081,2016-04-23,4,1.0,1.0
1624580081,2016-04-23,5,1.0,1.0
1624580081,2016-04-23,6,1.0,1.0
1624580081,2016-04-23,7,1.0,1.0
1624580081,2016-04-23,8,1.02,2.4
1624580081,2016-04-23,9,1.27,3.6
1624580081,2016-04-23,10,1.61,8.4
1624580081,2016-04-23,11,1.0,1.0
1624580081,2016-04-23,12,1.16,5.4
1624580081,2016-04-23,13,1.04,3.6
1624580081,2016-04-23,14,1.29,5.0
1624580081,2016-04-23,15,1.05,2.4
1624580081,2016-04-23,16,1.55,4.6
1624580081,2016-04-23,17,1.07,3.8
1624580081,2016-04-23,18,1.21,3.6
1624580081,2016-04-23,19,1.9,6.6
1624580081,2016-04-23,20,2.58,3.8
1624580081,2016-04-23,21,2.42,3.8
1624580081,2016-04-23,22,1.63,3.0
1624580081,2016-04-23,23,1.06,3.2
1624580081,2016-04-24,0,1.29,4.4
1624580081,2016-04-24,1,1.18,2.8
1624580081,2016-04-24,2,1.0,1.0
1624580081,2016-04-24,3,1.0,1.0
1624580081,2016-04-24,4,1.0,1.0
1624580081,2016-04-24,5,1.03,2.6
1624580081,2016-04-24,6,1.05,2.4
1624580081,2016-04-24,7,1.0,1.0
1624580081,2016-04-24,8,1.07,2.6
1624580081,2016-04-24,9,1.2,3.0
1624580081,2016-04-24,10,1.78,5.0
1624580081,2016-04-24,11,1.4,4.8
1624580081,2016-04-24,12,2.13,7.8
1624580081,2016-04-24,13,2.29,6.0
1624580081,2016-04-24,14,1.41,7.4
1624580081,2016-04-24,15,1.0,1.0
1624580081,2016-04-24,16,1.07,2.6
1624580081,2016-04-24,17,1.22,3.2
1624580081,2016-04-24,18,2.9,8.8
1624580081,2016-04-24,19,1.65,5.6
1624580081,2016-04-24,20,1.54,6.0
1624580081,2016-04-24,21,1.06,3.4
1624580081,2016-04-24,22,1.14,3.8
1624580081,2016-04-24,23,1.0,1.0
1624580081,2016-04-25,0,1.0,1.0
1624580081,2016-04-25,1,1.07,2.6
1624580081,2016-04-25,2,1.0,1.0
1624580081,2016-04-25,3,1.0,1.0
1624580081,2016-04-25,4,1.0,1.0
1624580081,2016-04-25,5,1.0,1.0
1624580081,2016-04-25,6,1.0,1.0
1624580081,2016-04-25,7,1.0,1.0
1624580081,2016-04-25,8,1.29,4.2
1624580081,2016-04-25,9,1.25,3.0
1624580081,2016-04-25,10,1.99,5.4
1624580081,2016-04-25,11,2.05,4.4
1624580081,2016-04-25,12,1.55,3.8
1624580081,2016-04-25,13,1.23,2.8
1624580081,2016-04-25,14,1.08,3.0
1624580081,2016-04-25,15,1.08,2.8
1624580081,2016-04-25,16,1.2,3.8
1624580081,2016-04-25,17,1.72,3.0
1624580081,2016-04-25,18,1.45,3.6
1624580081,2016-04-25,19,1.42,4.2
1624580081,2016-04-25,20,1.02,2.4
1624580081,2016-04-25,21,1.06,3.0
1624580081,2016-04-25,22,1.22,3.4
1624580081,2016-04-25,23,1.24,2.8
1624580081,2016-04-26,0,1.11,2.6
1624580081,2016-04-26,1,1.02,2.4
1624580081,2016-04-26,2,1.0,1.0
1624580081,2016-04-26,3,1.0,1.0
1624580081,2016-04-26,4,1.0,1.0
1624580081,2016-04-26,5,1.0,1.0
1624580081,2016-04-26,6,1.02,2.4
1624580081,2016-04-26,7,1.0,1.0
1624580081,2016-04-26,8,1.02,2.4
1624580081,2016-04-26,9,1.59,5.0
1624580081,2016-04-26,10,1.4,3.2
1624580081,2016-04-26,11,1.21,3.6
1624580081,2016-04-26,12,1.25,3.4
1624580081,2016-04-26,13,1.3,4.0
1624580081,2016-04-26,14,1.49,3.4
1624580081,2016-04-26,15,1.03,3.0
1624580081,2016-04-26,16,1.14,4.0
1624580081,2016-04-26,17,1.39,3.4
1624580081,2016-04-26,18,1.34,3.6
1624580081,2016-04-26,19,1.49,4.6
1624580081,2016-04-26,20,1.1,2.6
1624580081,2016-04-26,21,1.15,2.6
1624580081,2016-04-26,22,1.07,2.4
1624580081,2016-04-26,23,1.0,1.0
1624580081,2016-04-27,0,1.09,4.0
1624580081,2016-04-27,1,1.0,1.0
1624580081,2016-04-27,2,1.0,1.0
1624580081,2016-04-27,3,1.0,1.0
1624580081,2016-04-27,4,1.0,1.0
1624580081,2016-04-27,5,1.0,1.0
1624580081,2016-04-27,6,1.03,2.6
1624580081,2016-04-27,7,1.0,1.0
1624580081,2016-04-27,8,1.0,1.0
1624580081,2016-04-27,9,1.2,3.6
1624580081,2016-04-27,10,1.05,2.6
1624580081,2016-04-27,11,1.76,6.2
1624580081,2016-04-27,12,1.42,6.0
1624580081,2016-04-27,13,2.23,7.0
1624580081,2016-04-27,14,4.45,7.2
1624580081,2016-04-27,15,1.34,7.2
1624580081,2016-04-27,16,1.61,7.4
1624580081,2016-04-27,17,1.44,7.4
1624580081,2016-04-27,18,1.25,7.2
1624580081,2016-04-27,19,1.33,3.8
1624580081,2016-04-27,20,1.1,2.6
1624580081,2016-04-27,21,1.43,3.4
1624580081,2016-04-27,22,1.36,6.2
1624580081,2016-04-27,23,1.42,6.0
1624580081,2016-04-28,0,1.12,3.0
1624580081,2016-04-28,1,1.0,1.0
1624580081,2016-04-28,2,1.0,1.0
1624580081,2016-04-28,3,1.0,1.0
1624580081,2016-04-28,4,1.0,1.0
1624580081,2016-04-28,5,1.0,1.0
1624580081,2016-04-28,6,1.0,1.0
1624580081,2016-04-28,7,1.0,1.0
1624580081,2016-04-28,8,1.25,3.4
1624580081,2016-04-28,9,1.12,3.4
1624580081,2016-04-28,10,1.34,3.6
1624580081,2016-04-28,11,1.26,3.6
1624580081,2016-04-28,12,1.0,1.0
1624580081,2016-04-28,13,1.0,1.0
1624580081,2016-04-28,14,1.24,3.4
1624580081,2016-04-28,15,1.0,1.0
1624580081,2016-04-28,16,1.84,6.8
1624580081,2016-04-28,17,1.93,8.4
1624580081,2016-04-28,18,1.0,1.0
1624580081,2016-04-28,19,1.0,1.0
1624580081,2016-04-28,20,1.52,6.2
1624580081,2016-04-28,21,1.16,3.6
1624580081,2016-04-28,22,1.31,4.8
1624580081,2016-04-28,23,1.02,2.4
1624580081,2016-04-29,0,1.11,3.0
1624580081,2016-04-29,1,1.02,2.4
1624580081,2016-04-29,2,1.0,1.0
1624580081,2016-04-29,3,1.0,1.0
1624580081,2016-04-29,4,1.0,1.0
1624580081,2016-04-29,5,1.0,1.0
1624580081,2016-04-29,6,1.0,1.0
1624580081,2016-04-29,7,1.14,3.0
1624580081,2016-04-29,8,1.03,2.6
1624580081,2016-04-29,9,1.0,1.0
1624580081,2016-04-29,10,1.02,2.4
1624580081,2016-04-29,11,1.0,1.0
1624580081,2016-04-29,12,1.48,3.8
1624580081,2016-04-29,13,1.2,3.6
1624580081,2016-04-29,14,1.14,3.4
1624580081,2016-04-29,15,1.05,2.4
1624580081,2016-04-29,16,1.64,2.8
1624580081,2016-04-29,17,1.62,3.2
1624580081,2016-04-29,18,1.57,5.2
1624580081,2016-04-29,19,1.65,3.8
1624580081,2016-04-29,20,1.28,3.2
1624580081,2016-04-29,21,1.05,2.8
1624580081,2016-04-29,22,1.17,2.8
1624580081,2016-04-29,23,1.0,1.0
1624580081,2016-04-30,0,1.51,6.6
1624580081,2016-04-30,1,1.0,1.0
1624580081,2016-04-30,2,1.03,2.8
1624580081,2016-04-30,3,1.0,1.0
1624580081,2016-04-30,4,1.0,1.0
1624580081,2016-04-30,5,1.0,1.0
1624580081,2016-04-30,6,1.06,3.2
1624580081,2016-04-30,7,1.0,1.0
1624580081,2016-04-30,8,1.05,2.4
1624580081,2016-04-30,9,1.03,2.6
1624580081,2016-04-30,10,1.26,3.8
1624580081,2016-04-30,11,1.64,6.4
1624580081,2016-04-30,12,1.26,4.8
1624580081,2016-04-30,13,3.81,8.7
1624580081,2016-04-30,14,1.6,6.2
1624580081,2016-04-30,15,1.83,6.6
1624580081,2016-04-30,16,1.09,3.4
1624580081,2016-04-30,17,1.06,3.2
1624580081,2016-04-30,18,1.66,5.8
1624580081,2016-04-30,19,1.89,2.8
1624580081,2016-04-30,20,1.14,2.8
1624580081,2016-04-30,21,1.54,3.0
1624580081,2016-04-30,22,1.4,4.8
1624580081,2016-04-30,23,1.35,3.2
1624580081,2016-05-01,0,1.03,2.6
1624580081,2016-05-01,1,1.0,1.0
1624580081,2016-05-01,2,1.02,2.4
1624580081,2016-05-01,3,1.05,2.4
1624580081,2016-05-01,4,1.75,4.2
1624580081,2016-05-01,5,2.65,9.5
1624580081,2016-05-01,6,3.54,8.6
1624580081,2016-05-01,7,6.74,10.7
1624580081,2016-05-01,8,7.39,9.5
1624580081,2016-05-01,9,7.5,9.3
1624580081,2016-05-01,10,4.03,7.8
1624580081,2016-05-01,11,1.32,5.6
1624580081,2016-05-01,12,1.43,3.2
1624580081,2016-05-01,13,1.04,3.6
1624580081,2016-05-01,14,1.0,1.0
1624580081,2016-05-01,15,1.02,2.4
1624580081,2016-05-01,16,1.3,2.8
1624580081,2016-05-01,17,1.08,2.8
1624580081,2016-05-01,18,1.09,3.0
1624580081,2016-05-01,19,1.11,3.8
1624580081,2016-05-01,20,1.48,5.2
1624580081,2016-05-01,21,1.89,4.4
1624580081,2016-05-01,22,1.42,3.4
1624580081,2016-05-01,23,1.09,3.0
1624580081,2016-05-02,0,1.11,4.2
1624580081,2016-05-02,1,1.0,1.0
1624580081,2016-05-02,2,1.0,1.0
1624580081,2016-05-02,3,1.0,1.0
1624580081,2016-05-02,4,1.0,1.0
1624580081,2016-05-02,5,1.0,1.0
1624580081,2016-05-02,6,1.16,4.2
1624580081,2016-05-02,7,1.0,1.0
1624580081,2016-05-02,8,1.0,1.0
1624580081,2016-05-02,9,1.03,2.6
1624580081,2016-05-02,10,1.51,3.0
1624580081,2016-05-02,11,2.23,2.8
1624580081,2016-05-02,12,1.23,3.8
1624580081,2016-05-02,13,1.2,3.6
1624580081,2016-05-02,14,1.06,2.8
1624580081,2016-05-02,15,1.24,3.8
1624580081,2016-05-02,16,1.02,2.4
1624580081,2016-05-02,17,1.12,3.6
1624580081,2016-05-02,18,1.56,4.8
1624580081,2016-05-02,19,3.06,8.7
1624580081,2016-05-02,20,1.14,3.6
1624580081,2016-05-02,21,1.07,3.6
1624580081,2016-05-02,22,1.23,3.6
1624580081,2016-05-02,23,1.06,2.8
1624580081,2016-05-03,0,1.02,2.4
1624580081,2016-05-03,1,1.0,1.0
1624580081,2016-05-03,2,1.0,1.0
1624580081,2016-05-03,3,1.0,1.0
1624580081,2016-05-03,4,1.0,1.0
1624580081,2016-05-03,5,1.0,1.0
1624580081,2016-05-03,6,1.12,3.0
1624580081,2016-05-03,7,1.45,4.0
1624580081,2016-05-03,8,1.0,1.0
1624580081,2016-05-03,9,1.0,1.0
1624580081,2016-05-03,10,1.0,1.0
1624580081,2016-05-03,11,1.0,1.0
1624580081,2016-05-03,12,1.35,3.4
1624580081,2016-05-03,13,1.13,3.8
1624580081,2016-05-03,14,1.16,3.2
1624580081,2016-05-03,15,1.05,2.4
1624580081,2016-05-03,16,1.03,2.8
1624580081,2016-05-03,17,1.0,1.0
1624580081,2016-05-03,18,1.63,3.8
1624580081,2016-05-03,19,1.24,3.8
1624580081,2016-05-03,20,1.03,2.6
1624580081,2016-05-03,21,1.08,3.0
1624580081,2016-05-03,22,1.24,4.0
1624580081,2016-05-03,23,1.23,4.2
1624580081,2016-05-04,0,1.02,2.4
1624580081,2016-05-04,1,1.06,2.8
1624580081,2016-05-04,2,1.11,2.8
1624580081,2016-05-04,3,1.0,1.0
1624580081,2016-05-04,4,1.0,1.0
1624580081,2016-05-04,5,1.0,1.0
1624580081,2016-05-04,6,1.1,3.6
1624580081,2016-05-04,7,1.0,1.0
1624580081,2016-05-04,8,1.0,1.0
1624580081,2016-05-04,9,1.0,1.0
1624580081,2016-05-04,10,1.3,4.2
1624580081,2016-05-04,11,1.72,4.0
1624580081,2016-05-04,12,1.05,2.6
1624580081,2016-05-04,13,1.0,1.0
1624580081,2016-05-04,14,1.0,1.0
1624580081,2016-05-04,15,1.54,5.4
1624580081,2016-05-04,16,1.13,4.0
1624580081,2016-05-04,17,1.11,3.6
1624580081,2016-05-04,18,1.34,4.0
1624580081,2016-05-04,19,1.15,2.6
1624580081,2016-05-04,20,1.24,2.8
1624580081,2016-05-04,21,1.42,4.2
1624580081,2016-05-04,22,1.02,2.4
1624580081,2016-05-04,23,1.15,2.8
1624580081,2016-05-05,0,1.0,1.0
1624580081,2016-05-05,1,1.0,1.0
1624580081,2016-05-05,2,1.02,2.4
1624580081,2016-05-05,3,1.0,1.0
1624580081,2016-05-05,4,1.0,1.0
1624580081,2016-05-05,5,1.0,1.0
1624580081,2016-05-05,6,1.12,4.0
1624580081,2016-05-05,7,1.02,2.4
1624580081,2016-05-05,8,1.0,1.0
1624580081,2016-05-05,9,1.03,3.0
1624580081,2016-05-05,10,1.0,1.0
1624580081,2016-05-05,11,1.66,3.6
1624580081,2016-05-05,12,1.35,3.6
1624580081,2016-05-05,13,1.74,5.2
1624580081,2016-05-05,14,1.29,6.0
1624580081,2016-05-05,15,1.16,4.4
1624580081,2016-05-05,16,1.1,3.6
1624580081,2016-05-05,17,1.12,3.4
1624580081,2016-05-05,18,1.05,4.0
1624580081,2016-05-05,19,1.37,4.2
1624580081,2016-05-05,20,1.02,2.4
1624580081,2016-05-05,21,1.13,4.0
1624580081,2016-05-05,22,1.22,3.0
1624580081,2016-05-05,23,1.08,2.8
1624580081,2016-05-06,0,1.17,3.8
1624580081,2016-05-06,1,1.0,1.0
1624580081,2016-05-06,2,1.16,3.8
1624580081,2016-05-06,3,1.03,2.6
1624580081,2016-05-06,4,1.0,1.0
1624580081,2016-05-06,5,1.0,1.0
1624580081,2016-05-06,6,1.0,1.0
1624580081,2016-05-06,7,1.0,1.0
1624580081,2016-05-06,8,1.0,1.0
1624580081,2016-05-06,9,1.05,2.4
1624580081,2016-05-06,10,1.0,1.0
1624580081,2016-05-06,11,1.19,3.8
1624580081,2016-05-06,12,1.06,2.8
1624580081,2016-05-06,13,1.12,2.6
1624580081,2016-05-06,14,1.09,3.0
1624580081,2016-05-06,15,1.0,1.0
1624580081,2016-05-06,16,1.0,1.0
1624580081,2016-05-06,17,1.03,2.8
1624580081,2016-05-06,18,1.3,4.2
1624580081,2016-05-06,19,1.5,5.2
1624580081,2016-05-06,20,1.27,3.0
1624580081,2016-05-06,21,1.25,2.8
1624580081,2016-05-06,22,1.29,3.4
1624580081,2016-05-06,23,1.39,4.4
1624580081,2016-05-07,0,1.22,4.8
1624580081,2016-05-07,1,1.76,6.0
1624580081,2016-05-07,2,1.52,3.0
1624580081,2016-05-07,3,1.0,1.0
1624580081,2016-05-07,4,1.1,4.0
1624580081,2016-05-07,5,1.0,1.0
1624580081,2016-05-07,6,1.0,1.0
1624580081,2016-05-07,7,1.02,2.4
1624580081,2016-05-07,8,1.0,1.0
1624580081,2016-05-07,9,1.0,1.0
1624580081,2016-05-07,10,1.0,1.0
1624580081,2016-05-07,11,1.0,1.0
1624580081,2016-05-07,12,1.7,3.8
1624580081,2016-05-07,13,1.83,6.6
1624580081,2016-05-07,14,1.53,5.8
1624580081,2016-05-07,15,1.0,1.0
1624580081,2016-05-07,16,1.0,1.0
1624580081,2016-05-07,17,1.37,7.2
1624580081,2016-05-07,18,1.81,6.8
1624580081,2016-05-07,19,1.4,3.4
1624580081,2016-05-07,20,1.17,2.6
1624580081,2016-05-07,21,1.03,2.6
1624580081,2016-05-07,22,1.03,2.6
1624580081,2016-05-07,23,1.06,3.4
1624580081,2016-05-08,0,1.02,2.4
1624580081,2016-05-08,1,1.0,1.0
1624580081,2016-05-08,2,1.61,4.8
1624580081,2016-05-08,3,1.12,3.0
1624580081,2016-05-08,4,1.0,1.0
1624580081,2016-05-08,5,1.02,2.4
1624580081,2016-05-08,6,1.0,1.0
1624580081,2016-05-08,7,1.05,2.4
1624580081,2016-05-08,8,1.02,2.4
1624580081,2016-05-08,9,1.12,2.6
1624580081,2016-05-08,10,1.26,4.0
1624580081,2016-05-08,11,1.32,4.0
1624580081,2016-05-08,12,1.13,2.8
1624580081,2016-05-08,13,1.09,4.2
1624580081,2016-05-08,14,1.31,3.4
1624580081,2016-05-08,15,1.53,4.6
1624580081,2016-05-08,16,1.13,2.8
1624580081,2016-05-08,17,1.51,3.4
1624580081,2016-05-08,18,1.28,3.4
1624580081,2016-05-08,19,1.27,4.0
1624580081,2016-05-08,20,1.37,3.6
1624580081,2016-05-08,21,1.21,4.0
1624580081,2016-05-08,22,1.0,1.0
1624580081,2016-05-08,23,1.24,3.8
1624580081,2016-05-09,0,1.0,1.0
1624580081,2016-05-09,1,1.0,1.0
1624580081,2016-05-09,2,1.12,2.6
1624580081,2016-05-09,3,1.0,1.0
1624580081,2016-05-09,4,1.0,1.0
1624580081,2016-05-09,5,1.0,1.0
1624580081,2016-05-09,6,1.02,2.4
1624580081,2016-05-09,7,1.02,2.4
1624580081,2016-05-09,8,1.0,1.0
1624580081,2016-05-09,9,1.0,1.0
1624580081,2016-05-09,10,1.02,2.4
1624580081,2016-05-09,11,1.0,1.0
1624580081,2016-05-09,12,1.55,3.2
1624580081,2016-05-09,13,1.29,4.0
1624580081,2016-05-09,14,1.42,2.8
1624580081,2016-05-09,15,1.1,3.4
1624580081,2016-05-09,16,1.29,4.2
1624580081,2016-05-09,17,1.08,2.6
1624580081,2016-05-09,18,1.18,3.2
1624580081,2016-05-09,19,1.33,4.0
1624580081,2016-05-09,20,1.0,1.0
1624580081,2016-05-09,21,1.07,3.6
1624580081,2016-05-09,22,1.08,3.0
1624580081,2016-05-09,23,1.07,2.4
1624580081,2016-05-10,0,1.18,3.4
1624580081,2016-05-10,1,1.03,2.8
1624580081,2016-05-10,2,1.02,2.4
1624580081,2016-05-10,3,1.0,1.0
1624580081,2016-05-10,4,1.0,1.0
1624580081,2016-05-10,5,1.0,1.0
1624580081,2016-05-10,6,1.0,1.0
1624580081,2016-05-10,7,1.0,1.0
1624580081,2016-05-10,8,1.0,1.0
1624580081,2016-05-10,9,1.05,2.6
1624580081,2016-05-10,10,1.0,1.0
1624580081,2016-05-10,11,1.03,2.6
1624580081,2016-05-10,12,1.19,3.0
1624580081,2016-05-10,13,1.88,3.4
1624580081,2016-05-10,14,1.29,4.2
1624580081,2016-05-10,15,1.07,2.4
1624580081,2016-05-10,16,1.17,2.6
1624580081,2016-05-10,17,1.57,3.4
1624580081,2016-05-10,18,1.86,4.4
1624580081,2016-05-10,19,1.1,2.8
1624580081,2016-05-10,20,1.2,4.0
1624580081,2016-05-10,21,1.04,3.4
1624580081,2016-05-10,22,1.08,2.8
1624580081,2016-05-10,23,1.18,3.0
1624580081,2016-05-11,0,1.07,2.6
1624580081,2016-05-11,1,1.02,2.4
1624580081,2016-05-11,2,1.15,2.6
1624580081,2016-05-11,3,1.02,2.4
1624580081,2016-05-11,4,1.0,1.0
1624580081,2016-05-11,5,1.0,1.0
1624580081,2016-05-11,6,1.0,1.0
1624580081,2016-05-11,7,1.0,1.0
1624580081,2016-05-11,8,1.0,1.0
1624580081,2016-05-11,9,1.0,1.0
1624580081,2016-05-11,10,1.03,2.6
1624580081,2016-05-11,11,1.0,1.0
1624580081,2016-05-11,12,1.0,1.0
1624580081,2016-05-11,13,1.28,3.2
1624580081,2016-05-11,14,1.3,3.8
1624580081,2016-05-11,15,1.39,3.8
1624580081,2016-05-11,16,1.28,3.2
1624580081,2016-05-11,17,1.36,3.0
1624580081,2016-05-11,18,1.62,4.2
1624580081,2016-05-11,19,1.06,2.8
1624580081,2016-05-11,20,1.18,3.6
1624580081,2016-05-11,21,1.02,2.4
1624580081,2016-05-11,22,1.3,4.2
1624580081,2016-05-11,23,1.18,2.6
1624580081,2016-05-12,0,1.07,2.6
1624580081,2016-05-12,1,1.11,3.2
1624580081,2016-05-12,2,1.15,3.6
1624580081,2016-05-12,3,1.05,2.4
1624580081,2016-05-12,4,1.08,2.8
1624580081,2016-05-12,5,1.0,1.0
1624580081,2016-05-12,6,1.0,1.0
1624580081,2016-05-12,7,1.0,1.0
1624580081,2016-05-12,8,1.0,1.0
1624580081,2016-05-12,9,1.0,1.0
1624580081,2016-05-12,10,1.17,3.4
1624580081,2016-05-12,11,1.0,1.0
1624580081,2016-05-12,12,1.31,3.8
1624580081,2016-05-12,13,1.66,4.2
1624580081,2016-05-12,14,2.33,5.6
1624580081,2016-05-12,15,1.27,3.8
1644430081,2016-04-12,0,1.05,3.2
1644430081,2016-04-12,1,1.03,2.6
1644430081,2016-04-12,2,1.0,1.0
1644430081,2016-04-12,3,1.0,1.0
1644430081,2016-04-12,4,1.0,1.0
1644430081,2016-04-12,5,1.0,1.0
1644430081,2016-04-12,6,1.0,1.0
1644430081,2016-04-12,7,1.0,1.0
1644430081,2016-04-12,8,1.54,6.4
1644430081,2016-04-12,9,1.55,5.6
1644430081,2016-04-12,10,1.53,4.0
1644430081,2016-04-12,11,1.43,2.8
1644430081,2016-04-12,12,1.21,3.2
1644430081,2016-04-12,13,1.14,2.4
1644430081,2016-04-12,14,1.83,4.4
1644430081,2016-04-12,15,1.3,3.0
1644430081,2016-04-12,16,1.36,3.6
1644430081,2016-04-12,17,1.36,7.4
1644430081,2016-04-12,18,2.81,7.6
1644430081,2016-04-12,19,2.96,5.4
1644430081,2016-04-12,20,2.74,6.0
1644430081,2016-04-12,21,3.3,7.0
1644430081,2016-04-12,22,2.77,5.8
1644430081,2016-04-12,23,1.03,2.6
1644430081,2016-04-13,0,1.0,1.0
1644430081,2016-04-13,1,1.0,1.0
1644430081,2016-04-13,2,1.0,1.0
1644430081,2016-04-13,3,1.0,1.0
1644430081,2016-04-13,4,1.0,1.0
1644430081,2016-04-13,5,1.0,1.0
1644430081,2016-04-13,6,1.0,1.0
1644430081,2016-04-13,7,1.0,1.0
1644430081,2016-04-13,8,1.67,7.8
1644430081,2016-04-13,9,1.46,5.0
1644430081,2016-04-13,10,1.19,2.6
1644430081,2016-04-13,11,1.44,4.2
1644430081,2016-04-13,12,1.75,4.2
1644430081,2016-04-13,13,1.38,2.8
1644430081,2016-04-13,14,1.35,2.8
1644430081,2016-04-13,15,1.2,2.6
1644430081,2016-04-13,16,1.38,4.2
1644430081,2016-04-13,17,1.67,7.8
1644430081,2016-04-13,18,1.77,6.4
1644430081,2016-04-13,19,5.4,8.2
1644430081,2016-04-13,20,1.77,6.6
1644430081,2016-04-13,21,1.0,1.0
1644430081,2016-04-13,22,1.0,1.0
1644430081,2016-04-13,23,1.0,1.0
1644430081,2016-04-14,0,1.0,1.0
1644430081,2016-04-14,1,1.0,1.0
1644430081,2016-04-14,2,1.0,1.0
1644430081,2016-04-14,3,1.0,1.0
1644430081,2016-04-14,4,1.0,1.0
1644430081,2016-04-14,5,1.0,1.0
1644430081,2016-04-14,6,1.0,1.0
1644430081,2016-04-14,7,1.0,1.0
1644430081,2016-04-14,8,1.59,7.6
1644430081,2016-04-14,9,1.22,2.6
1644430081,2016-04-14,10,1.18,2.6
1644430081,2016-04-14,11,1.69,6.0
1644430081,2016-04-14,12,1.24,3.8
1644430081,2016-04-14,13,1.74,7.0
1644430081,2016-04-14,14,1.26,3.0
1644430081,2016-04-14,15,1.43,3.4
1644430081,2016-04-14,16,1.49,4.4
1644430081,2016-04-14,17,1.59,7.0
1644430081,2016-04-14,18,2.43,6.2
1644430081,2016-04-14,19,3.26,6.2
1644430081,2016-04-14,20,3.06,7.2
1644430081,2016-04-14,21,2.94,6.4
1644430081,2016-04-14,22,3.1,7.0
1644430081,2016-04-14,23,1.03,2.6
1644430081,2016-04-15,0,1.0,1.0
1644430081,2016-04-15,1,1.0,1.0
1644430081,2016-04-15,2,1.0,1.0
1644430081,2016-04-15,3,1.0,1.0
1644430081,2016-04-15,4,1.0,1.0
1644430081,2016-04-15,5,1.0,1.0
1644430081,2016-04-15,6,1.0,1.0
1644430081,2016-04-15,7,1.76,7.2
1644430081,2016-04-15,8,1.39,3.0
1644430081,2016-04-15,9,1.16,2.6
1644430081,2016-04-15,10,1.15,2.4
1644430081,2016-04-15,11,1.6,4.4
1644430081,2016-04-15,12,1.34,4.2
1644430081,2016-04-15,13,1.37,2.8
1644430081,2016-04-15,14,1.87,6.6
1644430081,2016-04-15,15,1.18,2.8
1644430081,2016-04-15,16,1.79,6.8
1644430081,2016-04-15,17,1.35,3.8
1644430081,2016-04-15,18,1.87,7.2
1644430081,2016-04-15,19,1.58,8.0
1644430081,2016-04-15,20,2.48,7.6
1644430081,2016-04-15,21,1.14,2.6
1644430081,2016-04-15,22,1.2,2.6
1644430081,2016-04-15,23,1.41,4.2
1644430081,2016-04-16,0,1.0,1.0
1644430081,2016-04-16,1,1.0,1.0
1644430081,2016-04-16,2,1.0,1.0
1644430081,2016-04-16,3,1.0,1.0
1644430081,2016-04-16,4,1.0,1.0
1644430081,2016-04-16,5,1.0,1.0
1644430081,2016-04-16,6,1.0,1.0
1644430081,2016-04-16,7,1.0,1.0
1644430081,2016-04-16,8,1.0,1.0
1644430081,2016-04-16,9,1.0,1.0
1644430081,2016-04-16,10,1.0,1.0
1644430081,2016-04-16,11,2.0,6.0
1644430081,2016-04-16,12,3.24,7.8
1644430081,2016-04-16,13,2.89,7.6
1644430081,2016-04-16,14,2.13,7.6
1644430081,2016-04-16,15,2.37,7.6
1644430081,2016-04-16,16,4.31,7.8
1644430081,2016-04-16,17,2.33,8.0
1644430081,2016-04-16,18,1.78,7.6
1644430081,2016-04-16,19,1.36,2.8
1644430081,2016-04-16,20,1.9,6.8
1644430081,2016-04-16,21,2.22,8.0
1644430081,2016-04-16,22,2.55,7.6
1644430081,2016-04-16,23,1.35,4.0
1644430081,2016-04-17,0,2.05,7.0
1644430081,2016-04-17,1,1.72,7.4
1644430081,2016-04-17,2,1.0,1.0
1644430081,2016-04-17,3,1.0,1.0
1644430081,2016-04-17,4,1.0,1.0
1644430081,2016-04-17,5,1.0,1.0
1644430081,2016-04-17,6,1.0,1.0
1644430081,2016-04-17,7,1.0,1.0
1644430081,2016-04-17,8,1.0,1.0
1644430081,2016-04-17,9,1.0,1.0
1644430081,2016-04-17,10,1.0,1.0
1644430081,2016-04-17,11,1.0,1.0
1644430081,2016-04-17,12,1.74,7.6
1644430081,2016-04-17,13,2.11,7.6
1644430081,2016-04-17,14,4.09,7.8
1644430081,2016-04-17,15,1.52,5.6
1644430081,2016-04-17,16,1.19,3.0
1644430081,2016-04-17,17,1.31,3.4
1644430081,2016-04-17,18,1.45,3.6
1644430081,2016-04-17,19,1.57,5.2
1644430081,2016-04-17,20,1.96,6.2
1644430081,2016-04-17,21,1.86,3.4
1644430081,2016-04-17,22,1.63,5.0
1644430081,2016-04-17,23,1.5,4.0
1644430081,2016-04-18,0,1.32,3.6
1644430081,2016-04-18,1,1.0,1.0
1644430081,2016-04-18,2,1.0,1.0
1644430081,2016-04-18,3,1.0,1.0
1644430081,2016-04-18,4,1.0,1.0
1644430081,2016-04-18,5,1.0,1.0
1644430081,2016-04-18,6,1.0,1.0
1644430081,2016-04-18,7,1.05,2.6
1644430081,2016-04-18,8,1.77,7.6
1644430081,2016-04-18,9,1.36,5.0
1644430081,2016-04-18,10,1.2,2.6
1644430081,2016-04-18,11,1.14,2.6
1644430081,2016-04-18,12,1.47,5.4
1644430081,2016-04-18,13,1.87,5.4
1644430081,2016-04-18,14,1.28,4.4
1644430081,2016-04-18,15,1.24,4.4
1644430081,2016-04-18,16,1.24,2.6
1644430081,2016-04-18,17,1.62,7.6
1644430081,2016-04-18,18,1.79,5.8
1644430081,2016-04-18,19,4.55,7.4
1644430081,2016-04-18,20,1.38,6.2
1644430081,2016-04-18,21,1.0,1.2
1644430081,2016-04-18,22,1.0,1.0
1644430081,2016-04-18,23,1.0,1.0
1644430081,2016-04-19,0,1.0,1.0
1644430081,2016-04-19,1,1.0,1.0
1644430081,2016-04-19,2,1.0,1.0
1644430081,2016-04-19,3,1.0,1.0
1644430081,2016-04-19,4,1.0,1.0
1644430081,2016-04-19,5,1.0,1.0
1644430081,2016-04-19,6,1.0,1.0
1644430081,2016-04-19,7,1.0,1.0
1644430081,2016-04-19,8,1.7,7.8
1644430081,2016-04-19,9,1.37,3.0
1644430081,2016-04-19,10,1.43,4.4
1644430081,2016-04-19,11,1.29,3.2
1644430081,2016-04-19,12,1.55,4.2
1644430081,2016-04-19,13,1.29,3.4
1644430081,2016-04-19,14,1.97,5.6
1644430081,2016-04-19,15,1.35,3.0
1644430081,2016-04-19,16,1.29,3.2
1644430081,2016-04-19,17,1.52,4.4
1644430081,2016-04-19,18,2.6,7.6
1644430081,2016-04-19,19,3.46,6.0
1644430081,2016-04-19,20,2.65,6.0
1644430081,2016-04-19,21,3.21,7.2
1644430081,2016-04-19,22,2.71,6.6
1644430081,2016-04-19,23,1.19,4.4
1644430081,2016-04-20,0,1.12,2.4
1644430081,2016-04-20,1,1.08,2.4
1644430081,2016-04-20,2,1.07,2.4
1644430081,2016-04-20,3,1.05,2.4
1644430081,2016-04-20,4,1.07,2.4
1644430081,2016-04-20,5,1.07,2.4
1644430081,2016-04-20,6,1.05,2.4
1644430081,2016-04-20,7,1.07,2.4
1644430081,2016-04-20,8,1.45,7.0
1644430081,2016-04-20,9,1.27,5.4
1644430081,2016-04-20,10,1.39,4.0
1644430081,2016-04-20,11,1.24,2.8
1644430081,2016-04-20,12,1.16,2.4
1644430081,2016-04-20,13,1.45,5.4
1644430081,2016-04-20,14,1.56,6.2
1644430081,2016-04-20,15,1.41,5.4
1644430081,2016-04-20,16,1.1,2.4
1644430081,2016-04-20,17,1.21,2.8
1644430081,2016-04-20,18,1.17,2.4
1644430081,2016-04-20,19,1.16,3.2
1644430081,2016-04-20,20,1.02,2.0
1644430081,2016-04-20,21,1.51,5.4
1644430081,2016-04-20,22,1.13,6.0
1644430081,2016-04-20,23,1.01,1.6
1644430081,2016-04-21,0,1.0,1.0
1644430081,2016-04-21,1,1.0,1.0
1644430081,2016-04-21,2,1.0,1.0
1644430081,2016-04-21,3,1.0,1.0
1644430081,2016-04-21,4,1.0,1.0
1644430081,2016-04-21,5,1.0,1.0
1644430081,2016-04-21,6,1.0,1.0
1644430081,2016-04-21,7,1.0,1.0
1644430081,2016-04-21,8,1.0,1.0
1644430081,2016-04-21,9,1.0,1.0
1644430081,2016-04-21,10,1.02,2.0
1644430081,2016-04-21,11,1.08,2.8
1644430081,2016-04-21,12,1.0,1.0
1644430081,2016-04-21,13,1.0,1.0
1644430081,2016-04-21,14,1.03,3.0
1644430081,2016-04-21,15,1.0,1.0
1644430081,2016-04-21,16,1.6,7.2
1644430081,2016-04-21,17,1.0,1.0
1644430081,2016-04-21,18,1.0,1.0
1644430081,2016-04-21,19,1.13,4.2
1644430081,2016-04-21,20,1.31,6.2
1644430081,2016-04-21,21,1.2,5.0
1644430081,2016-04-21,22,1.0,1.0
1644430081,2016-04-21,23,1.02,2.0
1644430081,2016-04-22,0,1.0,1.0
1644430081,2016-04-22,1,1.0,1.0
1644430081,2016-04-22,2,1.31,6.8
1644430081,2016-04-22,3,1.0,1.0
1644430081,2016-04-22,4,1.06,2.8
1644430081,2016-04-22,5,1.0,1.0
1644430081,2016-04-22,6,1.0,1.0
1644430081,2016-04-22,7,1.0,1.0
1644430081,2016-04-22,8,1.0,1.0
1644430081,2016-04-22,9,1.0,1.0
1644430081,2016-04-22,10,1.0,1.0
1644430081,2016-04-22,11,1.0,1.0
1644430081,2016-04-22,12,1.53,7.4
1644430081,2016-04-22,13,1.78,6.2
1644430081,2016-04-22,14,1.79,7.0
1644430081,2016-04-22,15,1.01,1.8
1644430081,2016-04-22,16,1.29,3.8
1644430081,2016-04-22,17,1.0,1.2
1644430081,2016-04-22,18,1.0,1.0
1644430081,2016-04-22,19,1.04,2.6
1644430081,2016-04-22,20,1.85,7.8
1644430081,2016-04-22,21,1.13,5.4
1644430081,2016-04-22,22,1.0,1.0
1644430081,2016-04-22,23,1.0,1.0
1644430081,2016-04-23,0,1.0,1.0
1644430081,2016-04-23,1,1.04,2.8
1644430081,2016-04-23,2,1.03,2.8
1644430081,2016-04-23,3,1.0,1.0
1644430081,2016-04-23,4,1.0,1.0
1644430081,2016-04-23,5,1.0,1.0
1644430081,2016-04-23,6,1.0,1.0
1644430081,2016-04-23,7,1.0,1.0
1644430081,2016-04-23,8,1.05,2.6
1644430081,2016-04-23,9,1.0,1.0
1644430081,2016-04-23,10,1.0,1.0
1644430081,2016-04-23,11,1.0,1.0
1644430081,2016-04-23,12,1.0,1.0
1644430081,2016-04-23,13,1.0,1.0
1644430081,2016-04-23,14,1.0,1.0
1644430081,2016-04-23,15,1.0,1.0
1644430081,2016-04-23,16,1.16,6.6
1644430081,2016-04-23,17,1.9,6.4
1644430081,2016-04-23,18,2.8,6.2
1644430081,2016-04-23,19,3.29,6.0
1644430081,2016-04-23,20,3.26,6.6
1644430081,2016-04-23,21,1.21,6.0
1644430081,2016-04-23,22,1.0,1.0
1644430081,2016-04-23,23,1.01,1.6
1644430081,2016-04-24,0,1.01,1.8
1644430081,2016-04-24,1,1.02,2.4
1644430081,2016-04-24,2,1.01,1.6
1644430081,2016-04-24,3,1.0,1.0
1644430081,2016-04-24,4,1.0,1.0
1644430081,2016-04-24,5,1.0,1.0
1644430081,2016-04-24,6,1.0,1.0
1644430081,2016-04-24,7,1.0,1.0
1644430081,2016-04-24,8,1.0,1.0
1644430081,2016-04-24,9,1.0,1.0
1644430081,2016-04-24,10,1.0,1.0
1644430081,2016-04-24,11,1.0,1.0
1644430081,2016-04-24,12,1.33,5.2
1644430081,2016-04-24,13,1.97,7.6
1644430081,2016-04-24,14,2.0,7.8
1644430081,2016-04-24,15,1.53,6.6
1644430081,2016-04-24,16,1.05,2.4
1644430081,2016-04-24,17,1.38,6.2
1644430081,2016-04-24,18,1.17,3.4
1644430081,2016-04-24,19,1.58,3.6
1644430081,2016-04-24,20,1.53,5.4
1644430081,2016-04-24,21,1.0,1.0
1644430081,2016-04-24,22,1.02,2.2
1644430081,2016-04-24,23,1.02,2.0
1644430081,2016-04-25,0,1.0,1.0
1644430081,2016-04-25,1,1.0,1.0
1644430081,2016-04-25,2,1.0,1.0
1644430081,2016-04-25,3,1.0,1.0
1644430081,2016-04-25,4,1.0,1.0
1644430081,2016-04-25,5,1.0,1.0
1644430081,2016-04-25,6,1.0,1.0
1644430081,2016-04-25,7,1.0,1.0
1644430081,2016-04-25,8,1.68,7.4
1644430081,2016-04-25,9,1.17,2.6
1644430081,2016-04-25,10,2.14,7.8
1644430081,2016-04-25,11,1.39,4.2
1644430081,2016-04-25,12,1.18,2.8
1644430081,2016-04-25,13,1.59,5.4
1644430081,2016-04-25,14,1.1,1.2
1644430081,2016-04-25,15,1.17,2.6
1644430081,2016-04-25,16,1.26,2.6
1644430081,2016-04-25,17,1.62,5.6
1644430081,2016-04-25,18,1.5,5.8
1644430081,2016-04-25,19,1.7,7.4
1644430081,2016-04-25,20,1.0,1.0
1644430081,2016-04-25,21,1.0,1.0
1644430081,2016-04-25,22,1.0,1.0
1644430081,2016-04-25,23,1.12,4.0
1644430081,2016-04-26,0,1.01,1.6
1644430081,2016-04-26,1,1.0,1.0
1644430081,2016-04-26,2,1.0,1.0
1644430081,2016-04-26,3,1.0,1.0
1644430081,2016-04-26,4,1.0,1.0
1644430081,2016-04-26,5,1.0,1.0
1644430081,2016-04-26,6,1.0,1.0
1644430081,2016-04-26,7,1.0,1.0
1644430081,2016-04-26,8,1.55,7.2
1644430081,2016-04-26,9,1.56,7.2
1644430081,2016-04-26,10,1.19,2.6
1644430081,2016-04-26,11,1.26,3.8
1644430081,2016-04-26,12,1.2,2.8
1644430081,2016-04-26,13,1.6,5.4
1644430081,2016-04-26,14,1.36,4.2
1644430081,2016-04-26,15,1.48,5.8
1644430081,2016-04-26,16,1.36,3.8
1644430081,2016-04-26,17,1.34,3.6
1644430081,2016-04-26,18,2.72,6.8
1644430081,2016-04-26,19,2.55,6.4
1644430081,2016-04-26,20,2.17,6.6
1644430081,2016-04-26,21,3.9,7.0
1644430081,2016-04-26,22,2.63,6.8
1644430081,2016-04-26,23,1.14,3.0
1644430081,2016-04-27,0,1.0,1.0
1644430081,2016-04-27,1,1.0,1.0
1644430081,2016-04-27,2,1.0,1.0
1644430081,2016-04-27,3,1.0,1.0
1644430081,2016-04-27,4,1.0,1.0
1644430081,2016-04-27,5,1.0,1.0
1644430081,2016-04-27,6,1.0,1.0
1644430081,2016-04-27,7,1.0,1.0
1644430081,2016-04-27,8,1.55,7.6
1644430081,2016-04-27,9,1.32,2.8
1644430081,2016-04-27,10,1.39,2.8
1644430081,2016-04-27,11,1.4,4.4
1644430081,2016-04-27,12,1.2,3.6
1644430081,2016-04-27,13,1.67,6.0
1644430081,2016-04-27,14,1.27,4.0
1644430081,2016-04-27,15,1.7,3.4
1644430081,2016-04-27,16,1.27,3.0
1644430081,2016-04-27,17,1.69,6.8
1644430081,2016-04-27,18,1.6,6.0
1644430081,2016-04-27,19,1.35,5.6
1644430081,2016-04-27,20,1.12,2.8
1644430081,2016-04-27,21,1.0,1.0
1644430081,2016-04-27,22,1.0,1.0
1644430081,2016-04-27,23,1.0,1.0
1644430081,2016-04-28,0,1.0,1.0
1644430081,2016-04-28,1,1.0,1.0
1644430081,2016-04-28,2,1.0,1.0
1644430081,2016-04-28,3,1.0,1.0
1644430081,2016-04-28,4,1.0,1.0
1644430081,2016-04-28,5,1.0,1.0
1644430081,2016-04-28,6,1.0,1.0
1644430081,2016-04-28,7,1.0,1.0
1644430081,2016-04-28,8,1.46,7.2
1644430081,2016-04-28,9,1.33,4.2
1644430081,2016-04-28,10,1.5,5.0
1644430081,2016-04-28,11,1.29,3.0
1644430081,2016-04-28,12,1.21,2.6
1644430081,2016-04-28,13,1.42,4.2
1644430081,2016-04-28,14,1.27,2.6
1644430081,2016-04-28,15,1.54,3.8
1644430081,2016-04-28,16,1.42,3.2
1644430081,2016-04-28,17,1.64,7.2
1644430081,2016-04-28,18,2.53,6.4
1644430081,2016-04-28,19,3.22,6.6
1644430081,2016-04-28,20,2.59,5.6
1644430081,2016-04-28,21,3.07,6.2
1644430081,2016-04-28,22,2.39,5.4
1644430081,2016-04-28,23,1.0,1.0
1644430081,2016-04-29,0,1.0,1.0
1644430081,2016-04-29,1,1.0,1.0
1644430081,2016-04-29,2,1.0,1.0
1644430081,2016-04-29,3,1.0,1.0
1644430081,2016-04-29,4,1.0,1.0
1644430081,2016-04-29,5,1.0,1.0
1644430081,2016-04-29,6,1.0,1.0
1644430081,2016-04-29,7,1.45,7.0
1644430081,2016-04-29,8,1.21,2.6
1644430081,2016-04-29,9,1.2,2.6
1644430081,2016-04-29,10,1.51,4.2
1644430081,2016-04-29,11,1.59,4.2
1644430081,2016-04-29,12,1.14,2.6
1644430081,2016-04-29,13,1.57,3.8
1644430081,2016-04-29,14,1.67,5.0
1644430081,2016-04-29,15,1.6,3.6
1644430081,2016-04-29,16,1.38,3.0
1644430081,2016-04-29,17,1.99,7.2
1644430081,2016-04-29,18,1.15,3.2
1644430081,2016-04-29,19,1.01,1.2
1644430081,2016-04-29,20,1.01,1.2
1644430081,2016-04-29,21,1.15,3.0
1644430081,2016-04-29,22,1.0,1.0
1644430081,2016-04-29,23,1.0,1.0
1644430081,2016-04-30,0,1.0,1.0
1644430081,2016-04-30,1,1.0,1.0
1644430081,2016-04-30,2,1.0,1.0
1644430081,2016-04-30,3,1.0,1.0
1644430081,2016-04-30,4,1.0,1.0
1644430081,2016-04-30,5,1.0,1.0
1644430081,2016-04-30,6,1.0,1.0
1644430081,2016-04-30,7,2.42,7.4
1644430081,2016-04-30,8,2.3,5.8
1644430081,2016-04-30,9,2.09,5.0
1644430081,2016-04-30,10,1.99,3.8
1644430081,2016-04-30,11,2.8,6.4
1644430081,2016-04-30,12,2.24,5.4
1644430081,2016-04-30,13,2.07,7.2
1644430081,2016-04-30,14,1.65,5.8
1644430081,2016-04-30,15,1.11,3.0
1644430081,2016-04-30,16,1.01,1.2
1644430081,2016-04-30,17,1.88,7.2
1644430081,2016-04-30,18,3.83,6.8
1644430081,2016-04-30,19,3.4,6.4
1644430081,2016-04-30,20,2.66,6.8
1644430081,2016-04-30,21,3.64,6.8
1644430081,2016-04-30,22,2.51,7.0
1644430081,2016-04-30,23,1.0,1.0
1644430081,2016-05-01,0,1.0,1.0
1644430081,2016-05-01,1,1.0,1.0
1644430081,2016-05-01,2,1.0,1.0
1644430081,2016-05-01,3,1.0,1.0
1644430081,2016-05-01,4,1.0,1.0
1644430081,2016-05-01,5,1.0,1.0
1644430081,2016-05-01,6,1.0,1.0
1644430081,2016-05-01,7,1.0,1.0
1644430081,2016-05-01,8,1.0,1.0
1644430081,2016-05-01,9,1.0,1.0
1644430081,2016-05-01,10,1.0,1.0
1644430081,2016-05-01,11,1.0,1.0
1644430081,2016-05-01,12,1.53,6.6
1644430081,2016-05-01,13,1.49,7.0
1644430081,2016-05-01,14,2.33,7.6
1644430081,2016-05-01,15,1.3,3.8
1644430081,2016-05-01,16,2.39,5.0
1644430081,2016-05-01,17,1.91,7.0
1644430081,2016-05-01,18,2.24,6.0
1644430081,2016-05-01,19,2.13,4.2
1644430081,2016-05-01,20,1.65,3.8
1644430081,2016-05-01,21,1.0,1.0
1644430081,2016-05-01,22,1.0,1.0
1644430081,2016-05-01,23,1.0,1.0
1644430081,2016-05-02,0,1.0,1.0
1644430081,2016-05-02,1,1.0,1.0
1644430081,2016-05-02,2,1.0,1.0
1644430081,2016-05-02,3,1.0,1.0
1644430081,2016-05-02,4,1.0,1.0
1644430081,2016-05-02,5,1.0,1.0
1644430081,2016-05-02,6,1.0,1.0
1644430081,2016-05-02,7,1.0,1.0
1644430081,2016-05-02,8,1.0,1.0
1644430081,2016-05-02,9,1.0,1.0
1644430081,2016-05-02,10,1.0,1.0
1644430081,2016-05-02,11,1.56,7.0
1644430081,2016-05-02,12,1.34,5.0
1644430081,2016-05-02,13,1.17,2.6
1644430081,2016-05-02,14,1.6,3.4
1644430081,2016-05-02,15,1.33,3.4
1644430081,2016-05-02,16,1.57,3.6
1644430081,2016-05-02,17,2.01,7.6
1644430081,2016-05-02,18,2.03,7.2
1644430081,2016-05-02,19,2.03,6.4
1644430081,2016-05-02,20,1.45,5.6
1644430081,2016-05-02,21,1.0,1.0
1644430081,2016-05-02,22,1.0,1.0
1644430081,2016-05-02,23,1.0,1.2
1644430081,2016-05-03,0,1.03,2.6
1644430081,2016-05-03,1,1.0,1.0
1644430081,2016-05-03,2,1.0,1.0
1644430081,2016-05-03,3,1.0,1.0
1644430081,2016-05-03,4,1.0,1.0
1644430081,2016-05-03,5,1.0,1.0
1644430081,2016-05-03,6,1.0,1.0
1644430081,2016-05-03,7,1.0,1.0
1644430081,2016-05-03,8,1.41,7.2
1644430081,2016-05-03,9,1.3,5.0
1644430081,2016-05-03,10,1.77,5.0
1644430081,2016-05-03,11,1.34,2.8
1644430081,2016-05-03,12,1.2,2.6
1644430081,2016-05-03,13,1.74,5.4
1644430081,2016-05-03,14,1.19,2.8
1644430081,2016-05-03,15,1.2,3.2
1644430081,2016-05-03,16,1.34,2.8
1644430081,2016-05-03,17,1.58,6.8
1644430081,2016-05-03,18,2.43,7.8
1644430081,2016-05-03,19,3.3,5.6
1644430081,2016-05-03,20,3.78,6.0
1644430081,2016-05-03,21,3.71,7.2
1644430081,2016-05-03,22,3.04,6.6
1644430081,2016-05-03,23,1.03,2.8
1644430081,2016-05-04,0,1.02,2.0
1644430081,2016-05-04,1,1.0,1.0
1644430081,2016-05-04,2,1.0,1.0
1644430081,2016-05-04,3,1.0,1.0
1644430081,2016-05-04,4,1.0,1.0
1644430081,2016-05-04,5,1.0,1.0
1644430081,2016-05-04,6,1.0,1.0
1644430081,2016-05-04,7,1.0,1.0
1644430081,2016-05-04,8,1.53,7.2
1644430081,2016-05-04,9,1.0,1.0
1644430081,2016-05-04,10,1.0,1.0
1644430081,2016-05-04,11,1.0,1.0
1644430081,2016-05-04,12,1.13,5.6
1644430081,2016-05-04,13,1.23,5.6
1644430081,2016-05-04,14,1.0,1.0
1644430081,2016-05-04,15,1.71,7.0
1644430081,2016-05-04,16,1.0,1.0
1644430081,2016-05-04,17,1.0,1.0
1644430081,2016-05-04,18,1.67,7.8
1644430081,2016-05-04,19,1.0,1.0
1644430081,2016-05-04,20,1.05,3.0
1644430081,2016-05-04,21,1.02,1.8
1644430081,2016-05-04,22,1.01,1.6
1644430081,2016-05-04,23,1.0,1.0
1644430081,2016-05-05,0,1.0,1.0
1644430081,2016-05-05,1,1.0,1.0
1644430081,2016-05-05,2,1.0,1.0
1644430081,2016-05-05,3,1.0,1.0
1644430081,2016-05-05,4,1.0,1.0
1644430081,2016-05-05,5,1.0,1.0
1644430081,2016-05-05,6,1.0,1.0
1644430081,2016-05-05,7,1.0,1.0
1644430081,2016-05-05,8,1.45,7.6
1644430081,2016-05-05,9,1.0,1.0
1644430081,2016-05-05,10,1.0,1.0
1644430081,2016-05-05,11,1.0,1.0
1644430081,2016-05-05,12,1.31,6.6
1644430081,2016-05-05,13,1.02,2.0
1644430081,2016-05-05,14,1.0,1.0
1644430081,2016-05-05,15,1.0,1.0
1644430081,2016-05-05,16,1.0,1.0
1644430081,2016-05-05,17,1.6,8.0
1644430081,2016-05-05,18,1.36,6.8
1644430081,2016-05-05,19,1.96,7.2
1644430081,2016-05-05,20,1.28,4.2
1644430081,2016-05-05,21,1.46,3.4
1644430081,2016-05-05,22,1.28,2.8
1644430081,2016-05-05,23,2.51,8.1
1644430081,2016-05-06,0,2.44,6.4
1644430081,2016-05-06,1,1.61,4.2
1644430081,2016-05-06,2,1.8,3.8
1644430081,2016-05-06,3,1.83,4.4
1644430081,2016-05-06,4,1.09,2.4
1644430081,2016-05-06,5,1.09,2.4
1644430081,2016-05-06,6,1.09,2.4
1644430081,2016-05-06,7,1.09,2.4
1644430081,2016-05-06,8,1.55,7.8
1644430081,2016-05-06,9,2.35,7.2
1644430081,2016-05-06,10,1.37,4.0
1644430081,2016-05-06,11,1.26,2.6
1644430081,2016-05-06,12,2.79,7.6
1644430081,2016-05-06,13,2.4,7.0
1644430081,2016-05-06,14,1.68,7.0
1644430081,2016-05-06,15,3.03,7.8
1644430081,2016-05-06,16,1.35,3.8
1644430081,2016-05-06,17,1.52,3.6
1644430081,2016-05-06,18,1.43,4.0
1644430081,2016-05-06,19,1.53,5.2
1644430081,2016-05-06,20,1.46,5.0
1644430081,2016-05-06,21,1.94,6.8
1644430081,2016-05-06,22,1.25,3.4
1644430081,2016-05-06,23,1.17,4.4
1644430081,2016-05-07,0,1.22,6.2
1644430081,2016-05-07,1,1.0,1.0
1644430081,2016-05-07,2,1.0,1.0
1644430081,2016-05-07,3,1.0,1.0
1644430081,2016-05-07,4,1.0,1.0
1644430081,2016-05-07,5,1.0,1.0
1644430081,2016-05-07,6,1.0,1.0
1644430081,2016-05-07,7,1.0,1.0
1644430081,2016-05-07,8,1.66,7.2
1644430081,2016-05-07,9,1.28,3.8
1644430081,2016-05-07,10,1.34,3.2
1644430081,2016-05-07,11,3.05,8.0
1644430081,2016-05-07,12,2.84,7.6
1644430081,2016-05-07,13,3.14,7.6
1644430081,2016-05-07,14,2.67,7.6
1644430081,2016-05-07,15,2.03,5.6
1644430081,2016-05-07,16,2.64,7.4
1644430081,2016-05-07,17,2.69,7.8
1644430081,2016-05-07,18,1.18,2.8
1644430081,2016-05-07,19,1.47,5.0
1644430081,2016-05-07,20,1.68,3.4
1644430081,2016-05-07,21,1.57,5.2
1644430081,2016-05-07,22,1.51,5.8
1644430081,2016-05-07,23,1.4,5.4
1644430081,2016-05-08,0,1.33,3.2
1644430081,2016-05-08,1,1.57,3.8
1644430081,2016-05-08,2,1.98,5.6
1644430081,2016-05-08,3,1.14,2.4
1644430081,2016-05-08,4,1.16,2.4
1644430081,2016-05-08,5,1.16,2.4
1644430081,2016-05-08,6,1.16,2.4
1644430081,2016-05-08,7,1.16,2.4
1644430081,2016-05-08,8,1.16,2.4
1644430081,2016-05-08,9,1.82,6.4
1644430081,2016-05-08,10,2.11,6.8
1644430081,2016-05-08,11,1.84,8.0
1644430081,2016-05-08,12,1.48,6.0
1644430081,2016-05-08,13,1.58,5.4
1644430081,2016-05-08,14,1.57,4.2
1644430081,2016-05-08,15,1.52,5.2
1644430081,2016-05-08,16,1.75,6.4
1644430081,2016-05-08,17,2.05,6.0
1644430081,2016-05-08,18,1.08,3.0
1644430081,2016-05-08,19,1.07,2.6
1644430081,2016-05-08,20,1.09,2.6
1644430081,2016-05-08,21,1.7,5.4
1644430081,2016-05-08,22,1.67,4.4
1644430081,2016-05-08,23,1.29,2.6
1644430081,2016-05-09,0,1.05,2.4
1644430081,2016-05-09,1,1.02,2.4
1644430081,2016-05-09,2,1.02,2.4
1644430081,2016-05-09,3,1.02,2.4
1644430081,2016-05-09,4,1.02,2.4
1644430081,2016-05-09,5,1.02,2.4
1644430081,2016-05-09,6,1.02,2.4
1644430081,2016-05-09,7,1.02,2.4
1644430081,2016-05-09,8,1.99,7.4
1644430081,2016-05-09,9,1.34,2.4
1644430081,2016-05-09,10,1.31,2.4
1644430081,2016-05-09,11,1.41,5.0
1644430081,2016-05-09,12,2.38,3.0
1644430081,2016-05-09,13,2.1,4.2
1644430081,2016-05-09,14,1.36,2.4
1644430081,2016-05-09,15,1.42,2.4
1644430081,2016-05-09,16,1.39,2.4
1644430081,2016-05-09,17,1.39,2.4
1644430081,2016-05-09,18,1.74,7.8
1644430081,2016-05-09,19,4.89,7.4
1644430081,2016-05-09,20,1.63,7.6
1644430081,2016-05-09,21,1.06,3.0
1644430081,2016-05-09,22,1.0,1.0
1644430081,2016-05-09,23,1.05,3.8
1644430081,2016-05-10,0,1.04,3.2
1644430081,2016-05-10,1,1.0,1.0
1644430081,2016-05-10,2,1.0,1.0
1644430081,2016-05-10,3,1.0,1.0
1644430081,2016-05-10,4,1.0,1.0
1644430081,2016-05-10,5,1.0,1.0
1644430081,2016-05-10,6,1.0,1.0
1644430081,2016-05-10,7,1.0,1.0
1644430081,2016-05-10,8,1.15,5.6
1644430081,2016-05-10,9,1.56,7.8
1644430081,2016-05-10,10,1.2,5.0
1644430081,2016-05-10,11,1.0,1.0
1644430081,2016-05-10,12,1.0,1.0
1644430081,2016-05-10,13,1.36,5.8
1644430081,2016-05-10,14,1.0,1.0
1644430081,2016-05-10,15,1.0,1.0
1644430081,2016-05-10,16,1.0,1.0
1644430081,2016-05-10,17,1.0,1.0
1644430081,2016-05-10,18,2.79,7.2
1644430081,2016-05-10,19,2.27,6.6
1644430081,2016-05-10,20,2.43,6.0
1644430081,2016-05-10,21,3.17,8.4
1644430081,2016-05-10,22,2.21,7.4
1644430081,2016-05-10,23,1.03,2.8
1644430081,2016-05-11,0,1.01,1.4
1644430081,2016-05-11,1,1.0,1.0
1644430081,2016-05-11,2,1.0,1.0
1644430081,2016-05-11,3,1.0,1.0
1644430081,2016-05-11,4,1.0,1.0
1644430081,2016-05-11,5,1.0,1.0
1644430081,2016-05-11,6,1.0,1.0
1644430081,2016-05-11,7,1.34,5.0
1644430081,2016-05-11,8,1.54,7.2
1644430081,2016-05-11,9,1.44,3.8
1644430081,2016-05-11,10,1.35,3.0
1644430081,2016-05-11,11,1.31,3.8
1844505072,2016-04-12,0,1.0,1.0
1844505072,2016-04-12,1,1.0,1.0
1844505072,2016-04-12,2,1.0,1.0
1844505072,2016-04-12,3,1.0,1.0
1844505072,2016-04-12,4,1.0,1.0
1844505072,2016-04-12,5,1.0,1.0
1844505072,2016-04-12,6,1.0,1.0
1844505072,2016-04-12,7,1.0,1.0
1844505072,2016-04-12,8,1.17,4.0
1844505072,2016-04-12,9,2.2,4.2
1844505072,2016-04-12,10,1.92,4.0
1844505072,2016-04-12,11,1.86,4.0
1844505072,2016-04-12,12,2.27,4.4
1844505072,2016-04-12,13,1.72,4.0
1844505072,2016-04-12,14,1.72,3.6
1844505072,2016-04-12,15,1.92,5.2
1844505072,2016-04-12,16,1.88,3.6
1844505072,2016-04-12,17,1.79,3.6
1844505072,2016-04-12,18,1.85,6.6
1844505072,2016-04-12,19,1.66,3.0
1844505072,2016-04-12,20,1.89,3.8
1844505072,2016-04-12,21,1.46,3.4
1844505072,2016-04-12,22,1.7,4.0
1844505072,2016-04-12,23,1.15,2.6
1844505072,2016-04-13,0,1.0,1.0
1844505072,2016-04-13,1,1.0,1.0
1844505072,2016-04-13,2,1.0,1.0
1844505072,2016-04-13,3,1.0,1.0
1844505072,2016-04-13,4,1.0,1.0
1844505072,2016-04-13,5,1.0,1.0
1844505072,2016-04-13,6,1.0,1.0
1844505072,2016-04-13,7,1.0,1.0
1844505072,2016-04-13,8,1.0,1.0
1844505072,2016-04-13,9,1.01,1.2
1844505072,2016-04-13,10,2.07,4.8
1844505072,2016-04-13,11,1.62,4.0
1844505072,2016-04-13,12,1.7,4.8
1844505072,2016-04-13,13,1.16,2.8
1844505072,2016-04-13,14,1.3,3.8
1844505072,2016-04-13,15,1.44,2.8
1844505072,2016-04-13,16,1.74,4.2
1844505072,2016-04-13,17,1.51,3.4
1844505072,2016-04-13,18,1.99,4.2
1844505072,2016-04-13,19,1.72,4.2
1844505072,2016-04-13,20,1.69,3.4
1844505072,2016-04-13,21,1.94,4.2
1844505072,2016-04-13,22,1.44,4.4
1844505072,2016-04-13,23,1.8,4.0
1844505072,2016-04-14,0,1.45,3.4
1844505072,2016-04-14,1,1.17,3.4
1844505072,2016-04-14,2,1.0,1.0
1844505072,2016-04-14,3,1.0,1.0
1844505072,2016-04-14,4,1.0,1.0
1844505072,2016-04-14,5,1.0,1.0
1844505072,2016-04-14,6,1.0,1.0
1844505072,2016-04-14,7,1.1,3.2
1844505072,2016-04-14,8,2.05,5.0
1844505072,2016-04-14,9,2.01,4.2
1844505072,2016-04-14,10,2.31,5.4
1844505072,2016-04-14,11,2.03,3.4
1844505072,2016-04-14,12,1.51,3.8
1844505072,2016-04-14,13,2.0,3.6
1844505072,2016-04-14,14,1.43,4.2
1844505072,2016-04-14,15,1.58,3.0
1844505072,2016-04-14,16,1.5,4.0
1844505072,2016-04-14,17,2.09,4.8
1844505072,2016-04-14,18,1.57,5.6
1844505072,2016-04-14,19,2.71,7.4
1844505072,2016-04-14,20,1.9,4.0
1844505072,2016-04-14,21,1.7,3.4
1844505072,2016-04-14,22,1.43,3.4
1844505072,2016-04-14,23,1.4,3.4
1844505072,2016-04-15,0,1.12,4.0
1844505072,2016-04-15,1,1.0,1.0
1844505072,2016-04-15,2,1.0,1.0
1844505072,2016-04-15,3,1.0,1.0
1844505072,2016-04-15,4,1.0,1.0
1844505072,2016-04-15,5,1.0,1.0
1844505072,2016-04-15,6,1.0,1.0
1844505072,2016-04-15,7,1.0,1.0
1844505072,2016-04-15,8,1.0,1.0
1844505072,2016-04-15,9,1.0,1.0
1844505072,2016-04-15,10,1.36,3.2
1844505072,2016-04-15,11,1.54,3.0
1844505072,2016-04-15,12,1.66,4.0
1844505072,2016-04-15,13,1.74,3.8
1844505072,2016-04-15,14,1.79,3.6
1844505072,2016-04-15,15,1.76,5.0
1844505072,2016-04-15,16,1.64,4.0
1844505072,2016-04-15,17,1.27,4.2
1844505072,2016-04-15,18,1.0,1.0
1844505072,2016-04-15,19,1.0,1.0
1844505072,2016-04-15,20,1.0,1.0
1844505072,2016-04-15,21,1.61,7.0
1844505072,2016-04-15,22,1.67,6.4
1844505072,2016-04-15,23,1.59,3.2
1844505072,2016-04-16,0,1.0,1.0
1844505072,2016-04-16,1,1.0,1.0
1844505072,2016-04-16,2,1.0,1.0
1844505072,2016-04-16,3,1.0,1.0
1844505072,2016-04-16,4,1.0,1.0
1844505072,2016-04-16,5,1.0,1.0
1844505072,2016-04-16,6,1.0,1.0
1844505072,2016-04-16,7,1.0,1.0
1844505072,2016-04-16,8,1.0,1.0
1844505072,2016-04-16,9,1.17,3.2
1844505072,2016-04-16,10,1.69,3.6
1844505072,2016-04-16,11,1.98,3.6
1844505072,2016-04-16,12,1.8,4.2
1844505072,2016-04-16,13,2.57,5.6
1844505072,2016-04-16,14,2.09,5.4
1844505072,2016-04-16,15,1.2,3.8
1844505072,2016-04-16,16,1.03,2.6
1844505072,2016-04-16,17,1.0,1.0
1844505072,2016-04-16,18,1.0,1.0
1844505072,2016-04-16,19,1.0,1.0
1844505072,2016-04-16,20,1.0,1.0
1844505072,2016-04-16,21,1.0,1.0
1844505072,2016-04-16,22,1.0,1.0
1844505072,2016-04-16,23,1.0,1.0
1844505072,2016-04-17,0,1.0,1.0
1844505072,2016-04-17,1,1.01,1.2
1844505072,2016-04-17,2,1.0,1.0
1844505072,2016-04-17,3,1.0,1.0
1844505072,2016-04-17,4,1.0,1.0
1844505072,2016-04-17,5,1.0,1.0
1844505072,2016-04-17,6,1.0,1.0
1844505072,2016-04-17,7,1.0,1.0
1844505072,2016-04-17,8,1.0,1.0
1844505072,2016-04-17,9,1.0,1.0
1844505072,2016-04-17,10,1.0,1.0
1844505072,2016-04-17,11,1.0,1.0
1844505072,2016-04-17,12,1.0,1.0
1844505072,2016-04-17,13,1.0,1.2
1844505072,2016-04-17,14,1.81,3.6
1844505072,2016-04-17,15,2.16,5.4
1844505072,2016-04-17,16,2.73,7.4
1844505072,2016-04-17,17,1.72,3.6
1844505072,2016-04-17,18,1.47,3.2
1844505072,2016-04-17,19,1.72,4.2
1844505072,2016-04-17,20,1.81,3.8
1844505072,2016-04-17,21,1.62,3.8
1844505072,2016-04-17,22,1.5,3.4
1844505072,2016-04-17,23,1.41,3.6
1844505072,2016-04-18,0,1.71,3.8
1844505072,2016-04-18,1,1.0,1.0
1844505072,2016-04-18,2,1.0,1.0
1844505072,2016-04-18,3,1.0,1.0
1844505072,2016-04-18,4,1.0,1.0
1844505072,2016-04-18,5,1.0,1.0
1844505072,2016-04-18,6,1.29,3.2
1844505072,2016-04-18,7,1.19,3.2
1844505072,2016-04-18,8,1.69,3.8
1844505072,2016-04-18,9,1.46,3.4
1844505072,2016-04-18,10,1.56,3.6
1844505072,2016-04-18,11,1.0,1.0
1844505072,2016-04-18,12,1.0,1.0
1844505072,2016-04-18,13,1.0,1.0
1844505072,2016-04-18,14,1.0,1.0
1844505072,2016-04-18,15,1.12,2.6
1844505072,2016-04-18,16,1.03,3.0
1844505072,2016-04-18,17,1.46,3.8
1844505072,2016-04-18,18,1.83,3.4
1844505072,2016-04-18,19,2.17,4.4
1844505072,2016-04-18,20,1.55,3.0
1844505072,2016-04-18,21,1.62,3.6
1844505072,2016-04-18,22,2.32,5.6
1844505072,2016-04-18,23,1.31,3.2
1844505072,2016-04-19,0,1.24,3.6
1844505072,2016-04-19,1,1.0,1.0
1844505072,2016-04-19,2,1.0,1.0
1844505072,2016-04-19,3,1.0,1.0
1844505072,2016-04-19,4,1.0,1.0
1844505072,2016-04-19,5,1.0,1.0
1844505072,2016-04-19,6,1.0,1.0
1844505072,2016-04-19,7,1.0,1.0
1844505072,2016-04-19,8,1.0,1.0
1844505072,2016-04-19,9,1.0,1.0
1844505072,2016-04-19,10,1.1,3.2
1844505072,2016-04-19,11,1.0,1.0
1844505072,2016-04-19,12,1.0,1.0
1844505072,2016-04-19,13,1.0,1.0
1844505072,2016-04-19,14,1.0,1.0
1844505072,2016-04-19,15,1.0,1.0
1844505072,2016-04-19,16,1.0,1.0
1844505072,2016-04-19,17,1.0,1.0
1844505072,2016-04-19,18,1.0,1.0
1844505072,2016-04-19,19,1.0,1.0
1844505072,2016-04-19,20,1.0,1.0
1844505072,2016-04-19,21,1.0,1.0
1844505072,2016-04-19,22,1.0,1.0
1844505072,2016-04-19,23,1.0,1.0
1844505072,2016-04-20,0,1.0,1.0
1844505072,2016-04-20,1,1.0,1.0
1844505072,2016-04-20,2,1.0,1.0
1844505072,2016-04-20,3,1.0,1.0
1844505072,2016-04-20,4,1.0,1.0
1844505072,2016-04-20,5,1.0,1.0
1844505072,2016-04-20,6,1.0,1.0
1844505072,2016-04-20,7,1.0,1.0
1844505072,2016-04-20,8,1.0,1.0
1844505072,2016-04-20,9,1.0,1.0
1844505072,2016-04-20,10,1.0,1.0
1844505072,2016-04-20,11,1.0,1.0
1844505072,2016-04-20,12,1.0,1.0
1844505072,2016-04-20,13,1.0,1.0
1844505072,2016-04-20,14,1.0,1.0
1844505072,2016-04-20,15,1.0,1.0
1844505072,2016-04-20,16,1.0,1.0
1844505072,2016-04-20,17,1.0,1.0
1844505072,2016-04-20,18,1.0,1.0
1844505072,2016-04-20,19,1.0,1.0
1844505072,2016-04-20,20,1.0,1.0
1844505072,2016-04-20,21,1.0,1.0
1844505072,2016-04-20,22,1.04,2.6
1844505072,2016-04-20,23,1.0,1.0
1844505072,2016-04-21,0,1.0,1.0
1844505072,2016-04-21,1,1.0,1.0
1844505072,2016-04-21,2,1.0,1.0
1844505072,2016-04-21,3,1.0,1.0
1844505072,2016-04-21,4,1.0,1.0
1844505072,2016-04-21,5,1.0,1.0
1844505072,2016-04-21,6,1.0,1.0
1844505072,2016-04-21,7,1.0,1.0
1844505072,2016-04-21,8,1.48,3.6
1844505072,2016-04-21,9,2.24,3.8
1844505072,2016-04-21,10,2.06,4.4
1844505072,2016-04-21,11,1.77,4.0
1844505072,2016-04-21,12,1.43,5.0
1844505072,2016-04-21,13,1.69,3.8
1844505072,2016-04-21,14,1.7,4.4
1844505072,2016-04-21,15,1.58,3.4
1844505072,2016-04-21,16,1.8,3.6
1844505072,2016-04-21,17,2.29,6.8
1844505072,2016-04-21,18,1.58,4.2
1844505072,2016-04-21,19,1.79,5.8
1844505072,2016-04-21,20,3.27,6.6
1844505072,2016-04-21,21,1.33,3.4
1844505072,2016-04-21,22,1.71,3.6
1844505072,2016-04-21,23,1.0,1.0
1844505072,2016-04-22,0,1.0,1.0
1844505072,2016-04-22,1,1.0,1.0
1844505072,2016-04-22,2,1.0,1.0
1844505072,2016-04-22,3,1.0,1.0
1844505072,2016-04-22,4,1.0,1.0
1844505072,2016-04-22,5,1.0,1.0
1844505072,2016-04-22,6,1.0,1.0
1844505072,2016-04-22,7,1.0,1.0
1844505072,2016-04-22,8,1.0,1.0
1844505072,2016-04-22,9,1.0,1.0
1844505072,2016-04-22,10,1.7,4.0
1844505072,2016-04-22,11,2.04,4.2
1844505072,2016-04-22,12,1.74,3.6
1844505072,2016-04-22,13,1.86,4.8
1844505072,2016-04-22,14,1.96,4.4
1844505072,2016-04-22,15,1.31,5.6
1844505072,2016-04-22,16,1.0,1.0
1844505072,2016-04-22,17,1.0,1.0
1844505072,2016-04-22,18,1.21,3.2
1844505072,2016-04-22,19,2.24,6.0
1844505072,2016-04-22,20,1.61,4.0
1844505072,2016-04-22,21,1.74,3.8
1844505072,2016-04-22,22,1.36,3.0
1844505072,2016-04-22,23,1.78,6.4
1844505072,2016-04-23,0,1.28,3.6
1844505072,2016-04-23,1,1.0,1.2
1844505072,2016-04-23,2,1.0,1.0
1844505072,2016-04-23,3,1.0,1.0
1844505072,2016-04-23,4,1.0,1.0
1844505072,2016-04-23,5,1.0,1.0
1844505072,2016-04-23,6,1.0,1.0
1844505072,2016-04-23,7,1.0,1.0
1844505072,2016-04-23,8,1.0,1.0
1844505072,2016-04-23,9,1.0,1.0
1844505072,2016-04-23,10,1.46,5.4
1844505072,2016-04-23,11,2.14,5.0
1844505072,2016-04-23,12,1.75,4.2
1844505072,2016-04-23,13,1.21,3.4
1844505072,2016-04-23,14,1.01,1.2
1844505072,2016-04-23,15,1.98,3.8
1844505072,2016-04-23,16,2.35,5.4
1844505072,2016-04-23,17,1.12,3.4
1844505072,2016-04-23,18,1.0,1.0
1844505072,2016-04-23,19,1.0,1.0
1844505072,2016-04-23,20,1.0,1.0
1844505072,2016-04-23,21,1.0,1.0
1844505072,2016-04-23,22,1.0,1.0
1844505072,2016-04-23,23,1.0,1.0
1844505072,2016-04-24,0,1.0,1.0
1844505072,2016-04-24,1,1.0,1.0
1844505072,2016-04-24,2,1.0,1.0
1844505072,2016-04-24,3,1.0,1.0
1844505072,2016-04-24,4,1.0,1.0
1844505072,2016-04-24,5,1.0,1.0
1844505072,2016-04-24,6,1.0,1.0
1844505072,2016-04-24,7,1.0,1.0
1844505072,2016-04-24,8,1.0,1.0
1844505072,2016-04-24,9,1.0,1.0
1844505072,2016-04-24,10,1.0,1.0
1844505072,2016-04-24,11,1.0,1.0
1844505072,2016-04-24,12,1.0,1.0
1844505072,2016-04-24,13,1.0,1.0
1844505072,2016-04-24,14,1.0,1.0
1844505072,2016-04-24,15,1.0,1.0
1844505072,2016-04-24,16,1.0,1.0
1844505072,2016-04-24,17,1.0,1.0
1844505072,2016-04-24,18,1.0,1.0
1844505072,2016-04-24,19,1.0,1.0
1844505072,2016-04-24,20,1.0,1.0
1844505072,2016-04-24,21,1.0,1.0
1844505072,2016-04-24,22,1.0,1.0
1844505072,2016-04-24,23,1.0,1.0
1844505072,2016-04-25,0,1.0,1.0
1844505072,2016-04-25,1,1.0,1.0
1844505072,2016-04-25,2,1.0,1.0
1844505072,2016-04-25,3,1.0,1.0
1844505072,2016-04-25,4,1.0,1.0
1844505072,2016-04-25,5,1.0,1.0
1844505072,2016-04-25,6,1.0,1.0
1844505072,2016-04-25,7,1.0,1.0
1844505072,2016-04-25,8,1.0,1.0
1844505072,2016-04-25,9,1.0,1.0
1844505072,2016-04-25,10,1.0,1.0
1844505072,2016-04-25,11,1.0,1.0
1844505072,2016-04-25,12,1.0,1.0
1844505072,2016-04-25,13,1.0,1.0
1844505072,2016-04-25,14,1.0,1.0
1844505072,2016-04-25,15,1.0,1.0
1844505072,2016-04-25,16,1.0,1.0
1844505072,2016-04-25,17,1.0,1.0
1844505072,2016-04-25,18,1.0,1.0
1844505072,2016-04-25,19,1.0,1.0
1844505072,2016-04-25,20,1.0,1.0
1844505072,2016-04-25,21,1.0,1.0
1844505072,2016-04-25,22,1.0,1.0
1844505072,2016-04-25,23,1.0,1.0
1844505072,2016-04-26,0,1.0,1.0
1844505072,2016-04-26,1,1.0,1.0
1844505072,2016-04-26,2,1.0,1.0
1844505072,2016-04-26,3,1.0,1.0
1844505072,2016-04-26,4,1.0,1.0
1844505072,2016-04-26,5,1.0,1.0
1844505072,2016-04-26,6,1.0,1.0
1844505072,2016-04-26,7,1.0,1.0
1844505072,2016-04-26,8,1.0,1.0
1844505072,2016-04-26,9,1.0,1.0
1844505072,2016-04-26,10,1.0,1.0
1844505072,2016-04-26,11,1.0,1.0
1844505072,2016-04-26,12,1.0,1.0
1844505072,2016-04-26,13,1.0,1.0
1844505072,2016-04-26,14,1.0,1.0
1844505072,2016-04-26,15,1.0,1.0
1844505072,2016-04-26,16,1.0,1.0
1844505072,2016-04-26,17,1.0,1.0
1844505072,2016-04-26,18,1.0,1.0
1844505072,2016-04-26,19,1.0,1.0
1844505072,2016-04-26,20,1.0,1.0
1844505072,2016-04-26,21,1.0,1.0
1844505072,2016-04-26,22,1.0,1.0
1844505072,2016-04-26,23,1.0,1.0
1844505072,2016-04-27,0,1.0,1.0
1844505072,2016-04-27,1,1.0,1.0
1844505072,2016-04-27,2,1.0,1.0
1844505072,2016-04-27,3,1.0,1.0
1844505072,2016-04-27,4,1.0,1.0
1844505072,2016-04-27,5,1.0,1.0
1844505072,2016-04-27,6,1.0,1.0
1844505072,2016-04-27,7,1.0,1.0
1844505072,2016-04-27,8,1.0,1.0
1844505072,2016-04-27,9,1.0,1.0
1844505072,2016-04-27,10,1.0,1.0
1844505072,2016-04-27,11,1.0,1.0
1844505072,2016-04-27,12,1.0,1.0
1844505072,2016-04-27,13,1.0,1.0
1844505072,2016-04-27,14,1.03,2.4
1844505072,2016-04-27,15,1.0,1.0
1844505072,2016-04-27,16,1.0,1.0
1844505072,2016-04-27,17,1.0,1.0
1844505072,2016-04-27,18,1.0,1.0
1844505072,2016-04-27,19,1.0,1.0
1844505072,2016-04-27,20,1.0,1.0
1844505072,2016-04-27,21,1.0,1.0
1844505072,2016-04-27,22,1.0,1.0
1844505072,2016-04-27,23,1.0,1.0
1844505072,2016-04-28,0,1.0,1.0
1844505072,2016-04-28,1,1.0,1.0
1844505072,2016-04-28,2,1.0,1.0
1844505072,2016-04-28,3,1.0,1.0
1844505072,2016-04-28,4,1.0,1.0
1844505072,2016-04-28,5,1.0,1.0
1844505072,2016-04-28,6,1.0,1.2
1844505072,2016-04-28,7,1.0,1.0
1844505072,2016-04-28,8,1.0,1.0
1844505072,2016-04-28,9,1.0,1.0
1844505072,2016-04-28,10,1.27,4.2
1844505072,2016-04-28,11,2.1,6.2
1844505072,2016-04-28,12,2.18,4.4
1844505072,2016-04-28,13,1.59,3.6
1844505072,2016-04-28,14,1.79,4.0
1844505072,2016-04-28,15,2.01,3.6
1844505072,2016-04-28,16,1.67,5.2
1844505072,2016-04-28,17,2.03,5.2
1844505072,2016-04-28,18,1.4,4.0
1844505072,2016-04-28,19,1.58,6.8
1844505072,2016-04-28,20,1.51,3.6
1844505072,2016-04-28,21,2.63,4.2
1844505072,2016-04-28,22,2.17,6.6
1844505072,2016-04-28,23,1.56,4.0
1844505072,2016-04-29,0,1.28,3.0
1844505072,2016-04-29,1,1.39,3.4
1844505072,2016-04-29,2,1.0,1.0
1844505072,2016-04-29,3,1.0,1.0
1844505072,2016-04-29,4,1.0,1.0
1844505072,2016-04-29,5,1.0,1.0
1844505072,2016-04-29,6,1.0,1.0
1844505072,2016-04-29,7,1.0,1.0
1844505072,2016-04-29,8,1.0,1.0
1844505072,2016-04-29,9,1.38,3.6
1844505072,2016-04-29,10,1.86,4.2
1844505072,2016-04-29,11,2.31,5.6
1844505072,2016-04-29,12,1.08,3.2
1844505072,2016-04-29,13,1.0,1.0
1844505072,2016-04-29,14,1.69,5.0
1844505072,2016-04-29,15,1.08,3.8
1844505072,2016-04-29,16,1.24,3.4
1844505072,2016-04-29,17,1.47,3.2
1844505072,2016-04-29,18,1.85,3.8
1844505072,2016-04-29,19,1.66,3.6
1844505072,2016-04-29,20,2.06,5.6
1844505072,2016-04-29,21,1.4,3.0
1844505072,2016-04-29,22,1.99,4.0
1844505072,2016-04-29,23,1.34,3.6
1844505072,2016-04-30,0,1.01,1.2
1844505072,2016-04-30,1,1.0,1.0
1844505072,2016-04-30,2,1.0,1.0
1844505072,2016-04-30,3,1.0,1.0
1844505072,2016-04-30,4,1.0,1.0
1844505072,2016-04-30,5,1.0,1.0
1844505072,2016-04-30,6,1.0,1.0
1844505072,2016-04-30,7,1.0,1.0
1844505072,2016-04-30,8,1.0,1.0
1844505072,2016-04-30,9,1.0,1.2
1844505072,2016-04-30,10,1.83,3.8
1844505072,2016-04-30,11,1.9,4.2
1844505072,2016-04-30,12,1.95,4.4
1844505072,2016-04-30,13,1.01,1.2
1844505072,2016-04-30,14,1.22,3.8
1844505072,2016-04-30,15,1.62,4.2
1844505072,2016-04-30,16,1.28,6.2
1844505072,2016-04-30,17,1.48,5.2
1844505072,2016-04-30,18,1.51,4.0
1844505072,2016-04-30,19,1.36,3.2
1844505072,2016-04-30,20,1.45,3.6
1844505072,2016-04-30,21,1.53,4.2
1844505072,2016-04-30,22,1.62,3.4
1844505072,2016-04-30,23,1.64,6.0
1844505072,2016-05-01,0,2.45,6.6
1844505072,2016-05-01,1,1.84,5.8
1844505072,2016-05-01,2,2.08,6.8
1844505072,2016-05-01,3,1.09,3.6
1844505072,2016-05-01,4,1.0,1.0
1844505072,2016-05-01,5,1.0,1.0
1844505072,2016-05-01,6,1.0,1.0
1844505072,2016-05-01,7,1.0,1.0
1844505072,2016-05-01,8,1.0,1.0
1844505072,2016-05-01,9,1.0,1.0
1844505072,2016-05-01,10,1.0,1.0
1844505072,2016-05-01,11,1.0,1.0
1844505072,2016-05-01,12,1.0,1.0
1844505072,2016-05-01,13,1.0,1.0
1844505072,2016-05-01,14,1.0,1.0
1844505072,2016-05-01,15,1.0,1.0
1844505072,2016-05-01,16,1.0,1.0
1844505072,2016-05-01,17,1.0,1.0
1844505072,2016-05-01,18,1.0,1.2
1844505072,2016-05-01,19,1.0,1.0
1844505072,2016-05-01,20,1.0,1.0
1844505072,2016-05-01,21,1.0,1.0
1844505072,2016-05-01,22,1.0,1.0
1844505072,2016-05-01,23,1.0,1.0
1844505072,2016-05-02,0,1.0,1.0
1844505072,2016-05-02,1,1.01,1.2
1844505072,2016-05-02,2,1.0,1.0
1844505072,2016-05-02,3,1.0,1.0
1844505072,2016-05-02,4,1.0,1.0
1844505072,2016-05-02,5,1.0,1.0
1844505072,2016-05-02,6,1.0,1.0
1844505072,2016-05-02,7,1.0,1.0
1844505072,2016-05-02,8,1.0,1.0
1844505072,2016-05-02,9,1.0,1.0
1844505072,2016-05-02,10,1.0,1.2
1844505072,2016-05-02,11,1.0,1.0
1844505072,2016-05-02,12,1.0,1.2
1844505072,2016-05-02,13,1.0,1.0
1844505072,2016-05-02,14,1.0,1.0
1844505072,2016-05-02,15,1.0,1.0
1844505072,2016-05-02,16,1.0,1.0
1844505072,2016-05-02,17,1.0,1.0
1844505072,2016-05-02,18,1.0,1.0
1844505072,2016-05-02,19,1.0,1.0
1844505072,2016-05-02,20,1.0,1.0
1844505072,2016-05-02,21,1.0,1.0
1844505072,2016-05-02,22,1.0,1.0
1844505072,2016-05-02,23,1.0,1.0
1844505072,2016-05-03,0,1.0,1.0
1844505072,2016-05-03,1,1.0,1.2
1844505072,2016-05-03,2,1.0,1.0
1844505072,2016-05-03,3,1.0,1.0
1844505072,2016-05-03,4,1.0,1.0
1844505072,2016-05-03,5,1.0,1.0
1844505072,2016-05-03,6,1.0,1.0
1844505072,2016-05-03,7,1.0,1.0
1844505072,2016-05-03,8,1.0,1.0
1844505072,2016-05-03,9,1.0,1.0
1844505072,2016-05-03,10,1.69,3.8
1844505072,2016-05-03,11,2.02,5.0
1844505072,2016-05-03,12,1.74,4.0
1844505072,2016-05-03,13,1.25,3.6
1844505072,2016-05-03,14,2.18,4.0
1844505072,2016-05-03,15,1.14,3.2
1844505072,2016-05-03,16,1.06,3.4
1844505072,2016-05-03,17,1.93,5.8
1844505072,2016-05-03,18,1.1,3.0
1844505072,2016-05-03,19,1.59,3.4
1844505072,2016-05-03,20,1.63,3.6
1844505072,2016-05-03,21,1.39,3.8
1844505072,2016-05-03,22,1.17,3.6
1844505072,2016-05-03,23,1.15,2.8
1844505072,2016-05-04,0,1.0,1.0
1844505072,2016-05-04,1,1.0,1.0
1844505072,2016-05-04,2,1.0,1.0
1844505072,2016-05-04,3,1.0,1.0
1844505072,2016-05-04,4,1.0,1.0
1844505072,2016-05-04,5,1.0,1.0
1844505072,2016-05-04,6,1.0,1.0
1844505072,2016-05-04,7,1.0,1.0
1844505072,2016-05-04,8,1.0,1.0
1844505072,2016-05-04,9,1.0,1.0
1844505072,2016-05-04,10,1.14,3.2
1844505072,2016-05-04,11,2.09,4.8
1844505072,2016-05-04,12,1.56,5.2
1844505072,2016-05-04,13,1.46,3.6
1844505072,2016-05-04,14,1.13,2.6
1844505072,2016-05-04,15,1.65,4.0
1844505072,2016-05-04,16,1.57,6.2
1844505072,2016-05-04,17,1.0,1.0
1844505072,2016-05-04,18,1.0,1.0
1844505072,2016-05-04,19,1.0,1.0
1844505072,2016-05-04,20,1.0,1.0
1844505072,2016-05-04,21,1.0,1.0
1844505072,2016-05-04,22,1.0,1.0
1844505072,2016-05-04,23,1.0,1.0
1844505072,2016-05-05,0,1.0,1.0
1844505072,2016-05-05,1,1.0,1.0
1844505072,2016-05-05,2,1.0,1.0
1844505072,2016-05-05,3,1.0,1.0
1844505072,2016-05-05,4,1.0,1.0
1844505072,2016-05-05,5,1.0,1.0
1844505072,2016-05-05,6,1.0,1.0
1844505072,2016-05-05,7,1.0,1.0
1844505072,2016-05-05,8,1.0,1.0
1844505072,2016-05-05,9,1.0,1.0
1844505072,2016-05-05,10,1.29,3.8
1844505072,2016-05-05,11,1.89,3.6
1844505072,2016-05-05,12,1.46,3.6
1844505072,2016-05-05,13,1.82,4.0
1844505072,2016-05-05,14,1.97,3.8
1844505072,2016-05-05,15,1.9,3.6
1844505072,2016-05-05,16,1.0,1.0
1844505072,2016-05-05,17,1.0,1.0
1844505072,2016-05-05,18,1.0,1.0
1844505072,2016-05-05,19,1.0,1.0
1844505072,2016-05-05,20,1.0,1.0
1844505072,2016-05-05,21,1.0,1.0
1844505072,2016-05-05,22,1.0,1.0
1844505072,2016-05-05,23,1.0,1.0
1844505072,2016-05-06,0,1.0,1.0
1844505072,2016-05-06,1,1.0,1.0
1844505072,2016-05-06,2,1.0,1.0
1844505072,2016-05-06,3,1.0,1.0
1844505072,2016-05-06,4,1.0,1.0
1844505072,2016-05-06,5,1.0,1.0
1844505072,2016-05-06,6,1.0,1.0
1844505072,2016-05-06,7,1.0,1.0
1844505072,2016-05-06,8,1.0,1.0
1844505072,2016-05-06,9,1.0,1.0
1844505072,2016-05-06,10,1.0,1.0
1844505072,2016-05-06,11,1.0,1.0
1844505072,2016-05-06,12,1.0,1.0
1844505072,2016-05-06,13,1.0,1.0
1844505072,2016-05-06,14,1.0,1.0
1844505072,2016-05-06,15,1.0,1.0
1844505072,2016-05-06,16,1.0,1.0
1844505072,2016-05-06,17,1.0,1.0
1844505072,2016-05-06,18,1.0,1.0
1844505072,2016-05-06,19,1.07,3.4
1844505072,2016-05-06,20,1.0,1.0
1844505072,2016-05-06,21,1.0,1.0
1844505072,2016-05-06,22,1.0,1.0
1844505072,2016-05-06,23,1.0,1.0
1844505072,2016-05-07,0,1.0,1.0
1844505072,2016-05-07,1,1.0,1.0
1844505072,2016-05-07,2,1.0,1.0
1844505072,2016-05-07,3,1.0,1.0
1844505072,2016-05-07,4,1.0,1.0
1844505072,2016-05-07,5,1.0,1.0
1844505072,2016-05-07,6,1.0,1.0
1844505072,2016-05-07,7,1.0,1.0
1844505072,2016-05-07,8,1.0,1.0
1844505072,2016-05-07,9,1.0,1.0
1844505072,2016-05-07,10,1.0,1.0
1844505072,2016-05-07,11,1.0,1.0
1844505072,2016-05-07,12,1.0,1.0
1844505072,2016-05-07,13,1.0,1.0
1844505072,2016-05-07,14,1.0,1.0
1844505072,2016-05-07,15,1.0,1.0
1844505072,2016-05-07,16,1.0,1.0
1844505072,2016-05-07,17,1.0,1.0
1844505072,2016-05-07,18,1.0,1.0
1844505072,2016-05-07,19,1.0,1.2
1844505072,2016-05-07,20,1.0,1.0
1844505072,2016-05-07,21,1.0,1.0
1844505072,2016-05-07,22,1.0,1.0
1844505072,2016-05-07,23,1.0,1.0
1844505072,2016-05-08,0,1.0,1.0
1844505072,2016-05-08,1,1.0,1.0
1844505072,2016-05-08,2,1.0,1.0
1844505072,2016-05-08,3,1.0,1.0
1844505072,2016-05-08,4,1.0,1.0
1844505072,2016-05-08,5,1.0,1.0
1844505072,2016-05-08,6,1.0,1.0
1844505072,2016-05-08,7,1.0,1.0
1844505072,2016-05-08,8,1.0,1.0
1844505072,2016-05-08,9,1.0,1.0
1844505072,2016-05-08,10,1.0,1.0
1844505072,2016-05-08,11,1.0,1.0
1844505072,2016-05-08,12,1.0,1.0
1844505072,2016-05-08,13,1.0,1.0
1844505072,2016-05-08,14,1.0,1.0
1844505072,2016-05-08,15,1.0,1.0
1844505072,2016-05-08,16,1.0,1.0
1844505072,2016-05-08,17,1.0,1.0
1844505072,2016-05-08,18,1.0,1.0
1844505072,2016-05-08,19,1.0,1.0
1844505072,2016-05-08,20,1.0,1.2
1844505072,2016-05-08,21,1.0,1.0
1844505072,2016-05-08,22,1.0,1.0
1844505072,2016-05-08,23,1.0,1.0
1844505072,2016-05-09,0,1.0,1.0
1844505072,2016-05-09,1,1.0,1.0
1844505072,2016-05-09,2,1.0,1.0
1844505072,2016-05-09,3,1.0,1.0
1844505072,2016-05-09,4,1.0,1.0
1844505072,2016-05-09,5,1.0,1.0
1844505072,2016-05-09,6,1.0,1.0
1844505072,2016-05-09,7,1.0,1.0
1844505072,2016-05-09,8,1.0,1.0
1844505072,2016-05-09,9,1.0,1.0
1844505072,2016-05-09,10,1.0,1.0
1844505072,2016-05-09,11,1.0,1.0
1844505072,2016-05-09,12,1.0,1.0
1844505072,2016-05-09,13,1.0,1.0
1844505072,2016-05-09,14,1.0,1.0
1844505072,2016-05-09,15,1.0,1.0
1844505072,2016-05-09,16,1.0,1.0
1844505072,2016-05-09,17,1.0,1.0
1844505072,2016-05-09,18,1.0,1.0
1844505072,2016-05-09,19,1.0,1.0
1844505072,2016-05-09,20,1.0,1.0
1844505072,2016-05-09,21,1.0,1.0
1844505072,2016-05-09,22,1.0,1.0
1844505072,2016-05-09,23,1.0,1.0
1844505072,2016-05-10,0,1.0,1.0
1844505072,2016-05-10,1,1.0,1.0
1844505072,2016-05-10,2,1.0,1.0
1844505072,2016-05-10,3,1.0,1.0
1844505072,2016-05-10,4,1.0,1.0
1844505072,2016-05-10,5,1.0,1.0
1844505072,2016-05-10,6,1.0,1.0
1844505072,2016-05-10,7,1.0,1.0
1844505072,2016-05-10,8,1.0,1.0
1844505072,2016-05-10,9,1.0,1.0
1844505072,2016-05-10,10,1.0,1.0
1844505072,2016-05-10,11,1.0,1.0
1844505072,2016-05-10,12,1.0,1.0
1844505072,2016-05-10,13,1.0,1.0
1844505072,2016-05-10,14,1.0,1.0
1844505072,2016-05-10,15,1.0,1.0
1844505072,2016-05-10,16,1.0,1.0
1844505072,2016-05-10,17,1.0,1.0
1844505072,2016-05-10,18,1.0,1.0
1844505072,2016-05-10,19,1.0,1.0
1844505072,2016-05-10,20,1.0,1.0
1844505072,2016-05-10,21,1.0,1.0
1844505072,2016-05-10,22,1.0,1.0
1844505072,2016-05-10,23,1.0,1.0
1844505072,2016-05-11,0,1.0,1.0
1844505072,2016-05-11,1,1.0,1.0
1844505072,2016-05-11,2,1.0,1.0
1844505072,2016-05-11,3,1.0,1.0
1844505072,2016-05-11,4,1.0,1.0
1844505072,2016-05-11,5,1.0,1.0
1844505072,2016-05-11,6,1.0,1.0
1844505072,2016-05-11,7,1.0,1.0
1844505072,2016-05-11,8,1.0,1.0
1844505072,2016-05-11,9,1.0,1.0
1844505072,2016-05-11,10,1.0,1.0
1844505072,2016-05-11,11,1.0,1.0
1844505072,2016-05-11,12,1.0,1.0
1844505072,2016-05-11,13,1.0,1.0
1844505072,2016-05-11,14,1.0,1.0
1844505072,2016-05-11,15,1.0,1.0
1844505072,2016-05-11,16,1.0,1.0
1844505072,2016-05-11,17,1.0,1.0
1844505072,2016-05-11,18,1.0,1.0
1844505072,2016-05-11,19,1.0,1.0
1844505072,2016-05-11,20,1.0,1.0
1844505072,2016-05-11,21,1.0,1.0
1844505072,2016-05-11,22,1.0,1.0
1844505072,2016-05-11,23,1.0,1.0
1844505072,2016-05-12,0,1.0,1.0
1844505072,2016-05-12,1,1.0,1.0
1844505072,2016-05-12,2,1.0,1.0
1844505072,2016-05-12,3,1.0,1.0
1844505072,2016-05-12,4,1.0,1.0
1844505072,2016-05-12,5,1.0,1.0
1844505072,2016-05-12,6,1.0,1.0
1844505072,2016-05-12,7,1.0,1.0
1844505072,2016-05-12,8,1.0,1.0
1844505072,2016-05-12,9,1.0,1.0
1844505072,2016-05-12,10,1.0,1.0
1927972279,2016-04-12,0,1.0,1.1
1927972279,2016-04-12,1,1.01,1.1
1927972279,2016-04-12,2,1.01,1.1
1927972279,2016-04-12,3,1.0,1.0
1927972279,2016-04-12,4,1.03,2.4
1927972279,2016-04-12,5,1.0,1.1
1927972279,2016-04-12,6,1.07,2.8
1927972279,2016-04-12,7,1.0,1.1
1927972279,2016-04-12,8,1.0,1.1
1927972279,2016-04-12,9,1.0,1.1
1927972279,2016-04-12,10,1.0,1.1
1927972279,2016-04-12,11,1.06,2.6
1927972279,2016-04-12,12,1.0,1.0
1927972279,2016-04-12,13,1.0,1.1
1927972279,2016-04-12,14,1.31,3.2
1927972279,2016-04-12,15,1.1,2.6
1927972279,2016-04-12,16,1.21,3.2
1927972279,2016-04-12,17,1.39,2.8
1927972279,2016-04-12,18,1.04,1.1
1927972279,2016-04-12,19,1.09,2.8
1927972279,2016-04-12,20,1.15,2.8
1927972279,2016-04-12,21,1.29,3.0
1927972279,2016-04-12,22,1.12,3.2
1927972279,2016-04-12,23,1.1,3.0
1927972279,2016-04-13,0,1.05,2.4
1927972279,2016-04-13,1,1.07,2.6
1927972279,2016-04-13,2,1.06,2.6
1927972279,2016-04-13,3,1.01,1.1
1927972279,2016-04-13,4,1.06,2.6
1927972279,2016-04-13,5,1.0,1.1
1927972279,2016-04-13,6,1.0,1.1
1927972279,2016-04-13,7,1.0,1.1
1927972279,2016-04-13,8,1.0,1.1
1927972279,2016-04-13,9,1.18,3.0
1927972279,2016-04-13,10,1.0,1.0
1927972279,2016-04-13,11,1.02,2.4
1927972279,2016-04-13,12,1.0,1.0
1927972279,2016-04-13,13,1.0,1.0
1927972279,2016-04-13,14,1.0,1.0
1927972279,2016-04-13,15,1.0,1.0
1927972279,2016-04-13,16,1.0,1.0
1927972279,2016-04-13,17,1.28,3.8
1927972279,2016-04-13,18,1.27,3.4
1927972279,2016-04-13,19,1.0,1.0
1927972279,2016-04-13,20,1.0,1.0
1927972279,2016-04-13,21,1.0,1.0
1927972279,2016-04-13,22,1.0,1.0
1927972279,2016-04-13,23,1.0,1.0
1927972279,2016-04-14,0,1.0,1.0
1927972279,2016-04-14,1,1.0,1.0
1927972279,2016-04-14,2,1.0,1.0
1927972279,2016-04-14,3,1.0,1.0
1927972279,2016-04-14,4,1.0,1.0
1927972279,2016-04-14,5,1.0,1.0
1927972279,2016-04-14,6,1.0,1.0
1927972279,2016-04-14,7,1.0,1.0
1927972279,2016-04-14,8,1.0,1.0
1927972279,2016-04-14,9,1.0,1.0
1927972279,2016-04-14,10,1.0,1.0
1927972279,2016-04-14,11,1.0,1.0
1927972279,2016-04-14,12,1.0,1.0
1927972279,2016-04-14,13,1.0,1.0
1927972279,2016-04-14,14,1.08,3.6
1927972279,2016-04-14,15,2.12,5.6
1927972279,2016-04-14,16,1.72,4.2
1927972279,2016-04-14,17,1.67,5.4
1927972279,2016-04-14,18,1.37,3.2
1927972279,2016-04-14,19,1.25,2.8
1927972279,2016-04-14,20,1.15,2.6
1927972279,2016-04-14,21,1.18,2.8
1927972279,2016-04-14,22,1.16,2.8
1927972279,2016-04-14,23,1.03,2.6
1927972279,2016-04-15,0,1.02,2.4
1927972279,2016-04-15,1,1.0,1.1
1927972279,2016-04-15,2,1.01,1.1
1927972279,2016-04-15,3,1.01,1.1
1927972279,2016-04-15,4,1.19,3.6
1927972279,2016-04-15,5,1.01,1.1
1927972279,2016-04-15,6,1.0,1.1
1927972279,2016-04-15,7,1.0,1.1
1927972279,2016-04-15,8,1.01,1.1
1927972279,2016-04-15,9,1.61,5.0
1927972279,2016-04-15,10,1.11,3.2
1927972279,2016-04-15,11,1.61,3.6
1927972279,2016-04-15,12,1.22,3.8
1927972279,2016-04-15,13,1.02,1.1
1927972279,2016-04-15,14,1.0,1.1
1927972279,2016-04-15,15,1.0,1.0
1927972279,2016-04-15,16,1.0,1.0
1927972279,2016-04-15,17,1.0,1.0
1927972279,2016-04-15,18,1.0,1.0
1927972279,2016-04-15,19,1.0,1.0
1927972279,2016-04-15,20,1.0,1.0
1927972279,2016-04-15,21,1.0,1.0
1927972279,2016-04-15,22,1.0,1.0
1927972279,2016-04-15,23,1.0,1.0
1927972279,2016-04-16,0,1.0,1.0
1927972279,2016-04-16,1,1.0,1.0
1927972279,2016-04-16,2,1.0,1.0
1927972279,2016-04-16,3,1.0,1.0
1927972279,2016-04-16,4,1.0,1.0
1927972279,2016-04-16,5,1.0,1.0
1927972279,2016-04-16,6,1.0,1.0
1927972279,2016-04-16,7,1.0,1.0
1927972279,2016-04-16,8,1.0,1.0
1927972279,2016-04-16,9,1.0,1.0
1927972279,2016-04-16,10,1.0,1.0
1927972279,2016-04-16,11,1.0,1.0
1927972279,2016-04-16,12,1.0,1.0
1927972279,2016-04-16,13,1.0,1.0
1927972279,2016-04-16,14,1.0,1.0
1927972279,2016-04-16,15,1.0,1.0
1927972279,2016-04-16,16,1.0,1.0
1927972279,2016-04-16,17,1.0,1.0
1927972279,2016-04-16,18,1.0,1.0
1927972279,2016-04-16,19,1.0,1.0
1927972279,2016-04-16,20,1.0,1.0
1927972279,2016-04-16,21,1.0,1.0
1927972279,2016-04-16,22,1.0,1.0
1927972279,2016-04-16,23,1.0,1.0
1927972279,2016-04-17,0,1.0,1.0
1927972279,2016-04-17,1,1.0,1.0
1927972279,2016-04-17,2,1.0,1.0
1927972279,2016-04-17,3,1.0,1.0
1927972279,2016-04-17,4,1.0,1.0
1927972279,2016-04-17,5,1.0,1.0
1927972279,2016-04-17,6,1.0,1.0
1927972279,2016-04-17,7,1.0,1.0
1927972279,2016-04-17,8,1.0,1.0
1927972279,2016-04-17,9,1.0,1.0
1927972279,2016-04-17,10,1.0,1.0
1927972279,2016-04-17,11,1.0,1.0
1927972279,2016-04-17,12,1.0,1.0
1927972279,2016-04-17,13,1.0,1.0
1927972279,2016-04-17,14,1.0,1.0
1927972279,2016-04-17,15,1.0,1.0
1927972279,2016-04-17,16,1.0,1.1
1927972279,2016-04-17,17,1.0,1.0
1927972279,2016-04-17,18,1.0,1.0
1927972279,2016-04-17,19,1.0,1.1
1927972279,2016-04-17,20,1.0,1.0
1927972279,2016-04-17,21,1.0,1.0
1927972279,2016-04-17,22,1.0,1.0
1927972279,2016-04-17,23,1.0,1.0
1927972279,2016-04-18,0,1.0,1.0
1927972279,2016-04-18,1,1.0,1.0
1927972279,2016-04-18,2,1.0,1.0
1927972279,2016-04-18,3,1.0,1.0
1927972279,2016-04-18,4,1.0,1.0
1927972279,2016-04-18,5,1.0,1.0
1927972279,2016-04-18,6,1.0,1.0
1927972279,2016-04-18,7,1.0,1.0
1927972279,2016-04-18,8,1.0,1.0
1927972279,2016-04-18,9,1.0,1.0
1927972279,2016-04-18,10,1.0,1.0
1927972279,2016-04-18,11,1.34,3.4
1927972279,2016-04-18,12,1.22,3.0
1927972279,2016-04-18,13,1.0,1.1
1927972279,2016-04-18,14,1.0,1.0
1927972279,2016-04-18,15,1.0,1.0
1927972279,2016-04-18,16,1.0,1.0
1927972279,2016-04-18,17,1.0,1.0
1927972279,2016-04-18,18,1.0,1.1
1927972279,2016-04-18,19,1.0,1.0
1927972279,2016-04-18,20,1.0,1.0
1927972279,2016-04-18,21,1.0,1.0
1927972279,2016-04-18,22,1.0,1.0
1927972279,2016-04-18,23,1.0,1.0
1927972279,2016-04-19,0,1.0,1.0
1927972279,2016-04-19,1,1.0,1.0
1927972279,2016-04-19,2,1.0,1.0
1927972279,2016-04-19,3,1.0,1.0
1927972279,2016-04-19,4,1.0,1.0
1927972279,2016-04-19,5,1.0,1.0
1927972279,2016-04-19,6,1.0,1.0
1927972279,2016-04-19,7,1.0,1.0
1927972279,2016-04-19,8,1.0,1.0
1927972279,2016-04-19,9,1.0,1.0
1927972279,2016-04-19,10,1.0,1.0
1927972279,2016-04-19,11,1.0,1.0
1927972279,2016-04-19,12,1.0,1.0
1927972279,2016-04-19,13,1.0,1.0
1927972279,2016-04-19,14,1.0,1.0
1927972279,2016-04-19,15,1.0,1.0
1927972279,2016-04-19,16,1.0,1.0
1927972279,2016-04-19,17,1.0,1.0
1927972279,2016-04-19,18,1.0,1.0
1927972279,2016-04-19,19,1.0,1.0
1927972279,2016-04-19,20,1.0,1.0
1927972279,2016-04-19,21,1.0,1.0
1927972279,2016-04-19,22,1.0,1.0
1927972279,2016-04-19,23,1.0,1.0
1927972279,2016-04-20,0,1.0,1.0
1927972279,2016-04-20,1,1.0,1.0
1927972279,2016-04-20,2,1.0,1.0
1927972279,2016-04-20,3,1.0,1.0
1927972279,2016-04-20,4,1.0,1.0
1927972279,2016-04-20,5,1.0,1.0
1927972279,2016-04-20,6,1.0,1.0
1927972279,2016-04-20,7,1.0,1.0
1927972279,2016-04-20,8,1.0,1.0
1927972279,2016-04-20,9,1.0,1.0
1927972279,2016-04-20,10,1.0,1.0
1927972279,2016-04-20,11,1.0,1.0
1927972279,2016-04-20,12,1.0,1.0
1927972279,2016-04-20,13,1.0,1.0
1927972279,2016-04-20,14,1.0,1.0
1927972279,2016-04-20,15,1.0,1.0
1927972279,2016-04-20,16,1.0,1.0
1927972279,2016-04-20,17,1.0,1.0
1927972279,2016-04-20,18,1.0,1.0
1927972279,2016-04-20,19,1.0,1.0
1927972279,2016-04-20,20,1.0,1.0
1927972279,2016-04-20,21,1.0,1.0
1927972279,2016-04-20,22,1.0,1.0
1927972279,2016-04-20,23,1.0,1.0
1927972279,2016-04-21,0,1.0,1.0
1927972279,2016-04-21,1,1.0,1.0
1927972279,2016-04-21,2,1.0,1.0
1927972279,2016-04-21,3,1.0,1.0
1927972279,2016-04-21,4,1.0,1.0
1927972279,2016-04-21,5,1.0,1.0
1927972279,2016-04-21,6,1.0,1.0
1927972279,2016-04-21,7,1.0,1.0
1927972279,2016-04-21,8,1.0,1.0
1927972279,2016-04-21,9,1.0,1.0
1927972279,2016-04-21,10,1.0,1.0
1927972279,2016-04-21,11,1.0,1.0
1927972279,2016-04-21,12,1.0,1.0
1927972279,2016-04-21,13,1.0,1.0
1927972279,2016-04-21,14,1.0,1.0
1927972279,2016-04-21,15,1.0,1.0
1927972279,2016-04-21,16,1.0,1.0
1927972279,2016-04-21,17,1.0,1.0
1927972279,2016-04-21,18,1.0,1.0
1927972279,2016-04-21,19,1.0,1.0
1927972279,2016-04-21,20,1.01,1.2
1927972279,2016-04-21,21,1.0,1.1
1927972279,2016-04-21,22,1.0,1.0
1927972279,2016-04-21,23,1.0,1.0
1927972279,2016-04-22,0,1.0,1.0
1927972279,2016-04-22,1,1.0,1.0
1927972279,2016-04-22,2,1.0,1.0
1927972279,2016-04-22,3,1.0,1.0
1927972279,2016-04-22,4,1.0,1.0
1927972279,2016-04-22,5,1.0,1.0
1927972279,2016-04-22,6,1.0,1.0
1927972279,2016-04-22,7,1.0,1.0
1927972279,2016-04-22,8,1.0,1.0
1927972279,2016-04-22,9,1.0,1.0
1927972279,2016-04-22,10,1.0,1.0
1927972279,2016-04-22,11,1.0,1.0
1927972279,2016-04-22,12,1.27,3.6
1927972279,2016-04-22,13,1.06,2.6
1927972279,2016-04-22,14,1.0,1.0
1927972279,2016-04-22,15,1.03,2.6
1927972279,2016-04-22,16,1.0,1.0
1927972279,2016-04-22,17,1.0,1.0
1927972279,2016-04-22,18,1.0,1.0
1927972279,2016-04-22,19,1.0,1.0
1927972279,2016-04-22,20,1.0,1.0
1927972279,2016-04-22,21,1.0,1.0
1927972279,2016-04-22,22,1.0,1.0
1927972279,2016-04-22,23,1.0,1.1
1927972279,2016-04-23,0,1.0,1.0
1927972279,2016-04-23,1,1.0,1.0
1927972279,2016-04-23,2,1.0,1.0
1927972279,2016-04-23,3,1.0,1.0
1927972279,2016-04-23,4,1.0,1.0
1927972279,2016-04-23,5,1.0,1.0
1927972279,2016-04-23,6,1.0,1.0
1927972279,2016-04-23,7,1.0,1.0
1927972279,2016-04-23,8,2.21,4.8
1927972279,2016-04-23,9,1.36,3.6
1927972279,2016-04-23,10,1.11,2.6
1927972279,2016-04-23,11,1.48,3.4
1927972279,2016-04-23,12,1.59,5.0
1927972279,2016-04-23,13,1.84,3.8
1927972279,2016-04-23,14,1.0,1.1
1927972279,2016-04-23,15,1.0,1.1
1927972279,2016-04-23,16,1.09,3.0
1927972279,2016-04-23,17,1.23,3.0
1927972279,2016-04-23,18,1.44,3.8
1927972279,2016-04-23,19,1.26,3.0
1927972279,2016-04-23,20,1.31,2.6
1927972279,2016-04-23,21,1.14,2.8
1927972279,2016-04-23,22,1.0,1.1
1927972279,2016-04-23,23,1.0,1.0
1927972279,2016-04-24,0,1.0,1.0
1927972279,2016-04-24,1,1.0,1.0
1927972279,2016-04-24,2,1.0,1.0
1927972279,2016-04-24,3,1.0,1.0
1927972279,2016-04-24,4,1.0,1.0
1927972279,2016-04-24,5,1.0,1.0
1927972279,2016-04-24,6,1.0,1.0
1927972279,2016-04-24,7,1.0,1.0
1927972279,2016-04-24,8,1.0,1.0
1927972279,2016-04-24,9,1.0,1.0
1927972279,2016-04-24,10,2.13,6.4
1927972279,2016-04-24,11,1.8,3.6
1927972279,2016-04-24,12,1.53,3.4
1927972279,2016-04-24,13,1.58,4.0
1927972279,2016-04-24,14,1.0,1.0
1927972279,2016-04-24,15,1.0,1.0
1927972279,2016-04-24,16,1.0,1.0
1927972279,2016-04-24,17,1.0,1.0
1927972279,2016-04-24,18,1.0,1.0
1927972279,2016-04-24,19,1.0,1.0
1927972279,2016-04-24,20,1.0,1.0
1927972279,2016-04-24,21,1.0,1.0
1927972279,2016-04-24,22,1.0,1.0
1927972279,2016-04-24,23,1.0,1.0
1927972279,2016-04-25,0,1.0,1.0
1927972279,2016-04-25,1,1.0,1.0
1927972279,2016-04-25,2,1.0,1.1
1927972279,2016-04-25,3,1.0,1.0
1927972279,2016-04-25,4,1.0,1.0
1927972279,2016-04-25,5,1.0,1.0
1927972279,2016-04-25,6,1.0,1.1
1927972279,2016-04-25,7,1.0,1.0
1927972279,2016-04-25,8,1.0,1.0
1927972279,2016-04-25,9,1.0,1.0
1927972279,2016-04-25,10,1.0,1.0
1927972279,2016-04-25,11,1.0,1.0
1927972279,2016-04-25,12,1.0,1.0
1927972279,2016-04-25,13,1.0,1.0
1927972279,2016-04-25,14,1.0,1.0
1927972279,2016-04-25,15,1.0,1.0
1927972279,2016-04-25,16,1.0,1.0
1927972279,2016-04-25,17,1.0,1.0
1927972279,2016-04-25,18,1.0,1.0
1927972279,2016-04-25,19,1.0,1.0
1927972279,2016-04-25,20,1.09,2.8
1927972279,2016-04-25,21,1.31,3.8
1927972279,2016-04-25,22,1.01,1.1
1927972279,2016-04-25,23,1.01,1.1
1927972279,2016-04-26,0,1.03,2.6
1927972279,2016-04-26,1,1.03,2.6
1927972279,2016-04-26,2,1.01,1.1
1927972279,2016-04-26,3,1.07,2.8
1927972279,2016-04-26,4,1.0,1.0
1927972279,2016-04-26,5,1.0,1.0
1927972279,2016-04-26,6,1.03,2.6
1927972279,2016-04-26,7,1.0,1.0
1927972279,2016-04-26,8,1.0,1.0
1927972279,2016-04-26,9,1.0,1.0
1927972279,2016-04-26,10,1.11,3.4
1927972279,2016-04-26,11,1.55,4.2
1927972279,2016-04-26,12,1.21,2.8
1927972279,2016-04-26,13,1.59,4.0
1927972279,2016-04-26,14,1.35,4.2
1927972279,2016-04-26,15,1.36,4.2
1927972279,2016-04-26,16,2.33,5.8
1927972279,2016-04-26,17,1.55,4.0
1927972279,2016-04-26,18,1.83,3.8
1927972279,2016-04-26,19,1.77,3.6
1927972279,2016-04-26,20,1.29,3.8
1927972279,2016-04-26,21,1.23,2.8
1927972279,2016-04-26,22,1.18,3.2
1927972279,2016-04-26,23,1.17,2.8
1927972279,2016-04-27,0,1.0,1.0
1927972279,2016-04-27,1,1.0,1.0
1927972279,2016-04-27,2,1.0,1.0
1927972279,2016-04-27,3,1.0,1.0
1927972279,2016-04-27,4,1.0,1.0
1927972279,2016-04-27,5,1.0,1.0
1927972279,2016-04-27,6,1.0,1.0
1927972279,2016-04-27,7,1.0,1.0
1927972279,2016-04-27,8,1.0,1.0
1927972279,2016-04-27,9,1.0,1.0
1927972279,2016-04-27,10,1.0,1.0
1927972279,2016-04-27,11,1.0,1.0
1927972279,2016-04-27,12,1.0,1.0
1927972279,2016-04-27,13,1.0,1.0
1927972279,2016-04-27,14,1.0,1.0
1927972279,2016-04-27,15,1.0,1.0
1927972279,2016-04-27,16,1.0,1.0
1927972279,2016-04-27,17,1.0,1.1
1927972279,2016-04-27,18,1.0,1.0
1927972279,2016-04-27,19,1.0,1.1
1927972279,2016-04-27,20,1.0,1.0
1927972279,2016-04-27,21,1.0,1.0
1927972279,2016-04-27,22,1.0,1.0
1927972279,2016-04-27,23,1.0,1.0
1927972279,2016-04-28,0,1.0,1.0
1927972279,2016-04-28,1,1.0,1.0
1927972279,2016-04-28,2,1.0,1.0
1927972279,2016-04-28,3,1.0,1.0
1927972279,2016-04-28,4,1.0,1.0
1927972279,2016-04-28,5,1.0,1.0
1927972279,2016-04-28,6,1.0,1.0
1927972279,2016-04-28,7,1.0,1.0
1927972279,2016-04-28,8,1.59,3.8
1927972279,2016-04-28,9,1.25,3.4
1927972279,2016-04-28,10,1.5,3.8
1927972279,2016-04-28,11,1.29,3.4
1927972279,2016-04-28,12,1.02,2.4
1927972279,2016-04-28,13,1.06,2.6
1927972279,2016-04-28,14,1.13,4.0
1927972279,2016-04-28,15,1.17,2.6
1927972279,2016-04-28,16,1.32,3.0
1927972279,2016-04-28,17,1.24,2.8
1927972279,2016-04-28,18,1.56,4.0
1927972279,2016-04-28,19,1.14,2.8
1927972279,2016-04-28,20,1.1,2.8
1927972279,2016-04-28,21,1.0,1.0
1927972279,2016-04-28,22,1.0,1.0
1927972279,2016-04-28,23,1.0,1.0
1927972279,2016-04-29,0,1.0,1.0
1927972279,2016-04-29,1,1.0,1.0
1927972279,2016-04-29,2,1.0,1.0
1927972279,2016-04-29,3,1.0,1.0
1927972279,2016-04-29,4,1.0,1.0
1927972279,2016-04-29,5,1.0,1.0
1927972279,2016-04-29,6,1.0,1.0
1927972279,2016-04-29,7,1.0,1.0
1927972279,2016-04-29,8,1.0,1.0
1927972279,2016-04-29,9,1.0,1.0
1927972279,2016-04-29,10,1.0,1.0
1927972279,2016-04-29,11,1.0,1.0
1927972279,2016-04-29,12,1.0,1.0
1927972279,2016-04-29,13,1.0,1.0
1927972279,2016-04-29,14,1.0,1.0
1927972279,2016-04-29,15,1.0,1.0
1927972279,2016-04-29,16,1.0,1.0
1927972279,2016-04-29,17,1.0,1.0
1927972279,2016-04-29,18,1.0,1.0
1927972279,2016-04-29,19,1.0,1.0
1927972279,2016-04-29,20,1.0,1.0
1927972279,2016-04-29,21,1.0,1.0
1927972279,2016-04-29,22,1.0,1.0
1927972279,2016-04-29,23,1.0,1.0
1927972279,2016-04-30,0,1.0,1.0
1927972279,2016-04-30,1,1.0,1.0
1927972279,2016-04-30,2,1.0,1.0
1927972279,2016-04-30,3,1.0,1.0
1927972279,2016-04-30,4,1.0,1.0
1927972279,2016-04-30,5,1.0,1.0
1927972279,2016-04-30,6,1.0,1.0
1927972279,2016-04-30,7,1.0,1.0
1927972279,2016-04-30,8,1.0,1.0
1927972279,2016-04-30,9,1.0,1.0
1927972279,2016-04-30,10,1.0,1.0
1927972279,2016-04-30,11,1.0,1.0
1927972279,2016-04-30,12,1.0,1.0
1927972279,2016-04-30,13,1.0,1.0
1927972279,2016-04-30,14,1.0,1.0
1927972279,2016-04-30,15,1.0,1.0
1927972279,2016-04-30,16,1.0,1.0
1927972279,2016-04-30,17,1.0,1.0
1927972279,2016-04-30,18,1.0,1.0
1927972279,2016-04-30,19,1.0,1.0
1927972279,2016-04-30,20,1.0,1.0
1927972279,2016-04-30,21,1.0,1.0
1927972279,2016-04-30,22,1.0,1.0
1927972279,2016-04-30,23,1.0,1.0
1927972279,2016-05-01,0,1.0,1.0
1927972279,2016-05-01,1,1.0,1.0
1927972279,2016-05-01,2,1.0,1.0
1927972279,2016-05-01,3,1.0,1.0
1927972279,2016-05-01,4,1.0,1.0
1927972279,2016-05-01,5,1.0,1.0
1927972279,2016-05-01,6,1.0,1.0
1927972279,2016-05-01,7,1.0,1.0
1927972279,2016-05-01,8,1.09,2.6
1927972279,2016-05-01,9,1.04,1.1
1927972279,2016-05-01,10,1.2,3.2
1927972279,2016-05-01,11,1.29,3.6
1927972279,2016-05-01,12,1.2,3.2
1927972279,2016-05-01,13,2.8,7.4
1927972279,2016-05-01,14,1.37,3.8
1927972279,2016-05-01,15,1.1,2.6
1927972279,2016-05-01,16,1.14,2.4
1927972279,2016-05-01,17,1.11,2.6
1927972279,2016-05-01,18,1.14,2.8
1927972279,2016-05-01,19,1.4,4.2
1927972279,2016-05-01,20,1.04,2.6
1927972279,2016-05-01,21,1.13,3.4
1927972279,2016-05-01,22,1.0,1.0
1927972279,2016-05-01,23,1.0,1.0
1927972279,2016-05-02,0,1.0,1.0
1927972279,2016-05-02,1,1.0,1.0
1927972279,2016-05-02,2,1.0,1.0
1927972279,2016-05-02,3,1.0,1.0
1927972279,2016-05-02,4,1.0,1.0
1927972279,2016-05-02,5,1.0,1.0
1927972279,2016-05-02,6,1.0,1.0
1927972279,2016-05-02,7,1.0,1.0
1927972279,2016-05-02,8,1.0,1.0
1927972279,2016-05-02,9,1.0,1.0
1927972279,2016-05-02,10,1.0,1.0
1927972279,2016-05-02,11,3.08,7.6
1927972279,2016-05-02,12,1.14,3.4
1927972279,2016-05-02,13,1.04,3.0
1927972279,2016-05-02,14,1.2,4.0
1927972279,2016-05-02,15,1.39,3.2
1927972279,2016-05-02,16,1.44,3.8
1927972279,2016-05-02,17,1.48,3.8
1927972279,2016-05-02,18,1.48,3.8
1927972279,2016-05-02,19,1.91,4.2
1927972279,2016-05-02,20,1.0,1.0
1927972279,2016-05-02,21,1.0,1.0
1927972279,2016-05-02,22,1.0,1.0
1927972279,2016-05-02,23,1.0,1.0
1927972279,2016-05-03,0,1.0,1.0
1927972279,2016-05-03,1,1.0,1.0
1927972279,2016-05-03,2,1.0,1.0
1927972279,2016-05-03,3,1.0,1.0
1927972279,2016-05-03,4,1.0,1.0
1927972279,2016-05-03,5,1.0,1.0
1927972279,2016-05-03,6,1.0,1.0
1927972279,2016-05-03,7,1.0,1.0
1927972279,2016-05-03,8,2.3,7.4
1927972279,2016-05-03,9,1.01,1.1
1927972279,2016-05-03,10,1.18,3.4
1927972279,2016-05-03,11,1.01,1.1
1927972279,2016-05-03,12,1.01,1.1
1927972279,2016-05-03,13,1.04,2.6
1927972279,2016-05-03,14,1.0,1.1
1927972279,2016-05-03,15,1.0,1.0
1927972279,2016-05-03,16,1.0,1.1
1927972279,2016-05-03,17,1.0,1.1
1927972279,2016-05-03,18,1.0,1.0
1927972279,2016-05-03,19,1.0,1.0
1927972279,2016-05-03,20,1.0,1.0
1927972279,2016-05-03,21,1.0,1.0
1927972279,2016-05-03,22,1.0,1.0
1927972279,2016-05-03,23,1.0,1.0
1927972279,2016-05-04,0,1.0,1.0
1927972279,2016-05-04,1,1.0,1.0
1927972279,2016-05-04,2,1.0,1.0
1927972279,2016-05-04,3,1.0,1.0
1927972279,2016-05-04,4,1.0,1.0
1927972279,2016-05-04,5,1.0,1.0
1927972279,2016-05-04,6,1.0,1.0
1927972279,2016-05-04,7,1.0,1.0
1927972279,2016-05-04,8,1.0,1.0
1927972279,2016-05-04,9,1.0,1.0
1927972279,2016-05-04,10,2.24,5.2
1927972279,2016-05-04,11,1.13,2.8
1927972279,2016-05-04,12,1.17,3.2
1927972279,2016-05-04,13,1.23,3.2
1927972279,2016-05-04,14,1.12,2.8
1927972279,2016-05-04,15,1.27,3.8
1927972279,2016-05-04,16,1.42,3.4
1927972279,2016-05-04,17,1.25,3.6
1927972279,2016-05-04,18,1.05,2.4
1927972279,2016-05-04,19,1.15,3.0
1927972279,2016-05-04,20,1.17,5.0
1927972279,2016-05-04,21,1.0,1.0
1927972279,2016-05-04,22,1.0,1.0
1927972279,2016-05-04,23,1.0,1.0
1927972279,2016-05-05,0,1.0,1.0
1927972279,2016-05-05,1,1.0,1.0
1927972279,2016-05-05,2,1.0,1.0
1927972279,2016-05-05,3,1.0,1.0
1927972279,2016-05-05,4,1.0,1.0
1927972279,2016-05-05,5,1.0,1.0
1927972279,2016-05-05,6,1.0,1.0
1927972279,2016-05-05,7,1.0,1.0
1927972279,2016-05-05,8,1.0,1.0
1927972279,2016-05-05,9,1.0,1.0
1927972279,2016-05-05,10,1.0,1.0
1927972279,2016-05-05,11,1.0,1.0
1927972279,2016-05-05,12,1.0,1.0
1927972279,2016-05-05,13,1.0,1.0
1927972279,2016-05-05,14,1.0,1.0
1927972279,2016-05-05,15,1.0,1.0
1927972279,2016-05-05,16,1.0,1.0
1927972279,2016-05-05,17,1.0,1.0
1927972279,2016-05-05,18,1.0,1.0
1927972279,2016-05-05,19,1.0,1.0
1927972279,2016-05-05,20,1.0,1.0
1927972279,2016-05-05,21,1.0,1.0
1927972279,2016-05-05,22,1.0,1.0
1927972279,2016-05-05,23,1.0,1.0
1927972279,2016-05-06,0,1.0,1.0
1927972279,2016-05-06,1,1.0,1.0
1927972279,2016-05-06,2,1.0,1.0
1927972279,2016-05-06,3,1.0,1.0
1927972279,2016-05-06,4,1.0,1.0
1927972279,2016-05-06,5,1.0,1.0
1927972279,2016-05-06,6,1.0,1.0
1927972279,2016-05-06,7,1.0,1.0
1927972279,2016-05-06,8,1.0,1.0
1927972279,2016-05-06,9,1.0,1.0
1927972279,2016-05-06,10,1.0,1.0
1927972279,2016-05-06,11,1.0,1.0
1927972279,2016-05-06,12,1.0,1.0
1927972279,2016-05-06,13,1.0,1.0
1927972279,2016-05-06,14,1.0,1.0
1927972279,2016-05-06,15,1.0,1.0
1927972279,2016-05-06,16,1.14,3.4
1927972279,2016-05-06,17,1.55,3.8
1927972279,2016-05-06,18,1.52,3.6
1927972279,2016-05-06,19,2.68,4.4
1927972279,2016-05-06,20,1.41,3.4
1927972279,2016-05-06,21,1.27,3.4
1927972279,2016-05-06,22,1.16,2.8
1927972279,2016-05-06,23,1.0,1.0
1927972279,2016-05-07,0,1.0,1.0
1927972279,2016-05-07,1,1.0,1.0
1927972279,2016-05-07,2,1.0,1.0
1927972279,2016-05-07,3,1.0,1.0
1927972279,2016-05-07,4,1.0,1.0
1927972279,2016-05-07,5,1.0,1.0
1927972279,2016-05-07,6,1.0,1.0
1927972279,2016-05-07,7,1.0,1.0
1927972279,2016-05-07,8,1.0,1.0
1927972279,2016-05-07,9,1.0,1.0
1927972279,2016-05-07,10,2.28,6.2
1927972279,2016-05-07,11,1.64,4.2
1927972279,2016-05-07,12,1.01,1.1
1927972279,2016-05-07,13,1.0,1.1
1927972279,2016-05-07,14,1.0,1.0
1927972279,2016-05-07,15,1.0,1.1
1927972279,2016-05-07,16,1.0,1.0
1927972279,2016-05-07,17,1.0,1.1
1927972279,2016-05-07,18,1.0,1.1
1927972279,2016-05-07,19,1.0,1.1
1927972279,2016-05-07,20,1.0,1.0
1927972279,2016-05-07,21,1.0,1.0
1927972279,2016-05-07,22,1.0,1.0
1927972279,2016-05-07,23,1.0,1.0
1927972279,2016-05-08,0,1.0,1.0
1927972279,2016-05-08,1,1.0,1.0
1927972279,2016-05-08,2,1.0,1.0
1927972279,2016-05-08,3,1.0,1.0
1927972279,2016-05-08,4,1.0,1.0
1927972279,2016-05-08,5,1.0,1.0
1927972279,2016-05-08,6,1.0,1.0
1927972279,2016-05-08,7,1.0,1.0
1927972279,2016-05-08,8,1.0,1.0
1927972279,2016-05-08,9,1.0,1.0
1927972279,2016-05-08,10,1.0,1.0
1927972279,2016-05-08,11,1.0,1.0
1927972279,2016-05-08,12,1.0,1.0
1927972279,2016-05-08,13,1.0,1.0
1927972279,2016-05-08,14,1.0,1.0
1927972279,2016-05-08,15,1.0,1.0
1927972279,2016-05-08,16,1.0,1.0
1927972279,2016-05-08,17,1.0,1.1
1927972279,2016-05-08,18,1.0,1.0
1927972279,2016-05-08,19,1.0,1.0
1927972279,2016-05-08,20,1.0,1.0
1927972279,2016-05-08,21,1.0,1.0
1927972279,2016-05-08,22,1.0,1.0
1927972279,2016-05-08,23,1.0,1.0
1927972279,2016-05-09,0,1.0,1.0
1927972279,2016-05-09,1,1.0,1.0
1927972279,2016-05-09,2,1.0,1.0
1927972279,2016-05-09,3,1.0,1.0
1927972279,2016-05-09,4,1.0,1.0
1927972279,2016-05-09,5,1.0,1.0
1927972279,2016-05-09,6,1.0,1.0
1927972279,2016-05-09,7,1.0,1.0
1927972279,2016-05-09,8,1.0,1.0
1927972279,2016-05-09,9,1.0,1.0
1927972279,2016-05-09,10,1.0,1.0
1927972279,2016-05-09,11,1.0,1.0
1927972279,2016-05-09,12,1.0,1.0
1927972279,2016-05-09,13,1.0,1.0
1927972279,2016-05-09,14,1.0,1.0
1927972279,2016-05-09,15,1.0,1.0
1927972279,2016-05-09,16,1.0,1.0
1927972279,2016-05-09,17,1.0,1.0
1927972279,2016-05-09,18,1.0,1.0
1927972279,2016-05-09,19,1.0,1.0
1927972279,2016-05-09,20,1.0,1.0
1927972279,2016-05-09,21,1.0,1.0
1927972279,2016-05-09,22,1.0,1.0
1927972279,2016-05-09,23,1.0,1.0
1927972279,2016-05-10,0,1.0,1.0
1927972279,2016-05-10,1,1.0,1.0
1927972279,2016-05-10,2,1.0,1.0
1927972279,2016-05-10,3,1.0,1.0
1927972279,2016-05-10,4,1.0,1.0
1927972279,2016-05-10,5,1.0,1.0
1927972279,2016-05-10,6,1.0,1.0
1927972279,2016-05-10,7,1.0,1.0
1927972279,2016-05-10,8,1.0,1.0
1927972279,2016-05-10,9,1.0,1.0
1927972279,2016-05-10,10,1.0,1.0
1927972279,2016-05-10,11,1.0,1.0
1927972279,2016-05-10,12,1.0,1.0
1927972279,2016-05-10,13,1.0,1.0
1927972279,2016-05-10,14,1.0,1.0
1927972279,2016-05-10,15,1.0,1.0
1927972279,2016-05-10,16,1.0,1.0
1927972279,2016-05-10,17,1.0,1.0
1927972279,2016-05-10,18,1.0,1.0
1927972279,2016-05-10,19,1.0,1.0
1927972279,2016-05-10,20,1.0,1.0
1927972279,2016-05-10,21,1.0,1.0
1927972279,2016-05-10,22,1.0,1.0
1927972279,2016-05-10,23,1.0,1.0
1927972279,2016-05-11,0,1.0,1.0
1927972279,2016-05-11,1,1.0,1.0
1927972279,2016-05-11,2,1.0,1.0
1927972279,2016-05-11,3,1.0,1.0
1927972279,2016-05-11,4,1.0,1.0
1927972279,2016-05-11,5,1.0,1.0
1927972279,2016-05-11,6,1.0,1.0
1927972279,2016-05-11,7,1.0,1.0
1927972279,2016-05-11,8,1.0,1.0
1927972279,2016-05-11,9,1.0,1.0
1927972279,2016-05-11,10,1.0,1.0
1927972279,2016-05-11,11,1.0,1.0
1927972279,2016-05-11,12,1.0,1.0
1927972279,2016-05-11,13,1.0,1.0
1927972279,2016-05-11,14,1.0,1.0
1927972279,2016-05-11,15,1.0,1.0
1927972279,2016-05-11,16,1.0,1.0
1927972279,2016-05-11,17,1.0,1.0
1927972279,2016-05-11,18,1.0,1.0
1927972279,2016-05-11,19,1.0,1.0
1927972279,2016-05-11,20,1.0,1.0
1927972279,2016-05-11,21,1.0,1.0
1927972279,2016-05-11,22,1.0,1.0
1927972279,2016-05-11,23,1.0,1.0
1927972279,2016-05-12,0,1.0,1.0
1927972279,2016-05-12,1,1.0,1.0
1927972279,2016-05-12,2,1.0,1.0
1927972279,2016-05-12,3,1.0,1.0
1927972279,2016-05-12,4,1.0,1.0
1927972279,2016-05-12,5,1.0,1.0
1927972279,2016-05-12,6,1.0,1.0
1927972279,2016-05-12,7,1.0,1.0
1927972279,2016-05-12,8,1.0,1.0
1927972279,2016-05-12,9,1.0,1.0
1927972279,2016-05-12,10,1.0,1.0
1927972279,2016-05-12,11,1.0,1.0
1927972279,2016-05-12,12,1.0,1.0
1927972279,2016-05-12,13,1.0,1.0
1927972279,2016-05-12,14,1.0,1.0
1927972279,2016-05-12,15,1.0,1.0
2022484408,2016-04-12,0,1.0,1.0
2022484408,2016-04-12,1,1.0,1.0
2022484408,2016-04-12,2,1.0,1.0
2022484408,2016-04-12,3,1.0,1.0
2022484408,2016-04-12,4,1.0,1.0
2022484408,2016-04-12,5,1.0,1.0
2022484408,2016-04-12,6,1.0,1.0
2022484408,2016-04-12,7,2.18,5.2
2022484408,2016-04-12,8,1.59,4.6
2022484408,2016-04-12,9,1.45,3.8
2022484408,2016-04-12,10,5.93,8.2
2022484408,2016-04-12,11,1.6,3.6
2022484408,2016-04-12,12,1.39,4.0
2022484408,2016-04-12,13,1.98,5.2
2022484408,2016-04-12,14,3.17,6.2
2022484408,2016-04-12,15,1.45,5.4
2022484408,2016-04-12,16,1.8,5.4
2022484408,2016-04-12,17,1.84,4.0
2022484408,2016-04-12,18,1.67,3.8
2022484408,2016-04-12,19,1.34,3.6
2022484408,2016-04-12,20,1.0,1.0
2022484408,2016-04-12,21,1.0,1.0
2022484408,2016-04-12,22,1.0,1.0
2022484408,2016-04-12,23,1.0,1.0
2022484408,2016-04-13,0,1.0,1.0
2022484408,2016-04-13,1,1.0,1.0
2022484408,2016-04-13,2,1.0,1.0
2022484408,2016-04-13,3,1.0,1.0
2022484408,2016-04-13,4,1.0,1.0
2022484408,2016-04-13,5,1.0,1.0
2022484408,2016-04-13,6,1.0,1.0
2022484408,2016-04-13,7,2.24,5.4
2022484408,2016-04-13,8,1.93,4.0
2022484408,2016-04-13,9,6.37,10.4
2022484408,2016-04-13,10,1.25,4.8
2022484408,2016-04-13,11,1.7,4.0
2022484408,2016-04-13,12,2.19,5.0
2022484408,2016-04-13,13,1.39,3.6
2022484408,2016-04-13,14,3.26,6.6
2022484408,2016-04-13,15,1.88,4.2
2022484408,2016-04-13,16,1.84,5.6
2022484408,2016-04-13,17,2.05,5.2
2022484408,2016-04-13,18,2.51,6.2
2022484408,2016-04-13,19,2.15,4.8
2022484408,2016-04-13,20,1.02,2.4
2022484408,2016-04-13,21,1.0,1.0
2022484408,2016-04-13,22,1.0,1.0
2022484408,2016-04-13,23,1.0,1.0
2022484408,2016-04-14,0,1.0,1.0
2022484408,2016-04-14,1,1.0,1.0
2022484408,2016-04-14,2,1.0,1.0
2022484408,2016-04-14,3,1.0,1.0
2022484408,2016-04-14,4,1.0,1.0
2022484408,2016-04-14,5,1.0,1.0
2022484408,2016-04-14,6,1.0,1.0
2022484408,2016-04-14,7,1.43,4.0
2022484408,2016-04-14,8,1.48,4.0
2022484408,2016-04-14,9,1.63,4.2
2022484408,2016-04-14,10,1.68,4.0
2022484408,2016-04-14,11,1.42,3.0
2022484408,2016-04-14,12,1.31,2.6
2022484408,2016-04-14,13,1.6,3.8
2022484408,2016-04-14,14,3.3,6.6
2022484408,2016-04-14,15,1.5,4.0
2022484408,2016-04-14,16,1.95,5.8
2022484408,2016-04-14,17,1.98,5.0
2022484408,2016-04-14,18,4.34,6.8
2022484408,2016-04-14,19,1.94,6.2
2022484408,2016-04-14,20,1.58,3.6
2022484408,2016-04-14,21,1.0,1.0
2022484408,2016-04-14,22,1.0,1.0
2022484408,2016-04-14,23,1.0,1.0
2022484408,2016-04-15,0,1.0,1.0
2022484408,2016-04-15,1,1.0,1.0
2022484408,2016-04-15,2,1.0,1.0
2022484408,2016-04-15,3,1.0,1.0
2022484408,2016-04-15,4,1.0,1.0
2022484408,2016-04-15,5,1.0,1.0
2022484408,2016-04-15,6,1.0,1.0
2022484408,2016-04-15,7,1.95,6.0
2022484408,2016-04-15,8,2.04,5.0
2022484408,2016-04-15,9,6.37,12.6
2022484408,2016-04-15,10,2.07,7.2
2022484408,2016-04-15,11,1.96,4.2
2022484408,2016-04-15,12,1.26,3.6
2022484408,2016-04-15,13,2.79,5.2
2022484408,2016-04-15,14,2.19,5.6
2022484408,2016-04-15,15,1.75,5.0
2022484408,2016-04-15,16,2.55,5.6
2022484408,2016-04-15,17,1.81,6.4
2022484408,2016-04-15,18,1.41,5.0
2022484408,2016-04-15,19,1.42,4.8
2022484408,2016-04-15,20,1.0,1.0
2022484408,2016-04-15,21,1.0,1.0
2022484408,2016-04-15,22,1.0,1.0
2022484408,2016-04-15,23,1.0,1.0
2022484408,2016-04-16,0,1.0,1.0
2022484408,2016-04-16,1,1.0,1.0
2022484408,2016-04-16,2,1.0,1.0
2022484408,2016-04-16,3,1.0,1.0
2022484408,2016-04-16,4,1.0,1.0
2022484408,2016-04-16,5,1.0,1.0
2022484408,2016-04-16,6,1.0,1.0
2022484408,2016-04-16,7,1.2,4.4
2022484408,2016-04-16,8,1.9,6.6
2022484408,2016-04-16,9,5.42,8.6
2022484408,2016-04-16,10,1.98,5.4
2022484408,2016-04-16,11,1.84,5.4
2022484408,2016-04-16,12,1.74,5.2
2022484408,2016-04-16,13,2.36,5.8
2022484408,2016-04-16,14,1.91,4.8
2022484408,2016-04-16,15,1.62,5.8
2022484408,2016-04-16,16,1.0,1.0
2022484408,2016-04-16,17,1.0,1.0
2022484408,2016-04-16,18,1.0,1.0
2022484408,2016-04-16,19,1.0,1.0
2022484408,2016-04-16,20,1.0,1.0
2022484408,2016-04-16,21,1.0,1.0
2022484408,2016-04-16,22,1.0,1.0
2022484408,2016-04-16,23,1.0,1.0
2022484408,2016-04-17,0,1.0,1.0
2022484408,2016-04-17,1,1.0,1.0
2022484408,2016-04-17,2,1.0,1.0
2022484408,2016-04-17,3,1.0,1.0
2022484408,2016-04-17,4,1.0,1.0
2022484408,2016-04-17,5,1.0,1.0
2022484408,2016-04-17,6,1.0,1.0
2022484408,2016-04-17,7,1.0,1.0
2022484408,2016-04-17,8,1.88,4.2
2022484408,2016-04-17,9,6.66,11.7
2022484408,2016-04-17,10,4.14,5.6
2022484408,2016-04-17,11,3.15,5.6
2022484408,2016-04-17,12,1.21,3.0
2022484408,2016-04-17,13,1.43,4.2
2022484408,2016-04-17,14,2.97,5.6
2022484408,2016-04-17,15,2.32,5.8
2022484408,2016-04-17,16,2.51,5.6
2022484408,2016-04-17,17,2.64,5.4
2022484408,2016-04-17,18,2.13,4.8
2022484408,2016-04-17,19,1.44,4.0
2022484408,2016-04-17,20,1.23,4.2
2022484408,2016-04-17,21,1.0,1.0
2022484408,2016-04-17,22,1.0,1.0
2022484408,2016-04-17,23,1.0,1.0
2022484408,2016-04-18,0,1.0,1.0
2022484408,2016-04-18,1,1.0,1.0
2022484408,2016-04-18,2,1.0,1.0
2022484408,2016-04-18,3,1.0,1.0
2022484408,2016-04-18,4,1.0,1.0
2022484408,2016-04-18,5,1.0,1.0
2022484408,2016-04-18,6,1.19,3.6
2022484408,2016-04-18,7,3.05,6.0
2022484408,2016-04-18,8,2.19,5.6
2022484408,2016-04-18,9,7.81,10.5
2022484408,2016-04-18,10,2.35,5.2
2022484408,2016-04-18,11,1.14,3.8
2022484408,2016-04-18,12,1.53,4.0
2022484408,2016-04-18,13,1.57,5.0
2022484408,2016-04-18,14,3.21,6.6
2022484408,2016-04-18,15,2.0,3.8
2022484408,2016-04-18,16,1.79,5.0
2022484408,2016-04-18,17,2.26,6.0
2022484408,2016-04-18,18,2.26,5.0
2022484408,2016-04-18,19,1.95,5.2
2022484408,2016-04-18,20,1.19,3.0
2022484408,2016-04-18,21,1.0,1.0
2022484408,2016-04-18,22,1.0,1.0
2022484408,2016-04-18,23,1.0,1.0
2022484408,2016-04-19,0,1.0,1.0
2022484408,2016-04-19,1,1.0,1.0
2022484408,2016-04-19,2,1.0,1.0
2022484408,2016-04-19,3,1.0,1.0
2022484408,2016-04-19,4,1.0,1.0
2022484408,2016-04-19,5,1.0,1.0
2022484408,2016-04-19,6,1.0,1.0
2022484408,2016-04-19,7,1.0,1.0
2022484408,2016-04-19,8,1.0,1.0
2022484408,2016-04-19,9,1.92,5.6
2022484408,2016-04-19,10,1.62,6.4
2022484408,2016-04-19,11,1.86,6.0
2022484408,2016-04-19,12,1.86,5.0
2022484408,2016-04-19,13,2.01,5.4
2022484408,2016-04-19,14,3.18,6.4
2022484408,2016-04-19,15,2.57,5.6
2022484408,2016-04-19,16,6.25,11.7
2022484408,2016-04-19,17,1.97,5.6
2022484408,2016-04-19,18,2.14,4.8
2022484408,2016-04-19,19,1.59,4.0
2022484408,2016-04-19,20,1.0,1.0
2022484408,2016-04-19,21,1.0,1.0
2022484408,2016-04-19,22,1.0,1.0
2022484408,2016-04-19,23,1.0,1.0
2022484408,2016-04-20,0,1.0,1.0
2022484408,2016-04-20,1,1.0,1.0
2022484408,2016-04-20,2,1.0,1.0
2022484408,2016-04-20,3,1.0,1.0
2022484408,2016-04-20,4,1.0,1.0
2022484408,2016-04-20,5,1.0,1.0
2022484408,2016-04-20,6,1.29,3.4
2022484408,2016-04-20,7,2.21,5.6
2022484408,2016-04-20,8,2.42,5.6
2022484408,2016-04-20,9,7.08,11.4
2022484408,2016-04-20,10,1.28,4.2
2022484408,2016-04-20,11,1.64,4.2
2022484408,2016-04-20,12,3.03,5.8
2022484408,2016-04-20,13,2.06,6.2
2022484408,2016-04-20,14,3.82,6.2
2022484408,2016-04-20,15,2.47,4.6
2022484408,2016-04-20,16,2.21,6.4
2022484408,2016-04-20,17,2.31,5.6
2022484408,2016-04-20,18,2.15,5.6
2022484408,2016-04-20,19,1.96,5.2
2022484408,2016-04-20,20,1.6,4.2
2022484408,2016-04-20,21,1.0,1.0
2022484408,2016-04-20,22,1.0,1.0
2022484408,2016-04-20,23,1.0,1.0
2022484408,2016-04-21,0,1.0,1.0
2022484408,2016-04-21,1,1.0,1.0
2022484408,2016-04-21,2,1.0,1.0
2022484408,2016-04-21,3,1.0,1.0
2022484408,2016-04-21,4,1.0,1.0
2022484408,2016-04-21,5,1.0,1.0
2022484408,2016-04-21,6,1.0,1.0
2022484408,2016-04-21,7,2.57,4.6
2022484408,2016-04-21,8,1.42,4.4
2022484408,2016-04-21,9,1.78,4.4
2022484408,2016-04-21,10,4.73,9.5
2022484408,2016-04-21,11,3.58,6.8
2022484408,2016-04-21,12,4.35,7.0
2022484408,2016-04-21,13,1.25,3.6
2022484408,2016-04-21,14,3.84,6.4
2022484408,2016-04-21,15,2.78,7.2
2022484408,2016-04-21,16,5.6,14.6
2022484408,2016-04-21,17,3.74,14.4
2022484408,2016-04-21,18,2.08,6.4
2022484408,2016-04-21,19,1.65,4.0
2022484408,2016-04-21,20,1.34,3.8
2022484408,2016-04-21,21,1.0,1.0
2022484408,2016-04-21,22,1.0,1.1
2022484408,2016-04-21,23,1.0,1.0
2022484408,2016-04-22,0,1.0,1.0
2022484408,2016-04-22,1,1.0,1.0
2022484408,2016-04-22,2,1.0,1.0
2022484408,2016-04-22,3,1.0,1.0
2022484408,2016-04-22,4,1.0,1.0
2022484408,2016-04-22,5,1.0,1.0
2022484408,2016-04-22,6,1.13,3.0
2022484408,2016-04-22,7,2.31,5.4
2022484408,2016-04-22,8,1.74,4.4
2022484408,2016-04-22,9,6.85,9.7
2022484408,2016-04-22,10,2.94,9.3
2022484408,2016-04-22,11,1.96,5.6
2022484408,2016-04-22,12,2.16,6.0
2022484408,2016-04-22,13,2.51,6.6
2022484408,2016-04-22,14,2.55,4.6
2022484408,2016-04-22,15,1.67,3.4
2022484408,2016-04-22,16,1.25,3.0
2022484408,2016-04-22,17,1.26,3.0
2022484408,2016-04-22,18,1.59,3.6
2022484408,2016-04-22,19,2.06,4.2
2022484408,2016-04-22,20,1.38,3.9
2022484408,2016-04-22,21,1.0,1.0
2022484408,2016-04-22,22,1.0,1.0
2022484408,2016-04-22,23,1.0,1.0
2022484408,2016-04-23,0,1.0,1.0
2022484408,2016-04-23,1,1.0,1.0
2022484408,2016-04-23,2,1.0,1.0
2022484408,2016-04-23,3,1.0,1.0
2022484408,2016-04-23,4,1.0,1.0
2022484408,2016-04-23,5,1.0,1.0
2022484408,2016-04-23,6,1.0,1.0
2022484408,2016-04-23,7,1.0,1.0
2022484408,2016-04-23,8,1.0,1.0
2022484408,2016-04-23,9,1.0,1.0
2022484408,2016-04-23,10,1.0,1.0
2022484408,2016-04-23,11,1.0,1.0
2022484408,2016-04-23,12,1.45,3.6
2022484408,2016-04-23,13,2.58,5.0
2022484408,2016-04-23,14,1.87,4.8
2022484408,2016-04-23,15,2.44,6.2
2022484408,2016-04-23,16,1.91,5.2
2022484408,2016-04-23,17,1.94,3.8
2022484408,2016-04-23,18,2.11,4.6
2022484408,2016-04-23,19,1.84,4.6
2022484408,2016-04-23,20,1.5,3.2
2022484408,2016-04-23,21,1.33,3.6
2022484408,2016-04-23,22,1.27,4.0
2022484408,2016-04-23,23,1.0,1.0
2022484408,2016-04-24,0,1.0,1.0
2022484408,2016-04-24,1,1.0,1.0
2022484408,2016-04-24,2,1.0,1.0
2022484408,2016-04-24,3,1.0,1.0
2022484408,2016-04-24,4,1.0,1.0
2022484408,2016-04-24,5,1.0,1.0
2022484408,2016-04-24,6,1.0,1.0
2022484408,2016-04-24,7,1.0,1.0
2022484408,2016-04-24,8,4.16,11.5
2022484408,2016-04-24,9,4.93,12.1
2022484408,2016-04-24,10,1.78,4.6
2022484408,2016-04-24,11,2.03,5.6
2022484408,2016-04-24,12,1.92,6.6
2022484408,2016-04-24,13,2.68,6.4
2022484408,2016-04-24,14,1.68,4.8
2022484408,2016-04-24,15,3.01,6.2
2022484408,2016-04-24,16,1.13,3.8
2022484408,2016-04-24,17,1.88,4.4
2022484408,2016-04-24,18,2.41,4.8
2022484408,2016-04-24,19,1.02,1.3
2022484408,2016-04-24,20,1.0,1.1
2022484408,2016-04-24,21,1.0,1.0
2022484408,2016-04-24,22,1.0,1.0
2022484408,2016-04-24,23,1.0,1.0
2022484408,2016-04-25,0,1.0,1.0
2022484408,2016-04-25,1,1.0,1.0
2022484408,2016-04-25,2,1.0,1.0
2022484408,2016-04-25,3,1.0,1.0
2022484408,2016-04-25,4,1.0,1.0
2022484408,2016-04-25,5,1.0,1.0
2022484408,2016-04-25,6,1.0,1.0
2022484408,2016-04-25,7,1.98,5.6
2022484408,2016-04-25,8,1.69,3.8
2022484408,2016-04-25,9,7.78,10.8
2022484408,2016-04-25,10,1.4,5.4
2022484408,2016-04-25,11,1.0,1.0
2022484408,2016-04-25,12,1.0,1.0
2022484408,2016-04-25,13,1.26,5.8
2022484408,2016-04-25,14,2.96,6.0
2022484408,2016-04-25,15,1.52,4.0
2022484408,2016-04-25,16,1.92,5.0
2022484408,2016-04-25,17,1.81,6.2
2022484408,2016-04-25,18,1.6,3.8
2022484408,2016-04-25,19,2.58,4.6
2022484408,2016-04-25,20,1.16,4.0
2022484408,2016-04-25,21,1.0,1.0
2022484408,2016-04-25,22,1.0,1.0
2022484408,2016-04-25,23,1.0,1.0
2022484408,2016-04-26,0,1.0,1.0
2022484408,2016-04-26,1,1.0,1.0
2022484408,2016-04-26,2,1.0,1.0
2022484408,2016-04-26,3,1.0,1.0
2022484408,2016-04-26,4,1.0,1.0
2022484408,2016-04-26,5,1.0,1.0
2022484408,2016-04-26,6,1.0,1.0
2022484408,2016-04-26,7,2.17,5.2
2022484408,2016-04-26,8,1.21,2.8
2022484408,2016-04-26,9,2.47,5.8
2022484408,2016-04-26,10,7.2,10.9
2022484408,2016-04-26,11,3.9,9.2
2022484408,2016-04-26,12,2.9,5.6
2022484408,2016-04-26,13,1.2,3.2
2022484408,2016-04-26,14,2.48,5.8
2022484408,2016-04-26,15,2.79,5.4
2022484408,2016-04-26,16,2.01,5.8
2022484408,2016-04-26,17,1.86,5.2
2022484408,2016-04-26,18,1.77,3.8
2022484408,2016-04-26,19,1.74,4.4
2022484408,2016-04-26,20,1.16,3.0
2022484408,2016-04-26,21,1.0,1.0
2022484408,2016-04-26,22,1.0,1.0
2022484408,2016-04-26,23,1.0,1.0
2022484408,2016-04-27,0,1.0,1.0
2022484408,2016-04-27,1,1.0,1.0
2022484408,2016-04-27,2,1.0,1.0
2022484408,2016-04-27,3,1.0,1.0
2022484408,2016-04-27,4,1.0,1.0
2022484408,2016-04-27,5,1.0,1.0
2022484408,2016-04-27,6,1.0,1.0
2022484408,2016-04-27,7,1.0,1.0
2022484408,2016-04-27,8,1.0,1.0
2022484408,2016-04-27,9,3.62,8.2
2022484408,2016-04-27,10,3.02,5.2
2022484408,2016-04-27,11,1.39,3.2
2022484408,2016-04-27,12,2.27,5.4
2022484408,2016-04-27,13,2.68,6.2
2022484408,2016-04-27,14,2.77,4.8
2022484408,2016-04-27,15,1.48,4.6
2022484408,2016-04-27,16,1.94,4.8
2022484408,2016-04-27,17,1.77,5.6
2022484408,2016-04-27,18,4.0,6.4
2022484408,2016-04-27,19,1.62,6.8
2022484408,2016-04-27,20,1.0,1.1
2022484408,2016-04-27,21,1.0,1.0
2022484408,2016-04-27,22,1.0,1.0
2022484408,2016-04-27,23,1.0,1.0
2022484408,2016-04-28,0,1.0,1.0
2022484408,2016-04-28,1,1.0,1.0
2022484408,2016-04-28,2,1.0,1.0
2022484408,2016-04-28,3,1.0,1.0
2022484408,2016-04-28,4,1.0,1.0
2022484408,2016-04-28,5,1.0,1.0
2022484408,2016-04-28,6,1.0,1.0
2022484408,2016-04-28,7,1.47,4.0
2022484408,2016-04-28,8,2.51,4.6
2022484408,2016-04-28,9,2.05,4.6
2022484408,2016-04-28,10,2.64,5.8
2022484408,2016-04-28,11,2.12,4.4
2022484408,2016-04-28,12,3.49,6.2
2022484408,2016-04-28,13,1.27,4.0
2022484408,2016-04-28,14,2.45,5.8
2022484408,2016-04-28,15,1.21,3.6
2022484408,2016-04-28,16,1.8,5.0
2022484408,2016-04-28,17,1.81,4.8
2022484408,2016-04-28,18,1.41,3.0
2022484408,2016-04-28,19,1.22,2.8
2022484408,2016-04-28,20,1.42,3.0
2022484408,2016-04-28,21,1.0,1.0
2022484408,2016-04-28,22,1.0,1.0
2022484408,2016-04-28,23,1.0,1.0
2022484408,2016-04-29,0,1.0,1.0
2022484408,2016-04-29,1,1.0,1.0
2022484408,2016-04-29,2,1.0,1.0
2022484408,2016-04-29,3,1.0,1.0
2022484408,2016-04-29,4,1.0,1.0
2022484408,2016-04-29,5,1.0,1.0
2022484408,2016-04-29,6,1.0,1.0
2022484408,2016-04-29,7,1.0,1.0
2022484408,2016-04-29,8,1.81,5.2
2022484408,2016-04-29,9,5.11,7.8
2022484408,2016-04-29,10,2.84,5.8
2022484408,2016-04-29,11,2.74,5.6
2022484408,2016-04-29,12,2.02,6.2
2022484408,2016-04-29,13,2.91,6.0
2022484408,2016-04-29,14,3.7,7.0
2022484408,2016-04-29,15,1.55,4.8
2022484408,2016-04-29,16,2.07,5.8
2022484408,2016-04-29,17,1.74,4.0
2022484408,2016-04-29,18,1.63,4.2
2022484408,2016-04-29,19,1.82,5.8
2022484408,2016-04-29,20,1.0,1.0
2022484408,2016-04-29,21,1.0,1.0
2022484408,2016-04-29,22,1.0,1.0
2022484408,2016-04-29,23,1.0,1.0
2022484408,2016-04-30,0,1.0,1.0
2022484408,2016-04-30,1,1.0,1.0
2022484408,2016-04-30,2,1.0,1.0
2022484408,2016-04-30,3,1.0,1.0
2022484408,2016-04-30,4,1.0,1.0
2022484408,2016-04-30,5,1.0,1.0
2022484408,2016-04-30,6,1.5,4.2
2022484408,2016-04-30,7,1.56,4.0
2022484408,2016-04-30,8,1.17,2.8
2022484408,2016-04-30,9,1.36,3.0
2022484408,2016-04-30,10,3.16,5.8
2022484408,2016-04-30,11,2.22,6.0
2022484408,2016-04-30,12,2.52,6.2
2022484408,2016-04-30,13,3.48,6.0
2022484408,2016-04-30,14,2.88,6.0
2022484408,2016-04-30,15,3.56,6.2
2022484408,2016-04-30,16,4.04,6.8
2022484408,2016-04-30,17,2.47,5.8
2022484408,2016-04-30,18,2.06,6.4
2022484408,2016-04-30,19,1.77,5.8
2022484408,2016-04-30,20,1.13,3.6
2022484408,2016-04-30,21,1.0,1.1
2022484408,2016-04-30,22,1.0,1.0
2022484408,2016-04-30,23,1.0,1.0
2022484408,2016-05-01,0,1.0,1.0
2022484408,2016-05-01,1,1.0,1.0
2022484408,2016-05-01,2,1.0,1.0
2022484408,2016-05-01,3,1.0,1.0
2022484408,2016-05-01,4,1.0,1.0
2022484408,2016-05-01,5,1.0,1.0
2022484408,2016-05-01,6,1.83,6.0
2022484408,2016-05-01,7,1.56,4.2
2022484408,2016-05-01,8,1.13,2.8
2022484408,2016-05-01,9,1.4,4.8
2022484408,2016-05-01,10,4.7,7.2
2022484408,2016-05-01,11,1.76,6.6
2022484408,2016-05-01,12,1.27,3.2
2022484408,2016-05-01,13,1.1,3.4
2022484408,2016-05-01,14,1.47,3.8
2022484408,2016-05-01,15,2.28,5.6
2022484408,2016-05-01,16,1.91,4.2
2022484408,2016-05-01,17,2.53,4.6
2022484408,2016-05-01,18,2.34,4.2
2022484408,2016-05-01,19,2.96,5.8
2022484408,2016-05-01,20,1.0,1.0
2022484408,2016-05-01,21,1.0,1.0
2022484408,2016-05-01,22,1.0,1.0
2022484408,2016-05-01,23,1.0,1.0
2022484408,2016-05-02,0,1.0,1.0
2022484408,2016-05-02,1,1.0,1.0
2022484408,2016-05-02,2,1.0,1.0
2022484408,2016-05-02,3,1.0,1.0
2022484408,2016-05-02,4,1.0,1.0
2022484408,2016-05-02,5,1.0,1.0
2022484408,2016-05-02,6,1.0,1.0
2022484408,2016-05-02,7,1.82,5.4
2022484408,2016-05-02,8,1.67,4.0
2022484408,2016-05-02,9,2.94,6.6
2022484408,2016-05-02,10,2.66,6.0
2022484408,2016-05-02,11,1.25,3.4
2022484408,2016-05-02,12,2.34,4.6
2022484408,2016-05-02,13,2.3,8.6
2022484408,2016-05-02,14,5.0,7.2
2022484408,2016-05-02,15,1.48,3.8
2022484408,2016-05-02,16,2.2,4.6
2022484408,2016-05-02,17,1.74,4.5
2022484408,2016-05-02,18,1.82,4.5
2022484408,2016-05-02,19,1.51,6.4
2022484408,2016-05-02,20,1.0,1.0
2022484408,2016-05-02,21,1.0,1.0
2022484408,2016-05-02,22,1.0,1.0
2022484408,2016-05-02,23,1.0,1.0
2022484408,2016-05-03,0,1.0,1.0
2022484408,2016-05-03,1,1.0,1.0
2022484408,2016-05-03,2,1.0,1.0
2022484408,2016-05-03,3,1.0,1.0
2022484408,2016-05-03,4,1.0,1.0
2022484408,2016-05-03,5,1.0,1.0
2022484408,2016-05-03,6,1.0,1.0
2022484408,2016-05-03,7,1.46,5.2
2022484408,2016-05-03,8,2.07,5.4
2022484408,2016-05-03,9,1.62,4.0
2022484408,2016-05-03,10,6.23,9.7
2022484408,2016-05-03,11,2.16,7.0
2022484408,2016-05-03,12,1.62,5.2
2022484408,2016-05-03,13,1.7,5.2
2022484408,2016-05-03,14,3.64,8.2
2022484408,2016-05-03,15,2.03,6.4
2022484408,2016-05-03,16,4.74,8.8
2022484408,2016-05-03,17,2.03,4.4
2022484408,2016-05-03,18,1.38,3.0
2022484408,2016-05-03,19,1.54,4.2
2022484408,2016-05-03,20,1.84,4.4
2022484408,2016-05-03,21,1.16,3.2
2022484408,2016-05-03,22,1.0,1.0
2022484408,2016-05-03,23,1.0,1.0
2022484408,2016-05-04,0,1.0,1.0
2022484408,2016-05-04,1,1.0,1.0
2022484408,2016-05-04,2,1.0,1.0
2022484408,2016-05-04,3,1.0,1.0
2022484408,2016-05-04,4,1.0,1.0
2022484408,2016-05-04,5,1.0,1.0
2022484408,2016-05-04,6,1.19,3.4
2022484408,2016-05-04,7,2.17,4.8
2022484408,2016-05-04,8,1.66,4.0
2022484408,2016-05-04,9,3.71,10.6
2022484408,2016-05-04,10,3.74,6.8
2022484408,2016-05-04,11,2.15,5.2
2022484408,2016-05-04,12,1.93,6.4
2022484408,2016-05-04,13,1.95,5.6
2022484408,2016-05-04,14,5.0,9.4
2022484408,2016-05-04,15,1.43,4.0
2022484408,2016-05-04,16,2.17,5.6
2022484408,2016-05-04,17,1.39,3.8
2022484408,2016-05-04,18,1.84,4.4
2022484408,2016-05-04,19,1.94,5.5
2022484408,2016-05-04,20,1.27,3.6
2022484408,2016-05-04,21,1.0,1.0
2022484408,2016-05-04,22,1.0,1.0
2022484408,2016-05-04,23,1.0,1.0
2022484408,2016-05-05,0,1.0,1.0
2022484408,2016-05-05,1,1.0,1.0
2022484408,2016-05-05,2,1.0,1.0
2022484408,2016-05-05,3,1.0,1.0
2022484408,2016-05-05,4,1.0,1.0
2022484408,2016-05-05,5,1.0,1.0
2022484408,2016-05-05,6,1.0,1.0
2022484408,2016-05-05,7,1.0,1.0
2022484408,2016-05-05,8,1.62,5.2
2022484408,2016-05-05,9,3.48,7.8
2022484408,2016-05-05,10,5.23,10.2
2022484408,2016-05-05,11,2.14,5.2
2022484408,2016-05-05,12,1.51,4.0
2022484408,2016-05-05,13,1.31,3.4
2022484408,2016-05-05,14,3.12,6.2
2022484408,2016-05-05,15,3.44,6.6
2022484408,2016-05-05,16,2.41,5.6
2022484408,2016-05-05,17,1.77,4.2
2022484408,2016-05-05,18,1.71,4.0
2022484408,2016-05-05,19,1.48,4.0
2022484408,2016-05-05,20,1.69,3.8
2022484408,2016-05-05,21,1.0,1.0
2022484408,2016-05-05,22,1.0,1.0
2022484408,2016-05-05,23,1.0,1.0
2022484408,2016-05-06,0,1.0,1.0
2022484408,2016-05-06,1,1.0,1.0
2022484408,2016-05-06,2,1.0,1.0
2022484408,2016-05-06,3,1.0,1.0
2022484408,2016-05-06,4,1.0,1.0
2022484408,2016-05-06,5,1.0,1.0
2022484408,2016-05-06,6,1.0,1.0
2022484408,2016-05-06,7,1.0,1.0
2022484408,2016-05-06,8,1.0,1.0
2022484408,2016-05-06,9,2.47,5.6
2022484408,2016-05-06,10,2.9,5.2
2022484408,2016-05-06,11,2.89,5.4
2022484408,2016-05-06,12,1.52,4.0
2022484408,2016-05-06,13,1.97,5.8
2022484408,2016-05-06,14,4.65,6.6
2022484408,2016-05-06,15,1.92,4.2
2022484408,2016-05-06,16,1.78,4.4
2022484408,2016-05-06,17,1.61,4.0
2022484408,2016-05-06,18,1.77,3.4
2022484408,2016-05-06,19,1.68,3.0
2022484408,2016-05-06,20,1.44,3.8
2022484408,2016-05-06,21,2.54,5.4
2022484408,2016-05-06,22,1.0,1.0
2022484408,2016-05-06,23,1.0,1.0
2022484408,2016-05-07,0,1.0,1.0
2022484408,2016-05-07,1,1.0,1.0
2022484408,2016-05-07,2,1.0,1.0
2022484408,2016-05-07,3,1.0,1.0
2022484408,2016-05-07,4,1.0,1.0
2022484408,2016-05-07,5,1.0,1.0
2022484408,2016-05-07,6,1.0,1.0
2022484408,2016-05-07,7,1.0,1.0
2022484408,2016-05-07,8,1.03,2.6
2022484408,2016-05-07,9,2.25,7.2
2022484408,2016-05-07,10,3.52,7.8
2022484408,2016-05-07,11,2.26,5.6
2022484408,2016-05-07,12,1.71,3.8
2022484408,2016-05-07,13,1.78,5.2
2022484408,2016-05-07,14,1.0,1.0
2022484408,2016-05-07,15,1.0,1.0
2022484408,2016-05-07,16,1.0,1.0
2022484408,2016-05-07,17,1.0,1.0
2022484408,2016-05-07,18,1.0,1.0
2022484408,2016-05-07,19,1.96,6.2
2022484408,2016-05-07,20,1.54,3.8
2022484408,2016-05-07,21,1.0,1.0
2022484408,2016-05-07,22,1.0,1.0
2022484408,2016-05-07,23,1.0,1.0
2022484408,2016-05-08,0,1.0,1.0
2022484408,2016-05-08,1,1.0,1.0
2022484408,2016-05-08,2,1.0,1.0
2022484408,2016-05-08,3,1.0,1.0
2022484408,2016-05-08,4,1.0,1.0
2022484408,2016-05-08,5,1.0,1.0
2022484408,2016-05-08,6,1.0,1.0
2022484408,2016-05-08,7,1.0,1.0
2022484408,2016-05-08,8,1.46,5.4
2022484408,2016-05-08,9,1.42,5.4
2022484408,2016-05-08,10,2.08,4.2
2022484408,2016-05-08,11,2.41,6.2
2022484408,2016-05-08,12,2.09,5.0
2022484408,2016-05-08,13,1.67,4.0
2022484408,2016-05-08,14,1.54,5.4
2022484408,2016-05-08,15,1.0,1.0
2022484408,2016-05-08,16,1.0,1.0
2022484408,2016-05-08,17,1.0,1.0
2022484408,2016-05-08,18,1.0,1.0
2022484408,2016-05-08,19,1.0,1.0
2022484408,2016-05-08,20,1.0,1.0
2022484408,2016-05-08,21,1.0,1.0
2022484408,2016-05-08,22,1.0,1.0
2022484408,2016-05-08,23,1.0,1.0
2022484408,2016-05-09,0,1.0,1.0
2022484408,2016-05-09,1,1.0,1.0
2022484408,2016-05-09,2,1.0,1.0
2022484408,2016-05-09,3,1.0,1.0
2022484408,2016-05-09,4,1.0,1.0
2022484408,2016-05-09,5,1.0,1.0
2022484408,2016-05-09,6,1.52,3.4
2022484408,2016-05-09,7,2.14,3.6
2022484408,2016-05-09,8,2.25,6.4
2022484408,2016-05-09,9,3.25,7.3
2022484408,2016-05-09,10,4.63,7.0
2022484408,2016-05-09,11,1.33,3.6
2022484408,2016-05-09,12,1.76,4.8
2022484408,2016-05-09,13,1.31,5.2
2022484408,2016-05-09,14,4.73,7.4
2022484408,2016-05-09,15,3.05,7.4
2022484408,2016-05-09,16,2.04,5.4
2022484408,2016-05-09,17,1.73,5.8
2022484408,2016-05-09,18,1.88,3.4
2022484408,2016-05-09,19,1.65,4.0
2022484408,2016-05-09,20,1.25,4.8
2022484408,2016-05-09,21,1.0,1.0
2022484408,2016-05-09,22,1.0,1.0
2022484408,2016-05-09,23,1.0,1.0
2022484408,2016-05-10,0,1.0,1.0
2022484408,2016-05-10,1,1.0,1.0
2022484408,2016-05-10,2,1.0,1.0
2022484408,2016-05-10,3,1.0,1.0
2022484408,2016-05-10,4,1.0,1.0
2022484408,2016-05-10,5,1.0,1.0
2022484408,2016-05-10,6,1.0,1.0
2022484408,2016-05-10,7,1.0,1.0
2022484408,2016-05-10,8,1.31,6.4
2022484408,2016-05-10,9,1.79,5.2
2022484408,2016-05-10,10,5.8,11.2
2022484408,2016-05-10,11,4.41,10.8
2022484408,2016-05-10,12,1.87,4.2
2022484408,2016-05-10,13,2.82,4.8
2022484408,2016-05-10,14,4.39,7.2
2022484408,2016-05-10,15,2.09,5.0
2022484408,2016-05-10,16,1.64,5.4
2022484408,2016-05-10,17,2.82,6.2
2022484408,2016-05-10,18,1.85,3.6
2022484408,2016-05-10,19,2.11,4.8
2022484408,2016-05-10,20,1.02,1.3
2022484408,2016-05-10,21,1.0,1.0
2022484408,2016-05-10,22,1.0,1.0
2022484408,2016-05-10,23,1.0,1.0
2022484408,2016-05-11,0,1.0,1.0
2022484408,2016-05-11,1,1.0,1.0
2022484408,2016-05-11,2,1.0,1.0
2022484408,2016-05-11,3,1.0,1.0
2022484408,2016-05-11,4,1.0,1.0
2022484408,2016-05-11,5,1.0,1.0
2022484408,2016-05-11,6,1.0,1.0
2022484408,2016-05-11,7,1.0,1.0
2022484408,2016-05-11,8,1.0,1.0
2022484408,2016-05-11,9,1.08,3.0
2022484408,2016-05-11,10,1.6,3.6
2022484408,2016-05-11,11,5.9,9.0
2022484408,2016-05-11,12,1.97,5.0
2022484408,2016-05-11,13,1.34,3.4
2022484408,2016-05-11,14,4.4,6.8
2022484408,2016-05-11,15,2.26,4.6
2022484408,2016-05-11,16,2.58,5.6
2022484408,2016-05-11,17,2.97,6.0
2022484408,2016-05-11,18,1.99,5.6
2022484408,2016-05-11,19,1.78,4.2
2022484408,2016-05-11,20,1.0,1.1
2022484408,2016-05-11,21,1.0,1.0
2022484408,2016-05-11,22,1.0,1.0
2022484408,2016-05-11,23,1.0,1.0
2022484408,2016-05-12,0,1.0,1.0
2022484408,2016-05-12,1,1.0,1.0
2022484408,2016-05-12,2,1.0,1.0
2022484408,2016-05-12,3,1.0,1.0
2022484408,2016-05-12,4,1.0,1.0
2022484408,2016-05-12,5,1.0,1.0
2022484408,2016-05-12,6,1.0,1.0
2022484408,2016-05-12,7,1.82,4.0
2022484408,2016-05-12,8,1.63,4.8
2022484408,2016-05-12,9,2.91,9.7
2022484408,2016-05-12,10,3.95,7.8
2022484408,2016-05-12,11,1.68,3.6
2022484408,2016-05-12,12,1.78,5.4
2022484408,2016-05-12,13,2.44,5.0
2022484408,2016-05-12,14,2.86,6.2
2026352035,2016-04-12,0,1.04,3.2
2026352035,2016-04-12,1,1.0,1.1
2026352035,2016-04-12,2,1.0,1.1
2026352035,2016-04-12,3,1.0,1.0
2026352035,2016-04-12,4,1.01,1.1
2026352035,2016-04-12,5,1.01,1.1
2026352035,2016-04-12,6,1.68,3.6
2026352035,2016-04-12,7,1.48,3.6
2026352035,2016-04-12,8,1.3,4.2
2026352035,2016-04-12,9,1.47,3.6
2026352035,2016-04-12,10,1.28,2.8
2026352035,2016-04-12,11,2.42,7.0
2026352035,2016-04-12,12,2.03,6.8
2026352035,2016-04-12,13,1.17,3.0
2026352035,2016-04-12,14,1.11,2.8
2026352035,2016-04-12,15,1.44,3.6
2026352035,2016-04-12,16,1.12,2.6
2026352035,2016-04-12,17,1.48,4.0
2026352035,2016-04-12,18,1.53,3.6
2026352035,2016-04-12,19,1.29,3.4
2026352035,2016-04-12,20,1.45,3.4
2026352035,2016-04-12,21,1.01,1.1
2026352035,2016-04-12,22,1.01,1.1
2026352035,2016-04-12,23,1.03,2.4
2026352035,2016-04-13,0,1.0,1.1
2026352035,2016-04-13,1,1.03,2.6
2026352035,2016-04-13,2,1.0,1.1
2026352035,2016-04-13,3,1.02,2.4
2026352035,2016-04-13,4,1.0,1.1
2026352035,2016-04-13,5,1.03,2.6
2026352035,2016-04-13,6,1.58,4.2
2026352035,2016-04-13,7,1.62,4.4
2026352035,2016-04-13,8,1.42,3.2
2026352035,2016-04-13,9,1.55,4.2
2026352035,2016-04-13,10,1.15,2.6
2026352035,2016-04-13,11,1.39,3.6
2026352035,2016-04-13,12,1.38,3.8
2026352035,2016-04-13,13,1.27,3.2
2026352035,2016-04-13,14,1.33,3.4
2026352035,2016-04-13,15,2.11,6.4
2026352035,2016-04-13,16,1.79,6.4
2026352035,2016-04-13,17,1.72,7.6
2026352035,2016-04-13,18,1.23,2.8
2026352035,2016-04-13,19,1.7,6.4
2026352035,2016-04-13,20,1.93,3.6
2026352035,2016-04-13,21,1.38,3.6
2026352035,2016-04-13,22,1.08,2.6
2026352035,2016-04-13,23,1.0,1.1
2026352035,2016-04-14,0,1.0,1.1
2026352035,2016-04-14,1,1.0,1.1
2026352035,2016-04-14,2,1.0,1.1
2026352035,2016-04-14,3,1.0,1.1
2026352035,2016-04-14,4,1.0,1.0
2026352035,2016-04-14,5,1.0,1.1
2026352035,2016-04-14,6,1.35,3.8
2026352035,2016-04-14,7,2.11,5.0
2026352035,2016-04-14,8,1.69,3.2
2026352035,2016-04-14,9,1.18,2.8
2026352035,2016-04-14,10,1.19,2.6
2026352035,2016-04-14,11,1.29,3.6
2026352035,2016-04-14,12,1.31,3.2
2026352035,2016-04-14,13,1.3,2.6
2026352035,2016-04-14,14,1.44,4.0
2026352035,2016-04-14,15,1.27,2.8
2026352035,2016-04-14,16,1.28,3.2
2026352035,2016-04-14,17,1.7,3.8
2026352035,2016-04-14,18,1.62,3.2
2026352035,2016-04-14,19,1.45,3.6
2026352035,2016-04-14,20,1.44,3.8
2026352035,2016-04-14,21,1.03,2.4
2026352035,2016-04-14,22,1.09,2.6
2026352035,2016-04-14,23,1.01,1.1
2026352035,2016-04-15,0,1.03,2.4
2026352035,2016-04-15,1,1.0,1.1
2026352035,2016-04-15,2,1.01,1.1
2026352035,2016-04-15,3,1.1,3.0
2026352035,2016-04-15,4,1.03,2.6
2026352035,2016-04-15,5,1.01,1.1
2026352035,2016-04-15,6,1.77,5.8
2026352035,2016-04-15,7,1.45,4.2
2026352035,2016-04-15,8,1.39,3.6
2026352035,2016-04-15,9,1.27,3.0
2026352035,2016-04-15,10,1.46,5.8
2026352035,2016-04-15,11,1.16,2.8
2026352035,2016-04-15,12,1.31,3.4
2026352035,2016-04-15,13,1.2,3.0
2026352035,2016-04-15,14,1.44,5.6
2026352035,2016-04-15,15,1.92,6.8
2026352035,2016-04-15,16,1.33,3.4
2026352035,2016-04-15,17,1.54,3.8
2026352035,2016-04-15,18,1.64,4.0
2026352035,2016-04-15,19,1.36,3.2
2026352035,2016-04-15,20,1.48,3.6
2026352035,2016-04-15,21,1.08,3.0
2026352035,2016-04-15,22,1.06,2.4
2026352035,2016-04-15,23,1.03,2.4
2026352035,2016-04-16,0,1.0,1.1
2026352035,2016-04-16,1,1.06,2.6
2026352035,2016-04-16,2,1.03,2.6
2026352035,2016-04-16,3,1.0,1.1
2026352035,2016-04-16,4,1.03,3.0
2026352035,2016-04-16,5,1.01,1.1
2026352035,2016-04-16,6,1.65,5.8
2026352035,2016-04-16,7,1.31,3.0
2026352035,2016-04-16,8,1.46,3.4
2026352035,2016-04-16,9,1.4,4.2
2026352035,2016-04-16,10,1.24,2.8
2026352035,2016-04-16,11,1.18,3.0
2026352035,2016-04-16,12,1.22,4.0
2026352035,2016-04-16,13,1.21,2.8
2026352035,2016-04-16,14,1.47,3.8
2026352035,2016-04-16,15,1.11,2.8
2026352035,2016-04-16,16,1.23,3.6
2026352035,2016-04-16,17,1.58,3.6
2026352035,2016-04-16,18,1.33,3.0
2026352035,2016-04-16,19,1.34,3.8
2026352035,2016-04-16,20,1.32,3.4
2026352035,2016-04-16,21,1.14,2.8
2026352035,2016-04-16,22,1.13,2.8
2026352035,2016-04-16,23,1.06,2.6
2026352035,2016-04-17,0,1.0,1.1
2026352035,2016-04-17,1,1.0,1.1
2026352035,2016-04-17,2,1.0,1.1
2026352035,2016-04-17,3,1.0,1.1
2026352035,2016-04-17,4,1.01,1.1
2026352035,2016-04-17,5,1.08,3.0
2026352035,2016-04-17,6,1.49,3.4
2026352035,2016-04-17,7,1.36,2.8
2026352035,2016-04-17,8,1.31,3.2
2026352035,2016-04-17,9,1.32,3.2
2026352035,2016-04-17,10,1.16,3.4
2026352035,2016-04-17,11,1.33,4.0
2026352035,2016-04-17,12,1.06,2.6
2026352035,2016-04-17,13,1.0,1.0
2026352035,2016-04-17,14,1.0,1.0
2026352035,2016-04-17,15,1.0,1.0
2026352035,2016-04-17,16,1.0,1.0
2026352035,2016-04-17,17,1.0,1.0
2026352035,2016-04-17,18,1.0,1.0
2026352035,2016-04-17,19,1.0,1.0
2026352035,2016-04-17,20,1.0,1.0
2026352035,2016-04-17,21,1.0,1.0
2026352035,2016-04-17,22,1.0,1.0
2026352035,2016-04-17,23,1.0,1.0
2026352035,2016-04-18,0,1.0,1.0
2026352035,2016-04-18,1,1.0,1.0
2026352035,2016-04-18,2,1.0,1.0
2026352035,2016-04-18,3,1.0,1.0
2026352035,2016-04-18,4,1.0,1.0
2026352035,2016-04-18,5,1.0,1.0
2026352035,2016-04-18,6,1.6,5.2
2026352035,2016-04-18,7,1.29,3.4
2026352035,2016-04-18,8,1.14,2.8
2026352035,2016-04-18,9,1.2,2.8
2026352035,2016-04-18,10,1.76,5.0
2026352035,2016-04-18,11,1.29,3.2
2026352035,2016-04-18,12,1.12,2.6
2026352035,2016-04-18,13,1.48,4.4
2026352035,2016-04-18,14,1.45,4.0
2026352035,2016-04-18,15,1.4,3.4
2026352035,2016-04-18,16,1.37,3.2
2026352035,2016-04-18,17,1.56,4.0
2026352035,2016-04-18,18,1.62,3.6
2026352035,2016-04-18,19,1.56,4.2
2026352035,2016-04-18,20,1.46,3.6
2026352035,2016-04-18,21,1.06,2.6
2026352035,2016-04-18,22,1.1,2.8
2026352035,2016-04-18,23,1.06,3.0
2026352035,2016-04-19,0,1.0,1.1
2026352035,2016-04-19,1,1.0,1.1
2026352035,2016-04-19,2,1.01,1.1
2026352035,2016-04-19,3,1.01,1.1
2026352035,2016-04-19,4,1.0,1.0
2026352035,2016-04-19,5,1.01,1.1
2026352035,2016-04-19,6,1.46,3.8
2026352035,2016-04-19,7,1.35,3.2
2026352035,2016-04-19,8,1.36,3.6
2026352035,2016-04-19,9,1.26,3.2
2026352035,2016-04-19,10,1.27,3.6
2026352035,2016-04-19,11,1.27,3.6
2026352035,2016-04-19,12,1.31,3.4
2026352035,2016-04-19,13,1.09,2.6
2026352035,2016-04-19,14,1.44,3.6
2026352035,2016-04-19,15,1.1,2.8
2026352035,2016-04-19,16,1.26,3.2
2026352035,2016-04-19,17,1.21,3.2
2026352035,2016-04-19,18,1.81,3.6
2026352035,2016-04-19,19,1.23,4.2
2026352035,2016-04-19,20,1.28,3.4
2026352035,2016-04-19,21,1.3,3.2
2026352035,2016-04-19,22,1.05,2.8
2026352035,2016-04-19,23,1.07,3.2
2026352035,2016-04-20,0,1.1,2.6
2026352035,2016-04-20,1,1.0,1.1
2026352035,2016-04-20,2,1.03,2.4
2026352035,2016-04-20,3,1.0,1.0
2026352035,2016-04-20,4,1.0,1.1
2026352035,2016-04-20,5,1.32,5.2
2026352035,2016-04-20,6,1.51,4.0
2026352035,2016-04-20,7,1.34,3.0
2026352035,2016-04-20,8,1.47,3.6
2026352035,2016-04-20,9,1.43,3.6
2026352035,2016-04-20,10,1.53,4.2
2026352035,2016-04-20,11,2.12,5.4
2026352035,2016-04-20,12,1.52,3.8
2026352035,2016-04-20,13,2.35,7.0
2026352035,2016-04-20,14,2.16,3.4
2026352035,2016-04-20,15,1.88,6.2
2026352035,2016-04-20,16,1.93,6.6
2026352035,2016-04-20,17,1.51,3.8
2026352035,2016-04-20,18,2.29,7.0
2026352035,2016-04-20,19,1.51,3.8
2026352035,2016-04-20,20,1.36,3.4
2026352035,2016-04-20,21,1.37,5.0
2026352035,2016-04-20,22,1.05,2.8
2026352035,2016-04-20,23,1.07,2.6
2026352035,2016-04-21,0,1.01,1.1
2026352035,2016-04-21,1,1.03,2.6
2026352035,2016-04-21,2,1.01,1.1
2026352035,2016-04-21,3,1.0,1.1
2026352035,2016-04-21,4,1.0,1.1
2026352035,2016-04-21,5,1.0,1.1
2026352035,2016-04-21,6,1.62,4.0
2026352035,2016-04-21,7,1.38,2.8
2026352035,2016-04-21,8,1.1,2.6
2026352035,2016-04-21,9,1.32,5.2
2026352035,2016-04-21,10,1.08,2.4
2026352035,2016-04-21,11,1.28,3.2
2026352035,2016-04-21,12,1.31,3.4
2026352035,2016-04-21,13,1.18,3.2
2026352035,2016-04-21,14,1.31,3.2
2026352035,2016-04-21,15,1.32,3.4
2026352035,2016-04-21,16,1.24,4.2
2026352035,2016-04-21,17,1.84,4.0
2026352035,2016-04-21,18,1.44,3.0
2026352035,2016-04-21,19,1.27,3.2
2026352035,2016-04-21,20,1.59,4.2
2026352035,2016-04-21,21,1.03,2.8
2026352035,2016-04-21,22,1.04,2.6
2026352035,2016-04-21,23,1.06,2.6
2026352035,2016-04-22,0,1.0,1.1
2026352035,2016-04-22,1,1.0,1.0
2026352035,2016-04-22,2,1.0,1.1
2026352035,2016-04-22,3,1.01,1.1
2026352035,2016-04-22,4,1.0,1.1
2026352035,2016-04-22,5,1.0,1.1
2026352035,2016-04-22,6,1.59,4.4
2026352035,2016-04-22,7,1.15,2.6
2026352035,2016-04-22,8,1.32,3.2
2026352035,2016-04-22,9,1.25,3.2
2026352035,2016-04-22,10,1.51,3.8
2026352035,2016-04-22,11,1.63,4.0
2026352035,2016-04-22,12,1.28,3.6
2026352035,2016-04-22,13,1.25,2.8
2026352035,2016-04-22,14,1.13,2.4
2026352035,2016-04-22,15,2.06,7.6
2026352035,2016-04-22,16,1.36,2.8
2026352035,2016-04-22,17,1.4,3.6
2026352035,2016-04-22,18,1.36,3.8
2026352035,2016-04-22,19,1.26,3.0
2026352035,2016-04-22,20,1.4,3.6
2026352035,2016-04-22,21,1.0,1.1
2026352035,2016-04-22,22,1.04,2.8
2026352035,2016-04-22,23,1.09,2.6
2026352035,2016-04-23,0,1.02,2.4
2026352035,2016-04-23,1,1.0,1.0
2026352035,2016-04-23,2,1.0,1.1
2026352035,2016-04-23,3,1.0,1.0
2026352035,2016-04-23,4,1.01,1.1
2026352035,2016-04-23,5,1.0,1.1
2026352035,2016-04-23,6,1.84,4.0
2026352035,2016-04-23,7,1.43,3.2
2026352035,2016-04-23,8,2.37,7.4
2026352035,2016-04-23,9,1.98,3.8
2026352035,2016-04-23,10,2.54,6.0
2026352035,2016-04-23,11,3.52,7.7
2026352035,2016-04-23,12,2.6,8.1
2026352035,2016-04-23,13,2.14,5.2
2026352035,2016-04-23,14,3.08,7.0
2026352035,2016-04-23,15,2.33,7.0
2026352035,2016-04-23,16,1.5,4.2
2026352035,2016-04-23,17,2.13,6.6
2026352035,2016-04-23,18,1.73,3.4
2026352035,2016-04-23,19,1.46,3.8
2026352035,2016-04-23,20,1.44,3.4
2026352035,2016-04-23,21,1.01,1.1
2026352035,2016-04-23,22,1.04,2.6
2026352035,2016-04-23,23,1.02,3.0
2026352035,2016-04-24,0,1.0,1.1
2026352035,2016-04-24,1,1.0,1.1
2026352035,2016-04-24,2,1.0,1.1
2026352035,2016-04-24,3,1.0,1.1
2026352035,2016-04-24,4,1.0,1.0
2026352035,2016-04-24,5,1.0,1.1
2026352035,2016-04-24,6,1.5,5.0
2026352035,2016-04-24,7,1.46,3.2
2026352035,2016-04-24,8,1.32,3.2
2026352035,2016-04-24,9,1.68,4.2
2026352035,2016-04-24,10,1.22,3.0
2026352035,2016-04-24,11,1.39,3.8
2026352035,2016-04-24,12,1.1,2.4
2026352035,2016-04-24,13,1.26,4.0
2026352035,2016-04-24,14,1.36,3.8
2026352035,2016-04-24,15,1.33,4.0
2026352035,2016-04-24,16,1.32,3.8
2026352035,2016-04-24,17,1.61,4.2
2026352035,2016-04-24,18,1.48,4.4
2026352035,2016-04-24,19,1.32,4.0
2026352035,2016-04-24,20,1.51,3.8
2026352035,2016-04-24,21,1.2,3.4
2026352035,2016-04-24,22,1.03,2.6
2026352035,2016-04-24,23,1.03,2.8
2026352035,2016-04-25,0,1.0,1.1
2026352035,2016-04-25,1,1.0,1.1
2026352035,2016-04-25,2,1.0,1.1
2026352035,2016-04-25,3,1.0,1.1
2026352035,2016-04-25,4,1.01,1.1
2026352035,2016-04-25,5,1.0,1.1
2026352035,2016-04-25,6,1.86,4.2
2026352035,2016-04-25,7,1.9,6.0
2026352035,2016-04-25,8,2.0,5.0
2026352035,2016-04-25,9,2.42,6.0
2026352035,2016-04-25,10,1.58,3.2
2026352035,2016-04-25,11,1.69,6.0
2026352035,2016-04-25,12,1.79,6.2
2026352035,2016-04-25,13,1.58,4.0
2026352035,2016-04-25,14,2.3,6.6
2026352035,2016-04-25,15,1.94,6.4
2026352035,2016-04-25,16,1.82,5.0
2026352035,2016-04-25,17,1.0,1.0
2026352035,2016-04-25,18,1.0,1.0
2026352035,2016-04-25,19,1.0,1.0
2026352035,2016-04-25,20,1.0,1.0
2026352035,2016-04-25,21,1.0,1.0
2026352035,2016-04-25,22,1.0,1.0
2026352035,2016-04-25,23,1.0,1.0
2026352035,2016-04-26,0,1.0,1.0
2026352035,2016-04-26,1,1.0,1.0
2026352035,2016-04-26,2,1.0,1.0
2026352035,2016-04-26,3,1.0,1.0
2026352035,2016-04-26,4,1.0,1.0
2026352035,2016-04-26,5,1.0,1.0
2026352035,2016-04-26,6,1.1,3.0
2026352035,2016-04-26,7,1.47,3.4
2026352035,2016-04-26,8,1.46,3.4
2026352035,2016-04-26,9,1.35,3.4
2026352035,2016-04-26,10,1.55,4.4
2026352035,2016-04-26,11,1.4,3.6
2026352035,2016-04-26,12,1.78,7.2
2026352035,2016-04-26,13,2.49,7.2
2026352035,2016-04-26,14,2.01,5.4
2026352035,2016-04-26,15,1.78,3.6
2026352035,2016-04-26,16,1.63,3.6
2026352035,2016-04-26,17,1.55,3.6
2026352035,2016-04-26,18,1.52,4.2
2026352035,2016-04-26,19,1.82,7.6
2026352035,2016-04-26,20,1.83,3.8
2026352035,2016-04-26,21,1.48,3.4
2026352035,2016-04-26,22,1.04,3.0
2026352035,2016-04-26,23,1.05,2.4
2026352035,2016-04-27,0,1.03,2.4
2026352035,2016-04-27,1,1.06,4.0
2026352035,2016-04-27,2,1.0,1.1
2026352035,2016-04-27,3,1.03,2.4
2026352035,2016-04-27,4,1.01,1.1
2026352035,2016-04-27,5,1.0,1.1
2026352035,2016-04-27,6,1.23,4.0
2026352035,2016-04-27,7,1.44,3.6
2026352035,2016-04-27,8,1.18,3.6
2026352035,2016-04-27,9,1.16,3.6
2026352035,2016-04-27,10,1.22,4.2
2026352035,2016-04-27,11,1.28,4.2
2026352035,2016-04-27,12,1.24,4.2
2026352035,2016-04-27,13,2.2,7.0
2026352035,2016-04-27,14,1.96,5.2
2026352035,2016-04-27,15,1.83,4.0
2026352035,2016-04-27,16,2.13,4.0
2026352035,2016-04-27,17,2.33,4.0
2026352035,2016-04-27,18,1.75,3.8
2026352035,2016-04-27,19,2.02,5.4
2026352035,2016-04-27,20,1.64,3.8
2026352035,2016-04-27,21,1.38,3.4
2026352035,2016-04-27,22,1.1,2.6
2026352035,2016-04-27,23,1.06,2.6
2026352035,2016-04-28,0,1.03,2.6
2026352035,2016-04-28,1,1.0,1.1
2026352035,2016-04-28,2,1.0,1.1
2026352035,2016-04-28,3,1.03,2.4
2026352035,2016-04-28,4,1.0,1.1
2026352035,2016-04-28,5,1.01,1.1
2026352035,2016-04-28,6,1.54,4.2
2026352035,2016-04-28,7,1.42,3.4
2026352035,2016-04-28,8,1.19,2.8
2026352035,2016-04-28,9,1.22,2.8
2026352035,2016-04-28,10,1.49,3.0
2026352035,2016-04-28,11,1.46,3.8
2026352035,2016-04-28,12,1.31,2.6
2026352035,2016-04-28,13,1.95,5.6
2026352035,2016-04-28,14,1.58,3.2
2026352035,2016-04-28,15,2.45,5.6
2026352035,2016-04-28,16,2.5,4.0
2026352035,2016-04-28,17,2.15,4.2
2026352035,2016-04-28,18,1.55,2.8
2026352035,2016-04-28,19,1.68,3.8
2026352035,2016-04-28,20,1.72,6.0
2026352035,2016-04-28,21,1.78,4.0
2026352035,2016-04-28,22,1.34,3.6
2026352035,2016-04-28,23,1.07,2.8
2026352035,2016-04-29,0,1.03,2.4
2026352035,2016-04-29,1,1.0,1.1
2026352035,2016-04-29,2,1.0,1.1
2026352035,2016-04-29,3,1.0,1.1
2026352035,2016-04-29,4,1.0,1.1
2026352035,2016-04-29,5,1.03,2.4
2026352035,2016-04-29,6,1.03,2.4
2026352035,2016-04-29,7,2.04,4.0
2026352035,2016-04-29,8,1.63,3.6
2026352035,2016-04-29,9,1.4,3.6
2026352035,2016-04-29,10,1.78,6.6
2026352035,2016-04-29,11,2.04,4.8
2026352035,2016-04-29,12,1.92,3.6
2026352035,2016-04-29,13,2.26,5.2
2026352035,2016-04-29,14,1.97,4.2
2026352035,2016-04-29,15,2.5,5.4
2026352035,2016-04-29,16,1.78,4.4
2026352035,2016-04-29,17,1.7,5.4
2026352035,2016-04-29,18,2.16,5.8
2026352035,2016-04-29,19,1.52,3.4
2026352035,2016-04-29,20,1.44,3.8
2026352035,2016-04-29,21,1.1,3.6
2026352035,2016-04-29,22,1.06,2.6
2026352035,2016-04-29,23,1.01,1.1
2026352035,2016-04-30,0,1.0,1.1
2026352035,2016-04-30,1,1.0,1.1
2026352035,2016-04-30,2,1.0,1.1
2026352035,2016-04-30,3,1.0,1.1
2026352035,2016-04-30,4,1.01,1.1
2026352035,2016-04-30,5,1.01,1.1
2026352035,2016-04-30,6,1.0,1.0
2026352035,2016-04-30,7,2.09,4.2
2026352035,2016-04-30,8,1.56,3.0
2026352035,2016-04-30,9,1.22,2.8
2026352035,2016-04-30,10,1.49,4.4
2026352035,2016-04-30,11,1.18,3.2
2026352035,2016-04-30,12,2.44,7.0
2026352035,2016-04-30,13,2.24,6.4
2026352035,2016-04-30,14,1.67,3.6
2026352035,2016-04-30,15,1.25,3.6
2026352035,2016-04-30,16,1.33,3.6
2026352035,2016-04-30,17,1.44,3.8
2026352035,2016-04-30,18,1.4,3.2
2026352035,2016-04-30,19,1.51,3.2
2026352035,2016-04-30,20,1.41,3.8
2026352035,2016-04-30,21,1.0,1.1
2026352035,2016-04-30,22,1.11,2.6
2026352035,2016-04-30,23,1.0,1.1
2026352035,2016-05-01,0,1.0,1.1
2026352035,2016-05-01,1,1.0,1.1
2026352035,2016-05-01,2,1.0,1.1
2026352035,2016-05-01,3,1.0,1.1
2026352035,2016-05-01,4,1.0,1.1
2026352035,2016-05-01,5,1.0,1.1
2026352035,2016-05-01,6,1.63,4.0
2026352035,2016-05-01,7,1.54,3.2
2026352035,2016-05-01,8,1.45,3.2
2026352035,2016-05-01,9,1.34,3.0
2026352035,2016-05-01,10,2.43,8.1
2026352035,2016-05-01,11,1.36,3.0
2026352035,2016-05-01,12,1.38,3.0
2026352035,2016-05-01,13,1.31,3.4
2026352035,2016-05-01,14,1.46,3.2
2026352035,2016-05-01,15,1.24,3.2
2026352035,2016-05-01,16,1.31,4.0
2026352035,2016-05-01,17,1.33,4.4
2026352035,2016-05-01,18,1.32,3.4
2026352035,2016-05-01,19,1.4,3.2
2026352035,2016-05-01,20,1.32,3.2
2026352035,2016-05-01,21,1.18,4.0
2026352035,2016-05-01,22,1.04,2.4
2026352035,2016-05-01,23,1.06,2.8
2026352035,2016-05-02,0,1.0,1.0
2026352035,2016-05-02,1,1.0,1.1
2026352035,2016-05-02,2,1.01,1.1
2026352035,2016-05-02,3,1.0,1.1
2026352035,2016-05-02,4,1.03,2.4
2026352035,2016-05-02,5,1.01,1.1
2026352035,2016-05-02,6,1.64,4.0
2026352035,2016-05-02,7,1.29,2.8
2026352035,2016-05-02,8,1.24,3.2
2026352035,2016-05-02,9,1.38,3.8
2026352035,2016-05-02,10,1.32,3.2
2026352035,2016-05-02,11,1.57,3.4
2026352035,2016-05-02,12,1.66,4.0
2026352035,2016-05-02,13,2.14,6.2
2026352035,2016-05-02,14,2.02,4.0
2026352035,2016-05-02,15,1.65,3.4
2026352035,2016-05-02,16,2.19,4.4
2026352035,2016-05-02,17,2.23,4.4
2026352035,2016-05-02,18,2.44,4.8
2026352035,2016-05-02,19,1.34,3.0
2026352035,2016-05-02,20,1.97,3.6
2026352035,2016-05-02,21,1.99,6.2
2026352035,2016-05-02,22,1.23,4.0
2026352035,2016-05-02,23,1.0,1.0
2026352035,2016-05-03,0,1.0,1.0
2026352035,2016-05-03,1,1.0,1.0
2026352035,2016-05-03,2,1.0,1.0
2026352035,2016-05-03,3,1.0,1.0
2026352035,2016-05-03,4,1.0,1.0
2026352035,2016-05-03,5,1.0,1.0
2026352035,2016-05-03,6,1.0,1.0
2026352035,2016-05-03,7,1.52,3.4
2026352035,2016-05-03,8,1.53,3.2
2026352035,2016-05-03,9,1.41,3.0
2026352035,2016-05-03,10,1.48,3.0
2026352035,2016-05-03,11,1.61,4.2
2026352035,2016-05-03,12,1.16,3.0
2026352035,2016-05-03,13,1.97,5.0
2026352035,2016-05-03,14,2.11,4.4
2026352035,2016-05-03,15,2.22,4.2
2026352035,2016-05-03,16,1.92,4.0
2026352035,2016-05-03,17,1.66,4.0
2026352035,2016-05-03,18,2.13,5.4
2026352035,2016-05-03,19,1.95,7.0
2026352035,2016-05-03,20,1.48,3.6
2026352035,2016-05-03,21,1.28,3.6
2026352035,2016-05-03,22,1.01,1.1
2026352035,2016-05-03,23,1.04,2.8
2026352035,2016-05-04,0,1.0,1.1
2026352035,2016-05-04,1,1.0,1.1
2026352035,2016-05-04,2,1.0,1.1
2026352035,2016-05-04,3,1.01,1.1
2026352035,2016-05-04,4,1.03,2.4
2026352035,2016-05-04,5,1.03,2.6
2026352035,2016-05-04,6,1.19,3.2
2026352035,2016-05-04,7,1.76,4.8
2026352035,2016-05-04,8,1.36,3.8
2026352035,2016-05-04,9,1.68,4.2
2026352035,2016-05-04,10,1.39,3.0
2026352035,2016-05-04,11,1.52,3.6
2026352035,2016-05-04,12,1.19,2.8
2026352035,2016-05-04,13,1.64,6.2
2026352035,2016-05-04,14,2.2,5.2
2026352035,2016-05-04,15,2.18,4.0
2026352035,2016-05-04,16,2.14,4.2
2026352035,2016-05-04,17,1.97,4.2
2026352035,2016-05-04,18,2.13,3.8
2026352035,2016-05-04,19,1.8,3.6
2026352035,2016-05-04,20,2.15,6.0
2026352035,2016-05-04,21,1.18,3.2
2026352035,2016-05-04,22,1.03,2.6
2026352035,2016-05-04,23,1.08,2.6
2026352035,2016-05-05,0,1.0,1.1
2026352035,2016-05-05,1,1.0,1.1
2026352035,2016-05-05,2,1.0,1.1
2026352035,2016-05-05,3,1.0,1.1
2026352035,2016-05-05,4,1.0,1.1
2026352035,2016-05-05,5,1.88,6.0
2026352035,2016-05-05,6,1.99,4.8
2026352035,2016-05-05,7,1.79,4.8
2026352035,2016-05-05,8,2.24,3.6
2026352035,2016-05-05,9,2.26,5.8
2026352035,2016-05-05,10,2.04,4.2
2026352035,2016-05-05,11,1.82,4.0
2026352035,2016-05-05,12,2.51,6.6
2026352035,2016-05-05,13,2.74,7.2
2026352035,2016-05-05,14,1.59,3.8
2026352035,2016-05-05,15,2.44,4.8
2026352035,2016-05-05,16,2.65,5.6
2026352035,2016-05-05,17,1.45,3.8
2026352035,2016-05-05,18,2.2,6.8
2026352035,2016-05-05,19,1.7,3.4
2026352035,2016-05-05,20,1.58,4.2
2026352035,2016-05-05,21,1.43,4.2
2026352035,2016-05-05,22,1.07,2.8
2026352035,2016-05-05,23,1.03,2.4
2026352035,2016-05-06,0,1.01,1.1
2026352035,2016-05-06,1,1.0,1.1
2026352035,2016-05-06,2,1.01,1.1
2026352035,2016-05-06,3,1.03,2.4
2026352035,2016-05-06,4,1.0,1.1
2026352035,2016-05-06,5,1.0,1.1
2026352035,2016-05-06,6,1.5,3.8
2026352035,2016-05-06,7,1.64,3.4
2026352035,2016-05-06,8,1.65,4.2
2026352035,2016-05-06,9,1.55,3.6
2026352035,2016-05-06,10,2.02,6.6
2026352035,2016-05-06,11,1.81,4.8
2026352035,2016-05-06,12,1.97,4.2
2026352035,2016-05-06,13,2.14,4.4
2026352035,2016-05-06,14,1.76,4.4
2026352035,2016-05-06,15,2.12,4.4
2026352035,2016-05-06,16,2.14,3.8
2026352035,2016-05-06,17,1.88,4.2
2026352035,2016-05-06,18,2.38,5.8
2026352035,2016-05-06,19,1.64,3.2
2026352035,2016-05-06,20,1.69,3.2
2026352035,2016-05-06,21,1.34,4.0
2026352035,2016-05-06,22,1.06,2.6
2026352035,2016-05-06,23,1.01,1.1
2026352035,2016-05-07,0,1.0,1.1
2026352035,2016-05-07,1,1.0,1.1
2026352035,2016-05-07,2,1.0,1.1
2026352035,2016-05-07,3,1.0,1.1
2026352035,2016-05-07,4,1.01,1.1
2026352035,2016-05-07,5,1.0,1.1
2026352035,2016-05-07,6,1.99,3.8
2026352035,2016-05-07,7,1.8,4.2
2026352035,2016-05-07,8,1.55,3.4
2026352035,2016-05-07,9,1.44,3.4
2026352035,2016-05-07,10,1.48,4.8
2026352035,2016-05-07,11,1.4,3.6
2026352035,2016-05-07,12,1.82,4.0
2026352035,2016-05-07,13,1.27,3.6
2026352035,2016-05-07,14,1.42,3.6
2026352035,2016-05-07,15,1.19,3.2
2026352035,2016-05-07,16,1.32,3.6
2026352035,2016-05-07,17,1.56,4.2
2026352035,2016-05-07,18,1.58,3.2
2026352035,2016-05-07,19,1.34,3.8
2026352035,2016-05-07,20,1.7,5.0
2026352035,2016-05-07,21,1.06,2.6
2026352035,2016-05-07,22,1.07,2.6
2026352035,2016-05-07,23,1.06,2.8
2026352035,2016-05-08,0,1.03,2.6
2026352035,2016-05-08,1,1.0,1.1
2026352035,2016-05-08,2,1.0,1.1
2026352035,2016-05-08,3,1.0,1.1
2026352035,2016-05-08,4,1.0,1.1
2026352035,2016-05-08,5,1.01,1.1
2026352035,2016-05-08,6,1.67,4.8
2026352035,2016-05-08,7,1.52,3.6
2026352035,2016-05-08,8,1.9,8.1
2026352035,2016-05-08,9,2.58,6.6
2026352035,2016-05-08,10,1.74,6.0
2026352035,2016-05-08,11,1.84,3.6
2026352035,2016-05-08,12,1.56,3.6
2026352035,2016-05-08,13,1.42,3.4
2026352035,2016-05-08,14,1.3,3.2
2026352035,2016-05-08,15,1.24,3.4
2026352035,2016-05-08,16,1.13,2.6
2026352035,2016-05-08,17,1.56,3.4
2026352035,2016-05-08,18,1.69,3.8
2026352035,2016-05-08,19,1.46,3.4
2026352035,2016-05-08,20,1.71,5.0
2026352035,2016-05-08,21,1.01,1.1
2026352035,2016-05-08,22,1.03,2.6
2026352035,2016-05-08,23,1.03,2.4
2026352035,2016-05-09,0,1.0,1.1
2026352035,2016-05-09,1,1.03,2.6
2026352035,2016-05-09,2,1.0,1.1
2026352035,2016-05-09,3,1.0,1.1
2026352035,2016-05-09,4,1.0,1.1
2026352035,2016-05-09,5,1.0,1.1
2026352035,2016-05-09,6,1.77,5.0
2026352035,2016-05-09,7,2.13,6.4
2026352035,2016-05-09,8,1.77,5.4
2026352035,2016-05-09,9,1.34,3.2
2026352035,2016-05-09,10,1.27,3.6
2026352035,2016-05-09,11,1.35,3.6
2026352035,2016-05-09,12,1.28,3.2
2026352035,2016-05-09,13,1.95,6.8
2026352035,2016-05-09,14,1.78,4.2
2026352035,2016-05-09,15,2.38,4.4
2026352035,2016-05-09,16,3.69,5.4
2026352035,2016-05-09,17,3.4,5.4
2026352035,2016-05-09,18,2.09,4.2
2026352035,2016-05-09,19,2.28,5.0
2026352035,2016-05-09,20,2.04,7.0
2026352035,2016-05-09,21,1.51,3.6
2026352035,2016-05-09,22,1.01,1.1
2026352035,2016-05-09,23,1.03,2.4
2026352035,2016-05-10,0,1.12,3.0
2026352035,2016-05-10,1,1.0,1.1
2026352035,2016-05-10,2,1.0,1.1
2026352035,2016-05-10,3,1.01,1.1
2026352035,2016-05-10,4,1.0,1.1
2026352035,2016-05-10,5,1.0,1.0
2026352035,2016-05-10,6,1.0,1.0
2026352035,2016-05-10,7,1.0,1.0
2026352035,2016-05-10,8,1.0,1.0
2026352035,2016-05-10,9,1.0,1.0
2026352035,2016-05-10,10,1.0,1.0
2026352035,2016-05-10,11,1.0,1.0
2026352035,2016-05-10,12,1.0,1.0
2026352035,2016-05-10,13,1.0,1.0
2026352035,2016-05-10,14,1.0,1.0
2026352035,2016-05-10,15,1.0,1.0
2026352035,2016-05-10,16,1.0,1.0
2026352035,2016-05-10,17,1.0,1.0
2026352035,2016-05-10,18,1.0,1.0
2026352035,2016-05-10,19,1.0,1.0
2026352035,2016-05-10,20,1.06,3.0
2026352035,2016-05-10,21,1.23,3.0
2026352035,2016-05-10,22,1.07,2.8
2026352035,2016-05-10,23,1.06,2.8
2026352035,2016-05-11,0,1.03,2.6
2026352035,2016-05-11,1,1.0,1.1
2026352035,2016-05-11,2,1.0,1.1
2026352035,2016-05-11,3,1.03,2.6
2026352035,2016-05-11,4,1.0,1.1
2026352035,2016-05-11,5,1.0,1.1
2026352035,2016-05-11,6,1.52,3.8
2026352035,2016-05-11,7,1.59,3.8
2026352035,2016-05-11,8,1.45,3.2
2026352035,2016-05-11,9,1.28,2.8
2026352035,2016-05-11,10,1.55,4.0
2026352035,2016-05-11,11,1.36,3.6
2026352035,2016-05-11,12,1.24,2.8
2026352035,2016-05-11,13,1.77,3.8
2026352035,2016-05-11,14,1.89,4.2
2026352035,2016-05-11,15,2.27,4.4
2026352035,2016-05-11,16,3.49,5.8
2026352035,2016-05-11,17,2.08,4.2
2026352035,2016-05-11,18,1.58,4.2
2026352035,2016-05-11,19,1.84,6.6
2026352035,2016-05-11,20,2.16,6.0
2026352035,2016-05-11,21,1.31,3.4
2026352035,2016-05-11,22,1.04,2.6
2026352035,2016-05-11,23,1.03,2.4
2026352035,2016-05-12,0,1.0,1.1
2026352035,2016-05-12,1,1.0,1.1
2026352035,2016-05-12,2,1.03,2.6
2026352035,2016-05-12,3,1.0,1.1
2026352035,2016-05-12,4,1.0,1.1
2026352035,2016-05-12,5,1.47,6.0
2026352035,2016-05-12,6,1.9,5.2
2026352035,2016-05-12,7,1.91,5.0
2026352035,2016-05-12,8,2.24,3.6
2026352035,2016-05-12,9,1.79,4.0
2026352035,2016-05-12,10,2.56,5.2
2026352035,2016-05-12,11,2.12,5.0
2026352035,2016-05-12,12,2.19,5.6
2026352035,2016-05-12,13,2.18,6.2
2026352035,2016-05-12,14,1.98,4.2
2026352035,2016-05-12,15,2.5,5.2
2320127002,2016-04-12,0,1.0,1.0
2320127002,2016-04-12,1,1.0,1.0
2320127002,2016-04-12,2,1.0,1.0
2320127002,2016-04-12,3,1.0,1.0
2320127002,2016-04-12,4,1.0,1.0
2320127002,2016-04-12,5,1.0,1.0
2320127002,2016-04-12,6,1.0,1.0
2320127002,2016-04-12,7,1.91,3.4
2320127002,2016-04-12,8,1.6,7.0
2320127002,2016-04-12,9,1.63,7.8
2320127002,2016-04-12,10,1.22,7.6
2320127002,2016-04-12,11,1.76,8.0
2320127002,2016-04-12,12,2.3,8.0
2320127002,2016-04-12,13,1.67,3.6
2320127002,2016-04-12,14,2.64,9.9
2320127002,2016-04-12,15,3.46,10.3
2320127002,2016-04-12,16,2.21,3.8
2320127002,2016-04-12,17,1.78,4.4
2320127002,2016-04-12,18,1.64,5.2
2320127002,2016-04-12,19,1.68,4.2
2320127002,2016-04-12,20,1.54,3.8
2320127002,2016-04-12,21,1.38,3.2
2320127002,2016-04-12,22,1.56,3.2
2320127002,2016-04-12,23,1.5,3.6
2320127002,2016-04-13,0,1.34,3.2
2320127002,2016-04-13,1,1.64,4.0
2320127002,2016-04-13,2,1.42,3.6
2320127002,2016-04-13,3,1.17,3.0
2320127002,2016-04-13,4,1.41,4.2
2320127002,2016-04-13,5,1.2,3.0
2320127002,2016-04-13,6,1.62,3.4
2320127002,2016-04-13,7,2.32,4.8
2320127002,2016-04-13,8,1.71,5.0
2320127002,2016-04-13,9,1.38,3.4
2320127002,2016-04-13,10,1.32,3.2
2320127002,2016-04-13,11,1.63,3.8
2320127002,2016-04-13,12,1.59,5.0
2320127002,2016-04-13,13,1.28,3.4
2320127002,2016-04-13,14,1.53,4.2
2320127002,2016-04-13,15,1.53,4.0
2320127002,2016-04-13,16,1.67,3.6
2320127002,2016-04-13,17,1.77,3.6
2320127002,2016-04-13,18,1.26,3.6
2320127002,2016-04-13,19,1.37,4.0
2320127002,2016-04-13,20,1.56,3.6
2320127002,2016-04-13,21,1.57,3.8
2320127002,2016-04-13,22,1.7,5.6
2320127002,2016-04-13,23,1.31,3.2
2320127002,2016-04-14,0,1.35,3.4
2320127002,2016-04-14,1,1.0,1.0
2320127002,2016-04-14,2,1.0,1.0
2320127002,2016-04-14,3,1.0,1.0
2320127002,2016-04-14,4,1.0,1.0
2320127002,2016-04-14,5,1.0,1.0
2320127002,2016-04-14,6,1.27,3.4
2320127002,2016-04-14,7,1.67,3.6
2320127002,2016-04-14,8,1.33,3.8
2320127002,2016-04-14,9,1.76,4.2
2320127002,2016-04-14,10,1.52,3.6
2320127002,2016-04-14,11,1.03,2.8
2320127002,2016-04-14,12,1.0,1.0
2320127002,2016-04-14,13,1.01,1.2
2320127002,2016-04-14,14,1.13,3.0
2320127002,2016-04-14,15,1.53,3.4
2320127002,2016-04-14,16,2.02,4.2
2320127002,2016-04-14,17,1.79,4.0
2320127002,2016-04-14,18,1.57,4.0
2320127002,2016-04-14,19,1.51,3.6
2320127002,2016-04-14,20,1.23,3.4
2320127002,2016-04-14,21,1.0,1.0
2320127002,2016-04-14,22,1.0,1.0
2320127002,2016-04-14,23,1.0,1.0
2320127002,2016-04-15,0,1.0,1.0
2320127002,2016-04-15,1,1.0,1.0
2320127002,2016-04-15,2,1.0,1.0
2320127002,2016-04-15,3,1.0,1.0
2320127002,2016-04-15,4,1.0,1.0
2320127002,2016-04-15,5,1.0,1.0
2320127002,2016-04-15,6,1.0,1.0
2320127002,2016-04-15,7,1.74,4.2
2320127002,2016-04-15,8,1.41,3.6
2320127002,2016-04-15,9,1.77,3.4
2320127002,2016-04-15,10,1.41,3.4
2320127002,2016-04-15,11,1.42,3.8
2320127002,2016-04-15,12,1.86,4.0
2320127002,2016-04-15,13,1.24,3.4
2320127002,2016-04-15,14,1.0,1.0
2320127002,2016-04-15,15,1.4,3.8
2320127002,2016-04-15,16,1.49,3.4
2320127002,2016-04-15,17,1.71,4.2
2320127002,2016-04-15,18,1.59,3.6
2320127002,2016-04-15,19,2.0,3.8
2320127002,2016-04-15,20,1.92,4.2
2320127002,2016-04-15,21,1.49,4.2
2320127002,2016-04-15,22,1.2,3.2
2320127002,2016-04-15,23,1.0,1.0
2320127002,2016-04-16,0,1.0,1.0
2320127002,2016-04-16,1,1.0,1.0
2320127002,2016-04-16,2,1.0,1.0
2320127002,2016-04-16,3,1.0,1.0
2320127002,2016-04-16,4,1.0,1.0
2320127002,2016-04-16,5,1.0,1.0
2320127002,2016-04-16,6,1.0,1.0
2320127002,2016-04-16,7,1.0,1.0
2320127002,2016-04-16,8,1.0,1.0
2320127002,2016-04-16,9,1.0,1.0
2320127002,2016-04-16,10,1.45,4.0
2320127002,2016-04-16,11,1.77,4.2
2320127002,2016-04-16,12,1.72,4.2
2320127002,2016-04-16,13,1.27,3.8
2320127002,2016-04-16,14,1.27,3.6
2320127002,2016-04-16,15,1.62,3.4
2320127002,2016-04-16,16,1.47,3.8
2320127002,2016-04-16,17,1.0,1.0
2320127002,2016-04-16,18,1.0,1.0
2320127002,2016-04-16,19,1.32,3.8
2320127002,2016-04-16,20,1.71,5.4
2320127002,2016-04-16,21,1.86,4.4
2320127002,2016-04-16,22,1.77,4.2
2320127002,2016-04-16,23,2.0,6.0
2320127002,2016-04-17,0,1.59,3.4
2320127002,2016-04-17,1,1.17,3.2
2320127002,2016-04-17,2,1.0,1.0
2320127002,2016-04-17,3,1.0,1.0
2320127002,2016-04-17,4,1.0,1.0
2320127002,2016-04-17,5,1.0,1.0
2320127002,2016-04-17,6,1.0,1.0
2320127002,2016-04-17,7,1.0,1.0
2320127002,2016-04-17,8,1.0,1.0
2320127002,2016-04-17,9,1.33,4.0
2320127002,2016-04-17,10,1.51,3.8
2320127002,2016-04-17,11,1.68,4.0
2320127002,2016-04-17,12,1.69,4.2
2320127002,2016-04-17,13,1.8,7.4
2320127002,2016-04-17,14,1.89,4.2
2320127002,2016-04-17,15,1.44,3.6
2320127002,2016-04-17,16,1.48,6.8
2320127002,2016-04-17,17,1.6,5.0
2320127002,2016-04-17,18,2.13,4.4
2320127002,2016-04-17,19,1.87,4.2
2320127002,2016-04-17,20,1.8,4.0
2320127002,2016-04-17,21,1.43,3.6
2320127002,2016-04-17,22,1.16,3.2
2320127002,2016-04-17,23,1.0,1.0
2320127002,2016-04-18,0,1.0,1.0
2320127002,2016-04-18,1,1.0,1.0
2320127002,2016-04-18,2,1.0,1.0
2320127002,2016-04-18,3,1.0,1.0
2320127002,2016-04-18,4,1.0,1.0
2320127002,2016-04-18,5,1.0,1.0
2320127002,2016-04-18,6,1.44,3.6
2320127002,2016-04-18,7,1.87,4.0
2320127002,2016-04-18,8,1.44,4.0
2320127002,2016-04-18,9,1.67,4.4
2320127002,2016-04-18,10,1.28,3.4
2320127002,2016-04-18,11,1.55,4.0
2320127002,2016-04-18,12,1.74,6.2
2320127002,2016-04-18,13,2.07,5.4
2320127002,2016-04-18,14,1.84,5.4
2320127002,2016-04-18,15,1.39,3.8
2320127002,2016-04-18,16,1.55,4.0
2320127002,2016-04-18,17,1.62,4.2
2320127002,2016-04-18,18,1.46,3.8
2320127002,2016-04-18,19,1.69,3.6
2320127002,2016-04-18,20,1.5,4.2
2320127002,2016-04-18,21,1.71,4.0
2320127002,2016-04-18,22,1.23,3.2
2320127002,2016-04-18,23,1.47,3.4
2320127002,2016-04-19,0,1.16,3.0
2320127002,2016-04-19,1,1.0,1.0
2320127002,2016-04-19,2,1.0,1.0
2320127002,2016-04-19,3,1.0,1.0
2320127002,2016-04-19,4,1.0,1.0
2320127002,2016-04-19,5,1.0,1.0
2320127002,2016-04-19,6,1.0,1.0
2320127002,2016-04-19,7,1.0,1.0
2320127002,2016-04-19,8,1.0,1.0
2320127002,2016-04-19,9,1.0,1.0
2320127002,2016-04-19,10,1.0,1.0
2320127002,2016-04-19,11,1.0,1.0
2320127002,2016-04-19,12,2.09,4.4
2320127002,2016-04-19,13,1.47,3.8
2320127002,2016-04-19,14,1.55,3.0
2320127002,2016-04-19,15,1.51,3.8
2320127002,2016-04-19,16,1.69,3.8
2320127002,2016-04-19,17,1.54,3.6
2320127002,2016-04-19,18,1.0,1.0
2320127002,2016-04-19,19,1.18,3.2
2320127002,2016-04-19,20,1.99,4.2
2320127002,2016-04-19,21,1.89,3.6
2320127002,2016-04-19,22,2.3,5.6
2320127002,2016-04-19,23,2.46,5.4
2320127002,2016-04-20,0,1.35,4.0
2320127002,2016-04-20,1,1.0,1.2
2320127002,2016-04-20,2,1.0,1.0
2320127002,2016-04-20,3,1.0,1.0
2320127002,2016-04-20,4,1.0,1.0
2320127002,2016-04-20,5,1.0,1.0
2320127002,2016-04-20,6,1.0,1.0
2320127002,2016-04-20,7,1.0,1.0
2320127002,2016-04-20,8,1.0,1.0
2320127002,2016-04-20,9,1.0,1.0
2320127002,2016-04-20,10,1.0,1.0
2320127002,2016-04-20,11,1.0,1.0
2320127002,2016-04-20,12,1.72,4.0
2320127002,2016-04-20,13,1.49,4.4
2320127002,2016-04-20,14,2.01,5.8
2320127002,2016-04-20,15,2.95,6.6
2320127002,2016-04-20,16,1.9,4.4
2320127002,2016-04-20,17,2.02,3.6
2320127002,2016-04-20,18,1.77,3.6
2320127002,2016-04-20,19,1.82,4.0
2320127002,2016-04-20,20,1.75,3.6
2320127002,2016-04-20,21,1.58,3.2
2320127002,2016-04-20,22,1.73,4.0
2320127002,2016-04-20,23,1.74,3.2
2320127002,2016-04-21,0,1.04,3.2
2320127002,2016-04-21,1,1.0,1.2
2320127002,2016-04-21,2,1.0,1.2
2320127002,2016-04-21,3,1.0,1.0
2320127002,2016-04-21,4,1.0,1.0
2320127002,2016-04-21,5,1.0,1.0
2320127002,2016-04-21,6,1.0,1.0
2320127002,2016-04-21,7,1.0,1.0
2320127002,2016-04-21,8,1.0,1.0
2320127002,2016-04-21,9,1.0,1.0
2320127002,2016-04-21,10,1.0,1.0
2320127002,2016-04-21,11,1.0,1.0
2320127002,2016-04-21,12,1.0,1.0
2320127002,2016-04-21,13,1.0,1.0
2320127002,2016-04-21,14,1.0,1.0
2320127002,2016-04-21,15,1.35,3.4
2320127002,2016-04-21,16,1.88,4.4
2320127002,2016-04-21,17,1.73,3.8
2320127002,2016-04-21,18,1.61,3.6
2320127002,2016-04-21,19,1.14,3.2
2320127002,2016-04-21,20,1.0,1.0
2320127002,2016-04-21,21,2.1,6.0
2320127002,2016-04-21,22,1.75,4.4
2320127002,2016-04-21,23,1.58,3.6
2320127002,2016-04-22,0,1.38,3.6
2320127002,2016-04-22,1,1.67,3.6
2320127002,2016-04-22,2,1.37,3.2
2320127002,2016-04-22,3,1.44,3.8
2320127002,2016-04-22,4,1.16,3.2
2320127002,2016-04-22,5,1.41,4.0
2320127002,2016-04-22,6,1.99,4.0
2320127002,2016-04-22,7,1.45,3.8
2320127002,2016-04-22,8,1.0,1.0
2320127002,2016-04-22,9,1.0,1.0
2320127002,2016-04-22,10,1.0,1.0
2320127002,2016-04-22,11,1.0,1.0
2320127002,2016-04-22,12,1.0,1.0
2320127002,2016-04-22,13,1.0,1.0
2320127002,2016-04-22,14,1.47,3.8
2320127002,2016-04-22,15,2.47,6.0
2320127002,2016-04-22,16,1.44,4.0
2320127002,2016-04-22,17,1.55,3.4
2320127002,2016-04-22,18,1.0,1.0
2320127002,2016-04-22,19,1.55,3.4
2320127002,2016-04-22,20,1.67,3.8
2320127002,2016-04-22,21,1.73,4.0
2320127002,2016-04-22,22,1.4,4.2
2320127002,2016-04-22,23,1.39,3.4
2320127002,2016-04-23,0,1.34,3.2
2320127002,2016-04-23,1,1.4,3.4
2320127002,2016-04-23,2,1.39,4.2
2320127002,2016-04-23,3,1.42,3.4
2320127002,2016-04-23,4,1.21,2.8
2320127002,2016-04-23,5,1.0,1.0
2320127002,2016-04-23,6,1.0,1.0
2320127002,2016-04-23,7,1.0,1.0
2320127002,2016-04-23,8,1.0,1.0
2320127002,2016-04-23,9,1.0,1.0
2320127002,2016-04-23,10,1.0,1.0
2320127002,2016-04-23,11,1.0,1.0
2320127002,2016-04-23,12,1.0,1.0
2320127002,2016-04-23,13,1.84,4.0
2320127002,2016-04-23,14,1.75,3.8
2320127002,2016-04-23,15,1.93,3.8
2320127002,2016-04-23,16,1.62,4.2
2320127002,2016-04-23,17,1.94,3.8
2320127002,2016-04-23,18,1.94,4.0
2320127002,2016-04-23,19,1.63,3.6
2320127002,2016-04-23,20,1.09,3.0
2320127002,2016-04-23,21,1.41,4.4
2320127002,2016-04-23,22,1.47,3.4
2320127002,2016-04-23,23,1.31,3.2
2320127002,2016-04-24,0,1.36,4.4
2320127002,2016-04-24,1,1.45,4.0
2320127002,2016-04-24,2,1.39,3.4
2320127002,2016-04-24,3,1.0,1.0
2320127002,2016-04-24,4,1.0,1.0
2320127002,2016-04-24,5,1.0,1.0
2320127002,2016-04-24,6,1.0,1.0
2320127002,2016-04-24,7,1.0,1.0
2320127002,2016-04-24,8,1.0,1.0
2320127002,2016-04-24,9,1.0,1.0
2320127002,2016-04-24,10,1.0,1.0
2320127002,2016-04-24,11,1.0,1.0
2320127002,2016-04-24,12,1.0,1.0
2320127002,2016-04-24,13,1.0,1.0
2320127002,2016-04-24,14,1.0,1.0
2320127002,2016-04-24,15,1.09,3.8
2320127002,2016-04-24,16,2.17,4.0
2320127002,2016-04-24,17,1.61,4.0
2320127002,2016-04-24,18,2.09,4.4
2320127002,2016-04-24,19,1.35,3.2
2320127002,2016-04-24,20,1.79,3.8
2320127002,2016-04-24,21,1.9,4.2
2320127002,2016-04-24,22,1.46,3.4
2320127002,2016-04-24,23,1.59,3.2
2320127002,2016-04-25,0,1.78,3.8
2320127002,2016-04-25,1,1.46,3.6
2320127002,2016-04-25,2,1.0,1.0
2320127002,2016-04-25,3,1.0,1.0
2320127002,2016-04-25,4,1.0,1.0
2320127002,2016-04-25,5,1.0,1.0
2320127002,2016-04-25,6,1.0,1.0
2320127002,2016-04-25,7,1.0,1.0
2320127002,2016-04-25,8,1.0,1.0
2320127002,2016-04-25,9,1.0,1.0
2320127002,2016-04-25,10,1.0,1.0
2320127002,2016-04-25,11,1.0,1.0
2320127002,2016-04-25,12,1.0,1.0
2320127002,2016-04-25,13,1.0,1.0
2320127002,2016-04-25,14,1.0,1.0
2320127002,2016-04-25,15,1.04,3.0
2320127002,2016-04-25,16,1.7,4.0
2320127002,2016-04-25,17,2.29,7.6
2320127002,2016-04-25,18,1.62,3.6
2320127002,2016-04-25,19,1.14,2.8
2320127002,2016-04-25,20,1.45,3.4
2320127002,2016-04-25,21,1.57,3.4
2320127002,2016-04-25,22,1.72,4.0
2320127002,2016-04-25,23,1.19,2.8
2320127002,2016-04-26,0,1.0,1.0
2320127002,2016-04-26,1,1.09,3.0
2320127002,2016-04-26,2,1.16,3.0
2320127002,2016-04-26,3,1.0,1.0
2320127002,2016-04-26,4,1.0,1.0
2320127002,2016-04-26,5,1.0,1.0
2320127002,2016-04-26,6,1.0,1.0
2320127002,2016-04-26,7,1.0,1.0
2320127002,2016-04-26,8,1.0,1.0
2320127002,2016-04-26,9,1.0,1.0
2320127002,2016-04-26,10,1.0,1.0
2320127002,2016-04-26,11,1.0,1.0
2320127002,2016-04-26,12,1.0,1.0
2320127002,2016-04-26,13,1.0,1.0
2320127002,2016-04-26,14,1.0,1.0
2320127002,2016-04-26,15,1.0,1.0
2320127002,2016-04-26,16,1.34,5.2
2320127002,2016-04-26,17,1.72,3.4
2320127002,2016-04-26,18,1.74,3.6
2320127002,2016-04-26,19,1.67,3.6
2320127002,2016-04-26,20,1.69,4.8
2320127002,2016-04-26,21,1.74,7.0
2320127002,2016-04-26,22,1.91,7.8
2320127002,2016-04-26,23,1.52,3.2
2320127002,2016-04-27,0,1.02,1.2
2320127002,2016-04-27,1,1.0,1.0
2320127002,2016-04-27,2,1.0,1.0
2320127002,2016-04-27,3,1.0,1.0
2320127002,2016-04-27,4,1.33,3.4
2320127002,2016-04-27,5,1.21,3.2
2320127002,2016-04-27,6,1.03,2.4
2320127002,2016-04-27,7,1.78,4.0
2320127002,2016-04-27,8,2.17,4.4
2320127002,2016-04-27,9,1.3,3.4
2320127002,2016-04-27,10,1.0,1.0
2320127002,2016-04-27,11,1.0,1.0
2320127002,2016-04-27,12,1.0,1.0
2320127002,2016-04-27,13,1.0,1.0
2320127002,2016-04-27,14,1.0,1.0
2320127002,2016-04-27,15,1.0,1.0
2320127002,2016-04-27,16,1.0,1.0
2320127002,2016-04-27,17,1.0,1.0
2320127002,2016-04-27,18,1.0,1.0
2320127002,2016-04-27,19,1.0,1.0
2320127002,2016-04-27,20,1.0,1.0
2320127002,2016-04-27,21,1.0,1.0
2320127002,2016-04-27,22,1.0,1.0
2320127002,2016-04-27,23,1.0,1.0
2320127002,2016-04-28,0,1.33,3.2
2320127002,2016-04-28,1,1.69,3.8
2320127002,2016-04-28,2,1.55,5.0
2320127002,2016-04-28,3,1.67,3.8
2320127002,2016-04-28,4,1.0,1.0
2320127002,2016-04-28,5,1.0,1.0
2320127002,2016-04-28,6,1.0,1.0
2320127002,2016-04-28,7,1.45,3.4
2320127002,2016-04-28,8,1.0,1.0
2320127002,2016-04-28,9,1.0,1.0
2320127002,2016-04-28,10,1.0,1.0
2320127002,2016-04-28,11,1.0,1.0
2320127002,2016-04-28,12,1.0,1.0
2320127002,2016-04-28,13,1.0,1.0
2320127002,2016-04-28,14,1.0,1.0
2320127002,2016-04-28,15,1.0,1.0
2320127002,2016-04-28,16,1.0,1.0
2320127002,2016-04-28,17,1.0,1.0
2320127002,2016-04-28,18,1.0,1.0
2320127002,2016-04-28,19,1.0,1.0
2320127002,2016-04-28,20,1.0,1.0
2320127002,2016-04-28,21,1.0,1.0
2320127002,2016-04-28,22,1.0,1.0
2320127002,2016-04-28,23,1.0,1.0
2320127002,2016-04-29,0,1.0,1.0
2320127002,2016-04-29,1,1.0,1.0
2320127002,2016-04-29,2,1.0,1.0
2320127002,2016-04-29,3,1.0,1.0
2320127002,2016-04-29,4,1.0,1.0
2320127002,2016-04-29,5,1.0,1.0
2320127002,2016-04-29,6,1.4,3.6
2320127002,2016-04-29,7,1.94,3.8
2320127002,2016-04-29,8,1.22,3.2
2320127002,2016-04-29,9,1.0,1.0
2320127002,2016-04-29,10,1.0,1.0
2320127002,2016-04-29,11,1.0,1.0
2320127002,2016-04-29,12,1.0,1.0
2320127002,2016-04-29,13,1.0,1.0
2320127002,2016-04-29,14,1.0,1.0
2320127002,2016-04-29,15,1.0,1.0
2320127002,2016-04-29,16,1.0,1.0
2320127002,2016-04-29,17,1.0,1.0
2320127002,2016-04-29,18,1.0,1.0
2320127002,2016-04-29,19,1.0,1.0
2320127002,2016-04-29,20,1.0,1.0
2320127002,2016-04-29,21,1.0,1.0
2320127002,2016-04-29,22,1.0,1.0
2320127002,2016-04-29,23,1.0,1.0
2320127002,2016-04-30,0,1.0,1.0
2320127002,2016-04-30,1,1.15,3.2
2320127002,2016-04-30,2,1.54,3.4
2320127002,2016-04-30,3,1.67,4.0
2320127002,2016-04-30,4,1.88,6.8
2320127002,2016-04-30,5,1.55,4.8
2320127002,2016-04-30,6,1.41,3.4
2320127002,2016-04-30,7,1.73,3.8
2320127002,2016-04-30,8,1.78,3.8
2320127002,2016-04-30,9,1.51,3.6
2320127002,2016-04-30,10,1.81,4.0
2320127002,2016-04-30,11,1.61,3.6
2320127002,2016-04-30,12,1.0,1.0
2320127002,2016-04-30,13,1.0,1.0
2320127002,2016-04-30,14,1.0,1.0
2320127002,2016-04-30,15,1.0,1.0
2320127002,2016-04-30,16,1.0,1.0
2320127002,2016-04-30,17,1.0,1.0
2320127002,2016-04-30,18,1.0,1.0
2320127002,2016-04-30,19,1.0,1.0
2320127002,2016-04-30,20,1.36,3.4
2320127002,2016-04-30,21,1.59,3.6
2320127002,2016-04-30,22,1.34,3.4
2320127002,2016-04-30,23,1.29,3.2
2320127002,2016-05-01,0,1.52,3.8
2320127002,2016-05-01,1,1.35,3.4
2320127002,2016-05-01,2,1.54,4.2
2320127002,2016-05-01,3,1.0,1.2
2320127002,2016-05-01,4,1.0,1.0
2320127002,2016-05-01,5,1.0,1.0
2320127002,2016-05-01,6,1.0,1.0
2320127002,2016-05-01,7,1.0,1.0
2320127002,2016-05-01,8,1.0,1.0
2320127002,2016-05-01,9,1.0,1.0
2320127002,2016-05-01,10,1.0,1.0
2320127002,2016-05-01,11,1.0,1.0
2320127002,2016-05-01,12,1.0,1.0
2320127002,2016-05-01,13,1.0,1.0
2320127002,2016-05-01,14,1.01,1.2
2320127002,2016-05-01,15,1.0,1.2
2320127002,2016-05-01,16,1.0,1.2
2320127002,2016-05-01,17,1.0,1.0
2320127002,2016-05-01,18,1.0,1.0
2320127002,2016-05-01,19,1.0,1.0
2320127002,2016-05-01,20,1.0,1.0
2320127002,2016-05-01,21,1.0,1.0
2320127002,2016-05-01,22,1.0,1.0
2320127002,2016-05-01,23,1.0,1.2
2320127002,2016-05-02,0,1.0,1.0
2320127002,2016-05-02,1,1.45,3.6
2320127002,2016-05-02,2,1.54,3.4
2320127002,2016-05-02,3,1.76,3.6
2320127002,2016-05-02,4,1.33,3.6
2320127002,2016-05-02,5,1.0,1.0
2320127002,2016-05-02,6,1.0,1.0
2320127002,2016-05-02,7,1.0,1.0
2320127002,2016-05-02,8,1.0,1.0
2320127002,2016-05-02,9,1.0,1.0
2320127002,2016-05-02,10,1.0,1.0
2320127002,2016-05-02,11,1.0,1.0
2320127002,2016-05-02,12,1.0,1.0
2320127002,2016-05-02,13,1.0,1.0
2320127002,2016-05-02,14,1.0,1.0
2320127002,2016-05-02,15,1.0,1.0
2320127002,2016-05-02,16,1.0,1.0
2320127002,2016-05-02,17,1.0,1.2
2320127002,2016-05-02,18,1.0,1.0
2320127002,2016-05-02,19,1.29,3.6
2320127002,2016-05-02,20,2.13,5.2
2320127002,2016-05-02,21,2.3,7.6
2320127002,2016-05-02,22,1.44,3.2
2320127002,2016-05-02,23,1.0,1.0
2320127002,2016-05-03,0,1.0,1.0
2320127002,2016-05-03,1,1.0,1.0
2320127002,2016-05-03,2,1.0,1.0
2320127002,2016-05-03,3,1.0,1.0
2320127002,2016-05-03,4,1.0,1.0
2320127002,2016-05-03,5,1.72,4.4
2320127002,2016-05-03,6,1.75,3.8
2320127002,2016-05-03,7,2.32,5.4
2320127002,2016-05-03,8,1.83,3.4
2320127002,2016-05-03,9,1.02,1.2
2320127002,2016-05-03,10,1.0,1.0
2320127002,2016-05-03,11,1.0,1.0
2320127002,2016-05-03,12,1.0,1.0
2320127002,2016-05-03,13,1.0,1.0
2320127002,2016-05-03,14,1.0,1.0
2320127002,2016-05-03,15,1.0,1.0
2320127002,2016-05-03,16,1.0,1.0
2320127002,2016-05-03,17,1.12,3.0
2320127002,2016-05-03,18,1.51,3.4
2320127002,2016-05-03,19,2.04,5.4
2320127002,2016-05-03,20,3.12,7.4
2320127002,2016-05-03,21,1.99,5.6
2320127002,2016-05-03,22,2.56,7.8
2320127002,2016-05-03,23,1.05,3.0
2320127002,2016-05-04,0,1.0,1.0
2320127002,2016-05-04,1,1.0,1.0
2320127002,2016-05-04,2,1.0,1.0
2320127002,2016-05-04,3,1.0,1.0
2320127002,2016-05-04,4,1.1,3.0
2320127002,2016-05-04,5,1.0,1.0
2320127002,2016-05-04,6,1.51,4.0
2320127002,2016-05-04,7,2.24,4.4
2320127002,2016-05-04,8,1.0,1.2
2320127002,2016-05-04,9,1.0,1.0
2320127002,2016-05-04,10,1.0,1.0
2320127002,2016-05-04,11,1.0,1.0
2320127002,2016-05-04,12,1.0,1.0
2320127002,2016-05-04,13,1.0,1.0
2320127002,2016-05-04,14,1.0,1.0
2320127002,2016-05-04,15,1.0,1.0
2320127002,2016-05-04,16,1.0,1.0
2320127002,2016-05-04,17,1.0,1.0
2320127002,2016-05-04,18,1.0,1.0
2320127002,2016-05-04,19,1.0,1.0
2320127002,2016-05-04,20,1.0,1.0
2320127002,2016-05-04,21,1.0,1.2
2320127002,2016-05-04,22,1.0,1.0
2320127002,2016-05-04,23,1.0,1.0
2320127002,2016-05-05,0,1.0,1.0
2320127002,2016-05-05,1,1.0,1.0
2320127002,2016-05-05,2,1.0,1.0
2320127002,2016-05-05,3,1.0,1.0
2320127002,2016-05-05,4,1.0,1.0
2320127002,2016-05-05,5,1.0,1.0
2320127002,2016-05-05,6,1.63,3.8
2320127002,2016-05-05,7,2.09,4.2
2320127002,2016-05-05,8,1.91,3.8
2320127002,2016-05-05,9,1.98,4.2
2320127002,2016-05-05,10,1.95,3.6
2320127002,2016-05-05,11,1.75,3.6
2320127002,2016-05-05,12,1.68,4.2
2320127002,2016-05-05,13,1.23,3.2
2320127002,2016-05-05,14,1.0,1.0
2320127002,2016-05-05,15,1.0,1.0
2320127002,2016-05-05,16,1.0,1.0
2320127002,2016-05-05,17,1.12,3.2
2320127002,2016-05-05,18,1.23,3.4
2320127002,2016-05-05,19,1.71,3.8
2320127002,2016-05-05,20,1.5,3.4
2320127002,2016-05-05,21,1.35,3.8
2320127002,2016-05-05,22,1.13,3.2
2320127002,2016-05-05,23,1.0,1.0
2320127002,2016-05-06,0,1.0,1.0
2320127002,2016-05-06,1,1.0,1.0
2320127002,2016-05-06,2,1.0,1.0
2320127002,2016-05-06,3,1.0,1.0
2320127002,2016-05-06,4,1.0,1.0
2320127002,2016-05-06,5,1.25,3.8
2320127002,2016-05-06,6,1.98,3.8
2320127002,2016-05-06,7,1.71,4.4
2320127002,2016-05-06,8,1.49,3.6
2320127002,2016-05-06,9,1.76,6.6
2320127002,2016-05-06,10,2.09,6.4
2320127002,2016-05-06,11,1.99,3.8
2320127002,2016-05-06,12,1.57,6.0
2320127002,2016-05-06,13,1.0,1.0
2320127002,2016-05-06,14,1.0,1.0
2320127002,2016-05-06,15,1.0,1.2
2320127002,2016-05-06,16,1.0,1.0
2320127002,2016-05-06,17,1.0,1.0
2320127002,2016-05-06,18,1.0,1.0
2320127002,2016-05-06,19,1.0,1.0
2320127002,2016-05-06,20,1.4,3.2
2320127002,2016-05-06,21,1.48,3.6
2320127002,2016-05-06,22,1.58,3.4
2320127002,2016-05-06,23,1.27,3.0
2320127002,2016-05-07,0,1.0,1.0
2320127002,2016-05-07,1,1.0,1.0
2320127002,2016-05-07,2,1.0,1.0
2320127002,2016-05-07,3,1.0,1.0
2320127002,2016-05-07,4,1.0,1.0
2320127002,2016-05-07,5,1.44,3.8
2320127002,2016-05-07,6,1.43,6.6
2320127002,2016-05-07,7,1.48,4.0
2320127002,2016-05-07,8,1.9,7.0
2320127002,2016-05-07,9,2.28,6.4
2320127002,2016-05-07,10,1.6,3.6
2320127002,2016-05-07,11,1.58,4.0
2320127002,2016-05-07,12,1.82,3.6
2320127002,2016-05-07,13,1.57,6.6
2320127002,2016-05-07,14,1.95,5.4
2320127002,2016-05-07,15,2.17,6.4
2320127002,2016-05-07,16,1.88,3.8
2320127002,2016-05-07,17,1.53,3.4
2320127002,2016-05-07,18,1.0,1.0
2320127002,2016-05-07,19,1.0,1.0
2320127002,2016-05-07,20,1.19,3.2
2320127002,2016-05-07,21,1.56,3.4
2320127002,2016-05-07,22,1.86,3.4
2320127002,2016-05-07,23,1.5,3.4
2320127002,2016-05-08,0,1.0,1.0
2320127002,2016-05-08,1,1.0,1.0
2320127002,2016-05-08,2,1.0,1.0
2320127002,2016-05-08,3,1.0,1.0
2320127002,2016-05-08,4,1.0,1.0
2320127002,2016-05-08,5,1.0,1.0
2320127002,2016-05-08,6,1.0,1.0
2320127002,2016-05-08,7,1.0,1.0
2320127002,2016-05-08,8,1.33,3.4
2320127002,2016-05-08,9,1.48,3.2
2320127002,2016-05-08,10,1.75,3.8
2320127002,2016-05-08,11,1.85,3.8
2320127002,2016-05-08,12,1.9,6.6
2320127002,2016-05-08,13,1.98,4.2
2320127002,2016-05-08,14,1.07,3.0
2320127002,2016-05-08,15,1.0,1.0
2320127002,2016-05-08,16,1.3,3.4
2320127002,2016-05-08,17,1.82,3.6
2320127002,2016-05-08,18,1.68,3.6
2320127002,2016-05-08,19,1.74,3.6
2320127002,2016-05-08,20,1.43,3.2
2320127002,2016-05-08,21,1.63,4.0
2320127002,2016-05-08,22,1.49,3.4
2320127002,2016-05-08,23,1.54,7.2
2320127002,2016-05-09,0,1.58,3.6
2320127002,2016-05-09,1,1.65,3.8
2320127002,2016-05-09,2,1.0,1.0
2320127002,2016-05-09,3,1.0,1.0
2320127002,2016-05-09,4,1.0,1.0
2320127002,2016-05-09,5,1.18,5.0
2320127002,2016-05-09,6,1.45,3.6
2320127002,2016-05-09,7,1.9,4.2
2320127002,2016-05-09,8,1.41,3.4
2320127002,2016-05-09,9,1.38,3.4
2320127002,2016-05-09,10,1.36,3.2
2320127002,2016-05-09,11,1.0,1.0
2320127002,2016-05-09,12,1.0,1.0
2320127002,2016-05-09,13,1.0,1.0
2320127002,2016-05-09,14,1.05,1.2
2320127002,2016-05-09,15,1.78,4.2
2320127002,2016-05-09,16,1.47,3.0
2320127002,2016-05-09,17,1.33,3.0
2320127002,2016-05-09,18,1.0,1.0
2320127002,2016-05-09,19,1.0,1.0
2320127002,2016-05-09,20,1.0,1.0
2320127002,2016-05-09,21,1.0,1.0
2320127002,2016-05-09,22,1.0,1.0
2320127002,2016-05-09,23,1.0,1.0
2320127002,2016-05-10,0,1.0,1.0
2320127002,2016-05-10,1,1.0,1.0
2320127002,2016-05-10,2,1.0,1.0
2320127002,2016-05-10,3,1.0,1.0
2320127002,2016-05-10,4,1.0,1.0
2320127002,2016-05-10,5,1.0,1.0
2320127002,2016-05-10,6,1.21,3.0
2320127002,2016-05-10,7,1.71,4.4
2320127002,2016-05-10,8,1.41,3.2
2320127002,2016-05-10,9,1.66,3.8
2320127002,2016-05-10,10,1.68,4.4
2320127002,2016-05-10,11,2.48,6.0
2320127002,2016-05-10,12,2.26,6.2
2320127002,2016-05-10,13,1.59,3.8
2320127002,2016-05-10,14,1.57,3.2
2320127002,2016-05-10,15,1.7,4.0
2320127002,2016-05-10,16,1.86,4.0
2320127002,2016-05-10,17,1.45,3.4
2320127002,2016-05-10,18,1.71,3.6
2320127002,2016-05-10,19,1.45,3.2
2320127002,2016-05-10,20,1.62,3.2
2320127002,2016-05-10,21,1.05,2.6
2320127002,2016-05-10,22,1.0,1.0
2320127002,2016-05-10,23,1.0,1.0
2320127002,2016-05-11,0,1.0,1.0
2320127002,2016-05-11,1,1.0,1.0
2320127002,2016-05-11,2,1.0,1.0
2320127002,2016-05-11,3,1.0,1.2
2320127002,2016-05-11,4,1.0,1.0
2320127002,2016-05-11,5,1.0,1.0
2320127002,2016-05-11,6,1.0,1.0
2320127002,2016-05-11,7,1.0,1.0
2320127002,2016-05-11,8,1.0,1.2
2320127002,2016-05-11,9,1.03,2.4
2320127002,2016-05-11,10,1.84,3.4
2320127002,2016-05-11,11,1.61,3.4
2320127002,2016-05-11,12,1.81,4.0
2320127002,2016-05-11,13,1.47,4.0
2320127002,2016-05-11,14,1.41,3.6
2320127002,2016-05-11,15,1.67,3.8
2320127002,2016-05-11,16,1.75,4.2
2320127002,2016-05-11,17,2.3,4.8
2320127002,2016-05-11,18,1.33,3.8
2320127002,2016-05-11,19,1.58,3.6
2320127002,2016-05-11,20,2.08,4.0
2320127002,2016-05-11,21,1.84,3.8
2320127002,2016-05-11,22,2.05,3.8
2320127002,2016-05-11,23,1.72,3.8
2320127002,2016-05-12,0,1.0,1.0
2320127002,2016-05-12,1,1.0,1.0
2320127002,2016-05-12,2,1.01,1.2
2320127002,2016-05-12,3,1.0,1.0
2320127002,2016-05-12,4,1.0,1.0
2320127002,2016-05-12,5,1.0,1.0
2320127002,2016-05-12,6,1.0,1.0
2320127002,2016-05-12,7,1.0,1.0
2320127002,2016-05-12,8,1.0,1.0
2320127002,2016-05-12,9,1.26,3.4
2320127002,2016-05-12,10,2.13,4.4
2320127002,2016-05-12,11,1.82,3.8
2320127002,2016-05-12,12,1.94,3.8
2320127002,2016-05-12,13,1.61,4.0
2320127002,2016-05-12,14,1.51,3.6
2347167796,2016-04-12,0,1.0,1.0
2347167796,2016-04-12,1,1.0,1.0
2347167796,2016-04-12,2,1.0,1.0
2347167796,2016-04-12,3,1.0,1.0
2347167796,2016-04-12,4,1.0,1.0
2347167796,2016-04-12,5,1.0,1.0
2347167796,2016-04-12,6,1.0,1.0
2347167796,2016-04-12,7,1.78,4.8
2347167796,2016-04-12,8,2.96,10.6
2347167796,2016-04-12,9,1.5,4.2
2347167796,2016-04-12,10,1.31,3.4
2347167796,2016-04-12,11,2.16,4.1
2347167796,2016-04-12,12,1.48,4.4
2347167796,2016-04-12,13,1.85,4.4
2347167796,2016-04-12,14,2.38,5.0
2347167796,2016-04-12,15,2.89,4.9
2347167796,2016-04-12,16,1.48,3.6
2347167796,2016-04-12,17,1.66,4.4
2347167796,2016-04-12,18,2.73,6.0
2347167796,2016-04-12,19,1.64,3.8
2347167796,2016-04-12,20,2.68,9.1
2347167796,2016-04-12,21,3.98,7.5
2347167796,2016-04-12,22,1.04,3.0
2347167796,2016-04-12,23,1.01,1.2
2347167796,2016-04-13,0,1.02,1.1
2347167796,2016-04-13,1,1.02,1.1
2347167796,2016-04-13,2,1.01,1.1
2347167796,2016-04-13,3,1.0,1.0
2347167796,2016-04-13,4,1.01,1.1
2347167796,2016-04-13,5,1.01,1.1
2347167796,2016-04-13,6,1.04,2.2
2347167796,2016-04-13,7,3.27,5.8
2347167796,2016-04-13,8,2.21,5.8
2347167796,2016-04-13,9,1.13,2.4
2347167796,2016-04-13,10,1.36,2.8
2347167796,2016-04-13,11,1.19,2.8
2347167796,2016-04-13,12,1.72,8.5
2347167796,2016-04-13,13,2.15,6.2
2347167796,2016-04-13,14,1.36,3.0
2347167796,2016-04-13,15,1.34,3.8
2347167796,2016-04-13,16,1.61,4.2
2347167796,2016-04-13,17,1.29,3.4
2347167796,2016-04-13,18,2.48,6.2
2347167796,2016-04-13,19,1.12,2.4
2347167796,2016-04-13,20,1.52,7.5
2347167796,2016-04-13,21,3.09,9.5
2347167796,2016-04-13,22,1.16,3.8
2347167796,2016-04-13,23,1.02,1.1
2347167796,2016-04-14,0,1.05,3.6
2347167796,2016-04-14,1,1.02,1.1
2347167796,2016-04-14,2,1.01,1.1
2347167796,2016-04-14,3,1.0,1.1
2347167796,2016-04-14,4,1.0,1.1
2347167796,2016-04-14,5,1.01,1.1
2347167796,2016-04-14,6,1.06,2.4
2347167796,2016-04-14,7,3.49,7.2
2347167796,2016-04-14,8,2.1,6.0
2347167796,2016-04-14,9,1.42,3.6
2347167796,2016-04-14,10,1.48,4.8
2347167796,2016-04-14,11,1.45,4.0
2347167796,2016-04-14,12,1.45,4.6
2347167796,2016-04-14,13,3.06,5.8
2347167796,2016-04-14,14,1.53,4.0
2347167796,2016-04-14,15,1.36,3.6
2347167796,2016-04-14,16,1.37,2.8
2347167796,2016-04-14,17,1.25,3.0
2347167796,2016-04-14,18,2.55,5.8
2347167796,2016-04-14,19,1.27,3.8
2347167796,2016-04-14,20,1.14,3.8
2347167796,2016-04-14,21,1.37,5.0
2347167796,2016-04-14,22,1.18,3.6
2347167796,2016-04-14,23,1.0,1.1
2347167796,2016-04-15,0,1.01,1.1
2347167796,2016-04-15,1,1.01,1.1
2347167796,2016-04-15,2,1.06,2.4
2347167796,2016-04-15,3,1.01,1.1
2347167796,2016-04-15,4,1.0,1.1
2347167796,2016-04-15,5,1.01,1.1
2347167796,2016-04-15,6,1.04,2.4
2347167796,2016-04-15,7,3.43,6.0
2347167796,2016-04-15,8,2.15,6.2
2347167796,2016-04-15,9,1.52,4.0
2347167796,2016-04-15,10,1.18,3.0
2347167796,2016-04-15,11,1.34,3.2
2347167796,2016-04-15,12,1.51,3.8
2347167796,2016-04-15,13,1.66,4.6
2347167796,2016-04-15,14,1.31,3.2
2347167796,2016-04-15,15,1.12,2.4
2347167796,2016-04-15,16,1.53,3.6
2347167796,2016-04-15,17,1.11,4.0
2347167796,2016-04-15,18,3.5,5.8
2347167796,2016-04-15,19,3.08,7.3
2347167796,2016-04-15,20,2.08,4.8
2347167796,2016-04-15,21,1.62,4.2
2347167796,2016-04-15,22,1.52,3.2
2347167796,2016-04-15,23,1.0,1.0
2347167796,2016-04-16,0,1.0,1.0
2347167796,2016-04-16,1,1.0,1.0
2347167796,2016-04-16,2,1.0,1.0
2347167796,2016-04-16,3,1.0,1.0
2347167796,2016-04-16,4,1.0,1.0
2347167796,2016-04-16,5,1.0,1.0
2347167796,2016-04-16,6,1.0,1.0
2347167796,2016-04-16,7,2.19,5.6
2347167796,2016-04-16,8,5.92,10.3
2347167796,2016-04-16,9,5.84,9.3
2347167796,2016-04-16,10,1.88,4.8
2347167796,2016-04-16,11,2.17,4.2
2347167796,2016-04-16,12,1.77,3.8
2347167796,2016-04-16,13,1.49,4.0
2347167796,2016-04-16,14,1.0,1.0
2347167796,2016-04-16,15,1.0,1.0
2347167796,2016-04-16,16,1.0,1.1
2347167796,2016-04-16,17,2.83,6.2
2347167796,2016-04-16,18,3.2,6.4
2347167796,2016-04-16,19,2.24,6.2
2347167796,2016-04-16,20,2.65,7.4
2347167796,2016-04-16,21,2.44,6.8
2347167796,2016-04-16,22,1.69,5.2
2347167796,2016-04-16,23,1.0,1.1
2347167796,2016-04-17,0,1.0,1.1
2347167796,2016-04-17,1,1.0,1.1
2347167796,2016-04-17,2,1.01,1.1
2347167796,2016-04-17,3,1.0,1.1
2347167796,2016-04-17,4,1.03,2.4
2347167796,2016-04-17,5,1.0,1.1
2347167796,2016-04-17,6,1.0,1.0
2347167796,2016-04-17,7,1.08,2.4
2347167796,2016-04-17,8,1.08,2.6
2347167796,2016-04-17,9,1.29,3.4
2347167796,2016-04-17,10,1.96,3.6
2347167796,2016-04-17,11,2.84,6.2
2347167796,2016-04-17,12,1.1,2.6
2347167796,2016-04-17,13,2.19,6.0
2347167796,2016-04-17,14,2.0,4.0
2347167796,2016-04-17,15,1.58,3.4
2347167796,2016-04-17,16,1.32,2.8
2347167796,2016-04-17,17,1.55,3.4
2347167796,2016-04-17,18,1.74,4.0
2347167796,2016-04-17,19,1.65,3.8
2347167796,2016-04-17,20,1.5,3.4
2347167796,2016-04-17,21,1.44,3.2
2347167796,2016-04-17,22,1.01,1.1
2347167796,2016-04-17,23,1.0,1.1
2347167796,2016-04-18,0,1.05,2.4
2347167796,2016-04-18,1,1.01,1.1
2347167796,2016-04-18,2,1.01,1.1
2347167796,2016-04-18,3,1.01,1.1
2347167796,2016-04-18,4,1.01,1.1
2347167796,2016-04-18,5,1.0,1.1
2347167796,2016-04-18,6,1.07,2.4
2347167796,2016-04-18,7,1.68,3.8
2347167796,2016-04-18,8,2.16,6.2
2347167796,2016-04-18,9,1.15,2.4
2347167796,2016-04-18,10,1.35,3.0
2347167796,2016-04-18,11,1.28,3.4
2347167796,2016-04-18,12,1.23,2.8
2347167796,2016-04-18,13,2.36,6.0
2347167796,2016-04-18,14,1.75,5.8
2347167796,2016-04-18,15,1.26,3.4
2347167796,2016-04-18,16,1.39,3.4
2347167796,2016-04-18,17,1.18,3.2
2347167796,2016-04-18,18,2.26,5.8
2347167796,2016-04-18,19,1.34,2.8
2347167796,2016-04-18,20,3.66,7.2
2347167796,2016-04-18,21,1.18,3.2
2347167796,2016-04-18,22,1.06,2.4
2347167796,2016-04-18,23,1.0,1.1
2347167796,2016-04-19,0,1.0,1.1
2347167796,2016-04-19,1,1.01,1.3
2347167796,2016-04-19,2,1.01,1.1
2347167796,2016-04-19,3,1.0,1.0
2347167796,2016-04-19,4,1.0,1.1
2347167796,2016-04-19,5,1.05,3.4
2347167796,2016-04-19,6,1.17,4.6
2347167796,2016-04-19,7,1.51,4.0
2347167796,2016-04-19,8,2.55,7.2
2347167796,2016-04-19,9,1.79,4.0
2347167796,2016-04-19,10,2.24,4.2
2347167796,2016-04-19,11,3.54,5.4
2347167796,2016-04-19,12,2.88,4.8
2347167796,2016-04-19,13,2.2,5.4
2347167796,2016-04-19,14,2.13,5.1
2347167796,2016-04-19,15,2.18,4.8
2347167796,2016-04-19,16,1.93,4.0
2347167796,2016-04-19,17,1.3,3.2
2347167796,2016-04-19,18,2.69,12.0
2347167796,2016-04-19,19,2.22,6.0
2347167796,2016-04-19,20,1.72,3.4
2347167796,2016-04-19,21,1.45,3.8
2347167796,2016-04-19,22,1.0,1.0
2347167796,2016-04-19,23,1.0,1.0
2347167796,2016-04-20,0,1.0,1.0
2347167796,2016-04-20,1,1.0,1.0
2347167796,2016-04-20,2,1.0,1.0
2347167796,2016-04-20,3,1.0,1.0
2347167796,2016-04-20,4,1.0,1.0
2347167796,2016-04-20,5,1.0,1.0
2347167796,2016-04-20,6,1.0,1.0
2347167796,2016-04-20,7,3.52,9.4
2347167796,2016-04-20,8,2.25,6.2
2347167796,2016-04-20,9,1.21,3.0
2347167796,2016-04-20,10,1.32,5.0
2347167796,2016-04-20,11,1.2,3.4
2347167796,2016-04-20,12,1.46,3.0
2347167796,2016-04-20,13,1.7,5.6
2347167796,2016-04-20,14,1.5,3.6
2347167796,2016-04-20,15,1.34,3.0
2347167796,2016-04-20,16,1.58,3.2
2347167796,2016-04-20,17,1.82,4.2
2347167796,2016-04-20,18,3.66,7.8
2347167796,2016-04-20,19,2.49,4.8
2347167796,2016-04-20,20,3.21,8.4
2347167796,2016-04-20,21,1.41,3.4
2347167796,2016-04-20,22,1.26,3.2
2347167796,2016-04-20,23,1.0,1.1
2347167796,2016-04-21,0,1.03,2.4
2347167796,2016-04-21,1,1.0,1.1
2347167796,2016-04-21,2,1.03,2.4
2347167796,2016-04-21,3,1.0,1.1
2347167796,2016-04-21,4,1.0,1.1
2347167796,2016-04-21,5,1.0,1.1
2347167796,2016-04-21,6,1.22,5.8
2347167796,2016-04-21,7,1.46,3.6
2347167796,2016-04-21,8,2.11,6.2
2347167796,2016-04-21,9,1.11,2.4
2347167796,2016-04-21,10,1.32,2.8
2347167796,2016-04-21,11,1.34,3.2
2347167796,2016-04-21,12,1.86,5.4
2347167796,2016-04-21,13,1.44,4.8
2347167796,2016-04-21,14,1.67,3.6
2347167796,2016-04-21,15,1.32,2.8
2347167796,2016-04-21,16,1.27,3.0
2347167796,2016-04-21,17,1.2,2.8
2347167796,2016-04-21,18,2.37,6.2
2347167796,2016-04-21,19,1.58,3.4
2347167796,2016-04-21,20,2.71,7.0
2347167796,2016-04-21,21,4.07,10.4
2347167796,2016-04-21,22,1.16,3.6
2347167796,2016-04-21,23,1.02,1.1
2347167796,2016-04-22,0,1.01,1.3
2347167796,2016-04-22,1,1.01,1.1
2347167796,2016-04-22,2,1.01,1.1
2347167796,2016-04-22,3,1.0,1.1
2347167796,2016-04-22,4,1.1,2.6
2347167796,2016-04-22,5,1.03,2.4
2347167796,2016-04-22,6,1.05,2.6
2347167796,2016-04-22,7,4.51,10.2
2347167796,2016-04-22,8,1.98,5.6
2347167796,2016-04-22,9,1.18,2.6
2347167796,2016-04-22,10,1.24,2.8
2347167796,2016-04-22,11,1.29,4.7
2347167796,2016-04-22,12,1.57,3.6
2347167796,2016-04-22,13,1.71,3.8
2347167796,2016-04-22,14,1.62,3.6
2347167796,2016-04-22,15,1.62,4.4
2347167796,2016-04-22,16,1.42,3.6
2347167796,2016-04-22,17,1.7,4.4
2347167796,2016-04-22,18,2.05,5.4
2347167796,2016-04-22,19,1.09,2.6
2347167796,2016-04-22,20,1.18,3.2
2347167796,2016-04-22,21,1.04,1.1
2347167796,2016-04-22,22,1.02,1.1
2347167796,2016-04-22,23,1.07,2.6
2347167796,2016-04-23,0,1.01,1.1
2347167796,2016-04-23,1,1.0,1.1
2347167796,2016-04-23,2,1.01,1.1
2347167796,2016-04-23,3,1.02,2.2
2347167796,2016-04-23,4,1.0,1.0
2347167796,2016-04-23,5,1.01,1.1
2347167796,2016-04-23,6,1.05,2.4
2347167796,2016-04-23,7,1.28,4.6
2347167796,2016-04-23,8,5.33,9.9
2347167796,2016-04-23,9,1.59,5.8
2347167796,2016-04-23,10,2.12,5.0
2347167796,2016-04-23,11,3.87,6.4
2347167796,2016-04-23,12,2.32,6.0
2347167796,2016-04-23,13,3.75,6.8
2347167796,2016-04-23,14,1.88,4.2
2347167796,2016-04-23,15,1.26,3.4
2347167796,2016-04-23,16,1.6,5.8
2347167796,2016-04-23,17,2.6,5.8
2347167796,2016-04-23,18,2.38,6.4
2347167796,2016-04-23,19,1.93,3.8
2347167796,2016-04-23,20,2.78,6.2
2347167796,2016-04-23,21,1.55,3.4
2347167796,2016-04-23,22,2.03,4.4
2347167796,2016-04-23,23,1.23,3.0
2347167796,2016-04-24,0,1.01,1.2
2347167796,2016-04-24,1,1.0,1.1
2347167796,2016-04-24,2,1.01,1.1
2347167796,2016-04-24,3,1.0,1.1
2347167796,2016-04-24,4,1.0,1.1
2347167796,2016-04-24,5,1.0,1.0
2347167796,2016-04-24,6,1.03,2.4
2347167796,2016-04-24,7,1.46,4.6
2347167796,2016-04-24,8,2.35,6.0
2347167796,2016-04-24,9,1.82,4.6
2347167796,2016-04-24,10,2.29,5.4
2347167796,2016-04-24,11,2.63,6.2
2347167796,2016-04-24,12,1.25,3.2
2347167796,2016-04-24,13,2.4,6.4
2347167796,2016-04-24,14,1.57,3.8
2347167796,2016-04-24,15,1.69,4.0
2347167796,2016-04-24,16,1.41,3.8
2347167796,2016-04-24,17,1.45,3.2
2347167796,2016-04-24,18,2.21,4.4
2347167796,2016-04-24,19,3.19,5.4
2347167796,2016-04-24,20,2.08,4.6
2347167796,2016-04-24,21,1.87,3.8
2347167796,2016-04-24,22,1.01,1.3
2347167796,2016-04-24,23,1.0,1.0
2347167796,2016-04-25,0,1.0,1.0
2347167796,2016-04-25,1,1.01,1.1
2347167796,2016-04-25,2,1.03,2.4
2347167796,2016-04-25,3,1.0,1.1
2347167796,2016-04-25,4,1.0,1.1
2347167796,2016-04-25,5,1.02,2.2
2347167796,2016-04-25,6,1.08,2.4
2347167796,2016-04-25,7,1.55,4.6
2347167796,2016-04-25,8,2.26,5.6
2347167796,2016-04-25,9,1.44,5.0
2347167796,2016-04-25,10,1.44,3.6
2347167796,2016-04-25,11,1.28,3.6
2347167796,2016-04-25,12,1.9,5.8
2347167796,2016-04-25,13,1.28,3.2
2347167796,2016-04-25,14,1.46,3.0
2347167796,2016-04-25,15,1.48,3.4
2347167796,2016-04-25,16,1.33,3.4
2347167796,2016-04-25,17,1.46,3.4
2347167796,2016-04-25,18,3.72,8.1
2347167796,2016-04-25,19,3.59,9.9
2347167796,2016-04-25,20,1.78,4.6
2347167796,2016-04-25,21,1.37,3.2
2347167796,2016-04-25,22,1.62,5.2
2347167796,2016-04-25,23,1.01,1.2
2347167796,2016-04-26,0,1.0,1.1
2347167796,2016-04-26,1,1.02,1.1
2347167796,2016-04-26,2,1.01,1.1
2347167796,2016-04-26,3,1.0,1.1
2347167796,2016-04-26,4,1.0,1.1
2347167796,2016-04-26,5,1.01,1.1
2347167796,2016-04-26,6,1.32,4.4
2347167796,2016-04-26,7,1.27,5.8
2347167796,2016-04-26,8,2.09,5.6
2347167796,2016-04-26,9,1.44,4.4
2347167796,2016-04-26,10,1.41,3.0
2347167796,2016-04-26,11,1.5,4.6
2347167796,2016-04-26,12,1.52,4.0
2347167796,2016-04-26,13,2.31,5.2
2347167796,2016-04-26,14,1.43,3.8
2347167796,2016-04-26,15,1.11,2.6
2347167796,2016-04-26,16,1.25,3.2
2347167796,2016-04-26,17,1.13,2.6
2347167796,2016-04-26,18,2.54,5.6
2347167796,2016-04-26,19,1.64,3.4
2347167796,2016-04-26,20,1.46,3.2
2347167796,2016-04-26,21,1.41,4.4
2347167796,2016-04-26,22,1.09,2.6
2347167796,2016-04-26,23,1.01,1.1
2347167796,2016-04-27,0,1.01,1.1
2347167796,2016-04-27,1,1.01,1.1
2347167796,2016-04-27,2,1.01,1.1
2347167796,2016-04-27,3,1.0,1.1
2347167796,2016-04-27,4,1.0,1.1
2347167796,2016-04-27,5,1.01,1.1
2347167796,2016-04-27,6,1.07,2.8
2347167796,2016-04-27,7,1.34,3.4
2347167796,2016-04-27,8,1.89,5.4
2347167796,2016-04-27,9,1.39,3.8
2347167796,2016-04-27,10,1.56,3.4
2347167796,2016-04-27,11,1.45,3.2
2347167796,2016-04-27,12,1.62,5.0
2347167796,2016-04-27,13,1.46,3.6
2347167796,2016-04-27,14,2.02,5.4
2347167796,2016-04-27,15,1.49,3.2
2347167796,2016-04-27,16,1.47,3.4
2347167796,2016-04-27,17,1.69,2.8
2347167796,2016-04-27,18,2.62,5.6
2347167796,2016-04-27,19,5.26,8.5
2347167796,2016-04-27,20,2.57,5.8
2347167796,2016-04-27,21,1.66,3.6
2347167796,2016-04-27,22,1.21,3.4
2347167796,2016-04-27,23,1.05,2.7
2347167796,2016-04-28,0,1.03,2.6
2347167796,2016-04-28,1,1.0,1.0
2347167796,2016-04-28,2,1.08,2.4
2347167796,2016-04-28,3,1.01,1.1
2347167796,2016-04-28,4,1.0,1.0
2347167796,2016-04-28,5,1.0,1.1
2347167796,2016-04-28,6,1.37,5.4
2347167796,2016-04-28,7,1.06,4.6
2347167796,2016-04-28,8,2.57,6.2
2347167796,2016-04-28,9,1.36,3.2
2347167796,2016-04-28,10,1.22,4.0
2347167796,2016-04-28,11,1.7,4.6
2347167796,2016-04-28,12,1.5,4.0
2347167796,2016-04-28,13,1.38,3.6
2347167796,2016-04-28,14,1.52,3.8
2347167796,2016-04-28,15,1.57,4.2
2347167796,2016-04-28,16,1.42,3.0
2347167796,2016-04-28,17,1.39,3.2
2347167796,2016-04-28,18,2.25,5.8
2347167796,2016-04-28,19,1.25,2.6
2347167796,2016-04-28,20,1.41,2.8
2347167796,2016-04-28,21,1.18,2.6
2347167796,2016-04-28,22,1.59,4.8
2347167796,2016-04-28,23,1.0,1.1
2347167796,2016-04-29,0,1.0,1.1
2347167796,2016-04-29,1,1.03,2.4
2347167796,2016-04-29,2,1.01,1.1
2347167796,2016-04-29,3,1.0,1.1
2347167796,2016-04-29,4,1.05,2.6
2347167796,2016-04-29,5,1.01,1.1
2873212765,2016-04-12,0,1.0,1.0
2873212765,2016-04-12,1,1.0,1.0
2873212765,2016-04-12,2,1.0,1.0
2873212765,2016-04-12,3,1.0,1.0
2873212765,2016-04-12,4,1.0,1.0
2873212765,2016-04-12,5,1.78,3.8
2873212765,2016-04-12,6,1.2,3.0
2873212765,2016-04-12,7,2.28,6.8
2873212765,2016-04-12,8,2.6,6.4
2873212765,2016-04-12,9,2.67,4.6
2873212765,2016-04-12,10,2.24,4.0
2873212765,2016-04-12,11,1.34,5.8
2873212765,2016-04-12,12,2.87,6.4
2873212765,2016-04-12,13,2.11,6.8
2873212765,2016-04-12,14,1.31,4.0
2873212765,2016-04-12,15,1.21,3.0
2873212765,2016-04-12,16,1.44,6.6
2873212765,2016-04-12,17,1.32,3.0
2873212765,2016-04-12,18,2.33,6.2
2873212765,2016-04-12,19,1.43,4.0
2873212765,2016-04-12,20,1.41,3.4
2873212765,2016-04-12,21,1.09,2.8
2873212765,2016-04-12,22,1.0,1.0
2873212765,2016-04-12,23,1.0,1.0
2873212765,2016-04-13,0,1.0,1.0
2873212765,2016-04-13,1,1.0,1.0
2873212765,2016-04-13,2,1.0,1.0
2873212765,2016-04-13,3,1.0,1.0
2873212765,2016-04-13,4,1.0,1.0
2873212765,2016-04-13,5,1.66,3.0
2873212765,2016-04-13,6,1.5,6.6
2873212765,2016-04-13,7,1.86,7.6
2873212765,2016-04-13,8,2.31,6.4
2873212765,2016-04-13,9,2.52,4.8
2873212765,2016-04-13,10,2.23,9.0
2873212765,2016-04-13,11,1.77,6.4
2873212765,2016-04-13,12,2.54,6.8
2873212765,2016-04-13,13,2.29,6.2
2873212765,2016-04-13,14,1.32,4.4
2873212765,2016-04-13,15,1.66,5.8
2873212765,2016-04-13,16,1.56,3.6
2873212765,2016-04-13,17,1.91,3.8
2873212765,2016-04-13,18,1.51,3.6
2873212765,2016-04-13,19,1.39,3.0
2873212765,2016-04-13,20,1.29,3.4
2873212765,2016-04-13,21,1.08,2.6
2873212765,2016-04-13,22,1.53,3.6
2873212765,2016-04-13,23,1.1,3.4
2873212765,2016-04-14,0,1.0,1.0
2873212765,2016-04-14,1,1.0,1.0
2873212765,2016-04-14,2,1.0,1.0
2873212765,2016-04-14,3,1.0,1.0
2873212765,2016-04-14,4,1.0,1.0
2873212765,2016-04-14,5,1.0,1.0
2873212765,2016-04-14,6,1.46,3.2
2873212765,2016-04-14,7,2.33,6.8
2873212765,2016-04-14,8,2.26,6.6
2873212765,2016-04-14,9,2.3,8.6
2873212765,2016-04-14,10,2.16,6.2
2873212765,2016-04-14,11,1.46,7.0
2873212765,2016-04-14,12,1.59,6.0
2873212765,2016-04-14,13,1.98,7.0
2873212765,2016-04-14,14,1.75,7.8
2873212765,2016-04-14,15,1.84,7.0
2873212765,2016-04-14,16,1.03,3.0
2873212765,2016-04-14,17,1.66,4.0
2873212765,2016-04-14,18,1.87,4.8
2873212765,2016-04-14,19,1.4,3.4
2873212765,2016-04-14,20,1.47,2.8
2873212765,2016-04-14,21,1.38,3.8
2873212765,2016-04-14,22,1.0,1.0
2873212765,2016-04-14,23,1.0,1.0
2873212765,2016-04-15,0,1.0,1.0
2873212765,2016-04-15,1,1.0,1.0
2873212765,2016-04-15,2,1.0,1.0
2873212765,2016-04-15,3,1.0,1.0
2873212765,2016-04-15,4,1.0,1.0
2873212765,2016-04-15,5,1.74,3.6
2873212765,2016-04-15,6,1.81,6.0
2873212765,2016-04-15,7,2.09,7.0
2873212765,2016-04-15,8,1.97,6.6
2873212765,2016-04-15,9,2.22,4.6
2873212765,2016-04-15,10,2.08,4.8
2873212765,2016-04-15,11,1.87,6.0
2873212765,2016-04-15,12,2.47,6.8
2873212765,2016-04-15,13,2.01,7.4
2873212765,2016-04-15,14,2.37,5.6
2873212765,2016-04-15,15,1.85,6.2
2873212765,2016-04-15,16,2.12,6.6
2873212765,2016-04-15,17,1.43,3.4
2873212765,2016-04-15,18,1.73,3.0
2873212765,2016-04-15,19,1.35,4.0
2873212765,2016-04-15,20,1.81,4.0
2873212765,2016-04-15,21,1.25,4.8
2873212765,2016-04-15,22,1.0,1.0
2873212765,2016-04-15,23,1.0,1.0
2873212765,2016-04-16,0,1.0,1.0
2873212765,2016-04-16,1,1.0,1.0
2873212765,2016-04-16,2,1.0,1.0
2873212765,2016-04-16,3,1.0,1.0
2873212765,2016-04-16,4,1.0,1.0
2873212765,2016-04-16,5,1.0,1.0
2873212765,2016-04-16,6,1.0,1.0
2873212765,2016-04-16,7,5.47,9.6
2873212765,2016-04-16,8,3.85,9.6
2873212765,2016-04-16,9,1.38,3.4
2873212765,2016-04-16,10,1.49,3.4
2873212765,2016-04-16,11,1.76,3.8
2873212765,2016-04-16,12,2.18,6.4
2873212765,2016-04-16,13,1.02,2.4
2873212765,2016-04-16,14,1.96,7.0
2873212765,2016-04-16,15,2.57,8.2
2873212765,2016-04-16,16,1.57,4.0
2873212765,2016-04-16,17,1.92,4.4
2873212765,2016-04-16,18,1.42,4.0
2873212765,2016-04-16,19,1.72,4.0
2873212765,2016-04-16,20,1.81,4.2
2873212765,2016-04-16,21,1.32,3.8
2873212765,2016-04-16,22,1.22,3.4
2873212765,2016-04-16,23,1.15,2.8
2873212765,2016-04-17,0,1.56,3.6
2873212765,2016-04-17,1,1.0,1.0
2873212765,2016-04-17,2,1.0,1.0
2873212765,2016-04-17,3,1.0,1.0
2873212765,2016-04-17,4,1.0,1.0
2873212765,2016-04-17,5,1.0,1.0
2873212765,2016-04-17,6,1.0,1.0
2873212765,2016-04-17,7,1.0,1.0
2873212765,2016-04-17,8,1.0,1.0
2873212765,2016-04-17,9,1.0,1.0
2873212765,2016-04-17,10,1.17,3.6
2873212765,2016-04-17,11,1.03,2.6
2873212765,2016-04-17,12,1.05,2.6
2873212765,2016-04-17,13,2.28,5.8
2873212765,2016-04-17,14,1.78,4.4
2873212765,2016-04-17,15,1.24,3.4
2873212765,2016-04-17,16,1.1,2.6
2873212765,2016-04-17,17,1.51,3.0
2873212765,2016-04-17,18,1.32,4.6
2873212765,2016-04-17,19,1.56,3.2
2873212765,2016-04-17,20,1.34,3.0
2873212765,2016-04-17,21,1.1,3.4
2873212765,2016-04-17,22,1.0,1.0
2873212765,2016-04-17,23,1.0,1.0
2873212765,2016-04-18,0,1.0,1.0
2873212765,2016-04-18,1,1.0,1.0
2873212765,2016-04-18,2,1.0,1.0
2873212765,2016-04-18,3,1.0,1.0
2873212765,2016-04-18,4,1.0,1.0
2873212765,2016-04-18,5,1.49,3.4
2873212765,2016-04-18,6,1.42,6.8
2873212765,2016-04-18,7,2.1,7.6
2873212765,2016-04-18,8,2.87,8.2
2873212765,2016-04-18,9,2.33,4.2
2873212765,2016-04-18,10,1.96,8.7
2873212765,2016-04-18,11,1.4,5.0
2873212765,2016-04-18,12,2.81,5.8
2873212765,2016-04-18,13,2.09,6.4
2873212765,2016-04-18,14,1.23,3.6
2873212765,2016-04-18,15,1.38,7.6
2873212765,2016-04-18,16,1.48,4.6
2873212765,2016-04-18,17,1.49,3.0
2873212765,2016-04-18,18,1.36,4.0
2873212765,2016-04-18,19,1.2,3.4
2873212765,2016-04-18,20,1.28,3.4
2873212765,2016-04-18,21,1.0,1.0
2873212765,2016-04-18,22,1.0,1.0
2873212765,2016-04-18,23,1.0,1.0
2873212765,2016-04-19,0,1.0,1.0
2873212765,2016-04-19,1,1.0,1.0
2873212765,2016-04-19,2,1.0,1.0
2873212765,2016-04-19,3,1.0,1.0
2873212765,2016-04-19,4,1.0,1.0
2873212765,2016-04-19,5,1.53,4.4
2873212765,2016-04-19,6,1.26,6.2
2873212765,2016-04-19,7,1.67,6.8
2873212765,2016-04-19,8,2.69,9.3
2873212765,2016-04-19,9,2.08,4.2
2873212765,2016-04-19,10,2.45,5.6
2873212765,2016-04-19,11,1.66,5.2
2873212765,2016-04-19,12,2.54,6.4
2873212765,2016-04-19,13,2.26,6.4
2873212765,2016-04-19,14,1.71,3.0
2873212765,2016-04-19,15,1.38,6.0
2873212765,2016-04-19,16,1.56,4.0
2873212765,2016-04-19,17,1.69,4.2
2873212765,2016-04-19,18,1.96,5.4
2873212765,2016-04-19,19,1.2,3.4
2873212765,2016-04-19,20,1.2,3.2
2873212765,2016-04-19,21,1.2,3.2
2873212765,2016-04-19,22,1.11,2.8
2873212765,2016-04-19,23,1.0,1.0
2873212765,2016-04-20,0,1.0,1.0
2873212765,2016-04-20,1,1.0,1.0
2873212765,2016-04-20,2,1.0,1.0
2873212765,2016-04-20,3,1.0,1.0
2873212765,2016-04-20,4,1.0,1.0
2873212765,2016-04-20,5,1.65,3.4
2873212765,2016-04-20,6,1.35,3.0
2873212765,2016-04-20,7,2.08,7.2
2873212765,2016-04-20,8,2.05,6.8
2873212765,2016-04-20,9,2.26,4.4
2873212765,2016-04-20,10,2.07,6.8
2873212765,2016-04-20,11,1.68,5.8
2873212765,2016-04-20,12,2.8,6.2
2873212765,2016-04-20,13,2.29,7.0
2873212765,2016-04-20,14,1.24,3.8
2873212765,2016-04-20,15,1.41,6.8
2873212765,2016-04-20,16,1.87,3.6
2873212765,2016-04-20,17,4.38,9.5
2873212765,2016-04-20,18,1.09,3.0
2873212765,2016-04-20,19,1.23,3.4
2873212765,2016-04-20,20,1.61,3.6
2873212765,2016-04-20,21,1.71,3.8
2873212765,2016-04-20,22,1.13,3.8
2873212765,2016-04-20,23,1.0,1.0
2873212765,2016-04-21,0,1.0,1.0
2873212765,2016-04-21,1,1.0,1.0
2873212765,2016-04-21,2,1.0,1.0
2873212765,2016-04-21,3,1.0,1.0
2873212765,2016-04-21,4,1.0,1.0
2873212765,2016-04-21,5,1.0,1.0
2873212765,2016-04-21,6,1.47,3.2
2873212765,2016-04-21,7,2.8,7.0
2873212765,2016-04-21,8,1.88,4.0
2873212765,2016-04-21,9,2.34,6.0
2873212765,2016-04-21,10,2.2,7.7
2873212765,2016-04-21,11,1.42,7.2
2873212765,2016-04-21,12,1.73,6.6
2873212765,2016-04-21,13,2.0,6.4
2873212765,2016-04-21,14,2.02,7.4
2873212765,2016-04-21,15,1.97,6.0
2873212765,2016-04-21,16,2.16,4.2
2873212765,2016-04-21,17,2.08,4.6
2873212765,2016-04-21,18,1.59,3.8
2873212765,2016-04-21,19,1.14,2.8
2873212765,2016-04-21,20,1.43,3.2
2873212765,2016-04-21,21,1.32,4.0
2873212765,2016-04-21,22,1.0,1.0
2873212765,2016-04-21,23,1.0,1.0
2873212765,2016-04-22,0,1.0,1.0
2873212765,2016-04-22,1,1.0,1.0
2873212765,2016-04-22,2,1.0,1.0
2873212765,2016-04-22,3,1.0,1.0
2873212765,2016-04-22,4,1.0,1.0
2873212765,2016-04-22,5,1.53,4.6
2873212765,2016-04-22,6,1.38,2.8
2873212765,2016-04-22,7,2.16,6.8
2873212765,2016-04-22,8,2.16,6.4
2873212765,2016-04-22,9,2.19,3.8
2873212765,2016-04-22,10,2.51,4.4
2873212765,2016-04-22,11,1.6,5.4
2873212765,2016-04-22,12,2.48,6.0
2873212765,2016-04-22,13,2.24,6.8
2873212765,2016-04-22,14,1.33,4.0
2873212765,2016-04-22,15,1.64,5.0
2873212765,2016-04-22,16,1.79,6.4
2873212765,2016-04-22,17,1.94,3.8
2873212765,2016-04-22,18,1.44,3.2
2873212765,2016-04-22,19,1.28,4.6
2873212765,2016-04-22,20,1.08,2.8
2873212765,2016-04-22,21,1.03,2.6
2873212765,2016-04-22,22,1.17,2.6
2873212765,2016-04-22,23,1.19,3.2
2873212765,2016-04-23,0,1.0,1.0
2873212765,2016-04-23,1,1.0,1.0
2873212765,2016-04-23,2,1.0,1.0
2873212765,2016-04-23,3,1.0,1.0
2873212765,2016-04-23,4,1.0,1.0
2873212765,2016-04-23,5,1.0,1.0
2873212765,2016-04-23,6,1.0,1.0
2873212765,2016-04-23,7,1.52,2.8
2873212765,2016-04-23,8,6.03,14.9
2873212765,2016-04-23,9,1.51,3.2
2873212765,2016-04-23,10,1.75,4.0
2873212765,2016-04-23,11,1.6,3.2
2873212765,2016-04-23,12,1.5,3.0
2873212765,2016-04-23,13,2.73,7.4
2873212765,2016-04-23,14,2.25,6.2
2873212765,2016-04-23,15,2.16,4.8
2873212765,2016-04-23,16,1.35,3.0
2873212765,2016-04-23,17,1.25,2.8
2873212765,2016-04-23,18,1.65,3.4
2873212765,2016-04-23,19,1.63,4.2
2873212765,2016-04-23,20,1.14,2.8
2873212765,2016-04-23,21,1.05,2.4
2873212765,2016-04-23,22,1.39,4.0
2873212765,2016-04-23,23,1.0,1.0
2873212765,2016-04-24,0,1.0,1.0
2873212765,2016-04-24,1,1.0,1.0
2873212765,2016-04-24,2,1.0,1.0
2873212765,2016-04-24,3,1.0,1.0
2873212765,2016-04-24,4,1.0,1.0
2873212765,2016-04-24,5,1.0,1.0
2873212765,2016-04-24,6,1.0,1.0
2873212765,2016-04-24,7,1.48,2.8
2873212765,2016-04-24,8,7.8,9.5
2873212765,2016-04-24,9,1.39,3.2
2873212765,2016-04-24,10,1.36,3.0
2873212765,2016-04-24,11,1.78,4.2
2873212765,2016-04-24,12,1.72,5.4
2873212765,2016-04-24,13,1.06,3.0
2873212765,2016-04-24,14,1.48,4.8
2873212765,2016-04-24,15,1.43,4.6
2873212765,2016-04-24,16,1.49,3.2
2873212765,2016-04-24,17,1.4,4.0
2873212765,2016-04-24,18,1.07,2.6
2873212765,2016-04-24,19,1.19,4.4
2873212765,2016-04-24,20,1.22,3.0
2873212765,2016-04-24,21,1.3,3.2
2873212765,2016-04-24,22,1.0,1.0
2873212765,2016-04-24,23,1.0,1.0
2873212765,2016-04-25,0,1.0,1.0
2873212765,2016-04-25,1,1.0,1.0
2873212765,2016-04-25,2,1.0,1.0
2873212765,2016-04-25,3,1.0,1.0
2873212765,2016-04-25,4,1.0,1.0
2873212765,2016-04-25,5,1.54,3.0
2873212765,2016-04-25,6,1.38,5.0
2873212765,2016-04-25,7,1.75,6.6
2873212765,2016-04-25,8,2.12,7.0
2873212765,2016-04-25,9,2.8,9.6
2873212765,2016-04-25,10,2.65,7.6
2873212765,2016-04-25,11,1.92,5.0
2873212765,2016-04-25,12,2.34,6.2
2873212765,2016-04-25,13,1.95,7.2
2873212765,2016-04-25,14,1.11,3.6
2873212765,2016-04-25,15,1.31,4.6
2873212765,2016-04-25,16,1.9,6.2
2873212765,2016-04-25,17,1.52,2.8
2873212765,2016-04-25,18,1.59,3.6
2873212765,2016-04-25,19,1.26,3.0
2873212765,2016-04-25,20,1.0,1.0
2873212765,2016-04-25,21,1.2,3.0
2873212765,2016-04-25,22,1.0,1.0
2873212765,2016-04-25,23,1.0,1.0
2873212765,2016-04-26,0,1.0,1.0
2873212765,2016-04-26,1,1.0,1.0
2873212765,2016-04-26,2,1.0,1.0
2873212765,2016-04-26,3,1.0,1.0
2873212765,2016-04-26,4,1.0,1.0
2873212765,2016-04-26,5,1.46,4.2
2873212765,2016-04-26,6,1.29,6.4
2873212765,2016-04-26,7,1.79,6.4
2873212765,2016-04-26,8,2.73,9.0
2873212765,2016-04-26,9,2.25,4.4
2873212765,2016-04-26,10,2.04,3.6
2873212765,2016-04-26,11,1.55,5.0
2873212765,2016-04-26,12,2.35,6.8
2873212765,2016-04-26,13,2.01,6.8
2873212765,2016-04-26,14,1.13,3.2
2873212765,2016-04-26,15,1.21,4.4
2873212765,2016-04-26,16,1.34,4.8
2873212765,2016-04-26,17,1.66,6.6
2873212765,2016-04-26,18,2.01,8.0
2873212765,2016-04-26,19,1.79,5.0
2873212765,2016-04-26,20,1.11,3.0
2873212765,2016-04-26,21,1.17,3.0
2873212765,2016-04-26,22,1.0,1.0
2873212765,2016-04-26,23,1.0,1.0
2873212765,2016-04-27,0,1.0,1.0
2873212765,2016-04-27,1,1.0,1.0
2873212765,2016-04-27,2,1.0,1.0
2873212765,2016-04-27,3,1.0,1.0
2873212765,2016-04-27,4,1.0,1.0
2873212765,2016-04-27,5,1.0,1.0
2873212765,2016-04-27,6,5.53,9.5
2873212765,2016-04-27,7,3.26,9.5
2873212765,2016-04-27,8,1.43,2.8
2873212765,2016-04-27,9,2.19,7.8
2873212765,2016-04-27,10,1.98,3.6
2873212765,2016-04-27,11,1.4,4.6
2873212765,2016-04-27,12,2.3,8.8
2873212765,2016-04-27,13,1.14,3.6
2873212765,2016-04-27,14,1.1,3.4
2873212765,2016-04-27,15,1.2,3.2
2873212765,2016-04-27,16,1.0,1.0
2873212765,2016-04-27,17,1.58,6.8
2873212765,2016-04-27,18,1.7,3.8
2873212765,2016-04-27,19,1.31,3.8
2873212765,2016-04-27,20,1.15,2.6
2873212765,2016-04-27,21,1.2,4.2
2873212765,2016-04-27,22,1.0,1.0
2873212765,2016-04-27,23,1.0,1.0
2873212765,2016-04-28,0,1.0,1.0
2873212765,2016-04-28,1,1.0,1.0
2873212765,2016-04-28,2,1.0,1.0
2873212765,2016-04-28,3,1.0,1.0
2873212765,2016-04-28,4,1.0,1.0
2873212765,2016-04-28,5,1.0,1.0
2873212765,2016-04-28,6,4.32,9.8
2873212765,2016-04-28,7,2.53,8.7
2873212765,2016-04-28,8,1.28,3.2
2873212765,2016-04-28,9,1.93,4.4
2873212765,2016-04-28,10,1.66,8.4
2873212765,2016-04-28,11,1.06,2.8
2873212765,2016-04-28,12,1.7,7.4
2873212765,2016-04-28,13,1.62,7.4
2873212765,2016-04-28,14,1.05,2.8
2873212765,2016-04-28,15,1.17,3.2
2873212765,2016-04-28,16,1.14,3.0
2873212765,2016-04-28,17,1.72,7.8
2873212765,2016-04-28,18,1.83,3.6
2873212765,2016-04-28,19,1.4,4.0
2873212765,2016-04-28,20,1.17,2.8
2873212765,2016-04-28,21,1.41,3.0
2873212765,2016-04-28,22,1.0,1.0
2873212765,2016-04-28,23,1.0,1.0
2873212765,2016-04-29,0,1.0,1.0
2873212765,2016-04-29,1,1.0,1.0
2873212765,2016-04-29,2,1.0,1.0
2873212765,2016-04-29,3,1.0,1.0
2873212765,2016-04-29,4,1.0,1.0
2873212765,2016-04-29,5,1.0,1.0
2873212765,2016-04-29,6,1.66,3.8
2873212765,2016-04-29,7,1.29,2.6
2873212765,2016-04-29,8,1.39,4.8
2873212765,2016-04-29,9,1.17,2.6
2873212765,2016-04-29,10,1.38,4.2
2873212765,2016-04-29,11,1.54,7.6
2873212765,2016-04-29,12,4.53,8.0
2873212765,2016-04-29,13,1.18,5.6
2873212765,2016-04-29,14,2.23,6.8
2873212765,2016-04-29,15,1.86,8.0
2873212765,2016-04-29,16,1.33,6.4
2873212765,2016-04-29,17,1.29,3.0
2873212765,2016-04-29,18,1.28,3.4
2873212765,2016-04-29,19,1.34,3.6
2873212765,2016-04-29,20,1.12,2.4
2873212765,2016-04-29,21,1.36,2.8
2873212765,2016-04-29,22,1.0,1.0
2873212765,2016-04-29,23,1.0,1.0
2873212765,2016-04-30,0,1.0,1.0
2873212765,2016-04-30,1,1.0,1.0
2873212765,2016-04-30,2,1.0,1.0
2873212765,2016-04-30,3,1.0,1.0
2873212765,2016-04-30,4,1.0,1.0
2873212765,2016-04-30,5,1.0,1.0
2873212765,2016-04-30,6,1.0,1.0
2873212765,2016-04-30,7,1.06,2.8
2873212765,2016-04-30,8,1.51,6.0
2873212765,2016-04-30,9,2.46,6.6
2873212765,2016-04-30,10,1.83,7.4
2873212765,2016-04-30,11,1.95,7.2
2873212765,2016-04-30,12,1.78,8.0
2873212765,2016-04-30,13,1.3,2.8
2873212765,2016-04-30,14,1.22,3.0
2873212765,2016-04-30,15,1.51,4.6
2873212765,2016-04-30,16,1.21,2.8
2873212765,2016-04-30,17,1.65,6.2
2873212765,2016-04-30,18,1.78,6.4
2873212765,2016-04-30,19,2.92,6.6
2873212765,2016-04-30,20,2.59,6.6
2873212765,2016-04-30,21,1.12,4.2
2873212765,2016-04-30,22,1.0,1.0
2873212765,2016-04-30,23,1.0,1.0
2873212765,2016-05-01,0,1.0,1.0
2873212765,2016-05-01,1,1.0,1.0
2873212765,2016-05-01,2,1.0,1.0
2873212765,2016-05-01,3,1.0,1.0
2873212765,2016-05-01,4,1.0,1.0
2873212765,2016-05-01,5,1.0,1.0
2873212765,2016-05-01,6,1.0,1.0
2873212765,2016-05-01,7,1.0,1.0
2873212765,2016-05-01,8,1.6,6.0
2873212765,2016-05-01,9,1.75,6.2
2873212765,2016-05-01,10,2.39,7.8
2873212765,2016-05-01,11,2.53,8.4
2873212765,2016-05-01,12,2.19,7.4
2873212765,2016-05-01,13,1.28,3.0
2873212765,2016-05-01,14,1.93,8.8
2873212765,2016-05-01,15,1.26,2.4
2873212765,2016-05-01,16,1.12,2.6
2873212765,2016-05-01,17,1.54,6.0
2873212765,2016-05-01,18,1.45,4.0
2873212765,2016-05-01,19,1.6,3.4
2873212765,2016-05-01,20,1.42,3.6
2873212765,2016-05-01,21,1.1,3.4
2873212765,2016-05-01,22,1.0,1.0
2873212765,2016-05-01,23,1.0,1.0
2873212765,2016-05-02,0,1.0,1.0
2873212765,2016-05-02,1,1.0,1.0
2873212765,2016-05-02,2,1.0,1.0
2873212765,2016-05-02,3,1.0,1.0
2873212765,2016-05-02,4,1.0,1.0
2873212765,2016-05-02,5,1.52,4.2
2873212765,2016-05-02,6,1.27,4.4
2873212765,2016-05-02,7,2.23,6.6
2873212765,2016-05-02,8,2.07,5.6
2873212765,2016-05-02,9,2.29,4.2
2873212765,2016-05-02,10,1.98,7.2
2873212765,2016-05-02,11,1.47,5.0
2873212765,2016-05-02,12,2.81,5.8
2873212765,2016-05-02,13,2.08,6.6
2873212765,2016-05-02,14,1.21,3.4
2873212765,2016-05-02,15,1.4,4.4
2873212765,2016-05-02,16,1.86,5.8
2873212765,2016-05-02,17,1.54,3.8
2873212765,2016-05-02,18,1.37,4.2
2873212765,2016-05-02,19,1.3,3.8
2873212765,2016-05-02,20,1.23,2.8
2873212765,2016-05-02,21,1.17,2.8
2873212765,2016-05-02,22,1.0,1.0
2873212765,2016-05-02,23,1.0,1.0
2873212765,2016-05-03,0,1.0,1.0
2873212765,2016-05-03,1,1.0,1.0
2873212765,2016-05-03,2,1.0,1.0
2873212765,2016-05-03,3,1.0,1.0
2873212765,2016-05-03,4,1.0,1.0
2873212765,2016-05-03,5,1.51,3.2
2873212765,2016-05-03,6,1.3,5.8
2873212765,2016-05-03,7,1.79,6.4
2873212765,2016-05-03,8,2.43,7.4
2873212765,2016-05-03,9,2.44,4.4
2873212765,2016-05-03,10,1.92,3.8
2873212765,2016-05-03,11,1.48,5.0
2873212765,2016-05-03,12,2.48,6.6
2873212765,2016-05-03,13,2.32,8.0
2873212765,2016-05-03,14,1.22,3.6
2873212765,2016-05-03,15,1.13,3.0
2873212765,2016-05-03,16,1.46,5.2
2873212765,2016-05-03,17,1.72,3.8
2873212765,2016-05-03,18,2.22,4.8
2873212765,2016-05-03,19,1.27,2.8
2873212765,2016-05-03,20,1.23,3.8
2873212765,2016-05-03,21,1.41,3.4
2873212765,2016-05-03,22,1.0,1.0
2873212765,2016-05-03,23,1.0,1.0
2873212765,2016-05-04,0,1.0,1.0
2873212765,2016-05-04,1,1.0,1.0
2873212765,2016-05-04,2,1.0,1.0
2873212765,2016-05-04,3,1.0,1.0
2873212765,2016-05-04,4,1.0,1.0
2873212765,2016-05-04,5,1.59,3.4
2873212765,2016-05-04,6,1.42,6.8
2873212765,2016-05-04,7,1.86,6.8
2873212765,2016-05-04,8,2.11,6.6
2873212765,2016-05-04,9,2.46,6.0
2873212765,2016-05-04,10,2.26,4.0
2873212765,2016-05-04,11,1.92,6.8
2873212765,2016-05-04,12,2.3,6.4
2873212765,2016-05-04,13,2.01,8.0
2873212765,2016-05-04,14,1.51,7.4
2873212765,2016-05-04,15,1.45,4.8
2873212765,2016-05-04,16,2.04,8.0
2873212765,2016-05-04,17,2.66,8.0
2873212765,2016-05-04,18,1.13,3.2
2873212765,2016-05-04,19,1.54,3.6
2873212765,2016-05-04,20,1.28,3.8
2873212765,2016-05-04,21,1.23,3.6
2873212765,2016-05-04,22,1.62,9.0
2873212765,2016-05-04,23,1.0,1.0
2873212765,2016-05-05,0,1.0,1.0
2873212765,2016-05-05,1,1.0,1.0
2873212765,2016-05-05,2,1.0,1.0
2873212765,2016-05-05,3,1.0,1.0
2873212765,2016-05-05,4,1.0,1.0
2873212765,2016-05-05,5,1.0,1.0
2873212765,2016-05-05,6,1.39,3.2
2873212765,2016-05-05,7,2.67,8.0
2873212765,2016-05-05,8,2.1,6.4
2873212765,2016-05-05,9,2.68,7.0
2873212765,2016-05-05,10,3.48,9.0
2873212765,2016-05-05,11,1.5,7.4
2873212765,2016-05-05,12,1.61,7.2
2873212765,2016-05-05,13,1.86,4.6
2873212765,2016-05-05,14,1.65,7.8
2873212765,2016-05-05,15,2.41,6.2
2873212765,2016-05-05,16,1.95,4.4
2873212765,2016-05-05,17,1.1,4.0
2873212765,2016-05-05,18,1.31,4.0
2873212765,2016-05-05,19,1.43,3.2
2873212765,2016-05-05,20,1.03,2.6
2873212765,2016-05-05,21,1.4,3.2
2873212765,2016-05-05,22,1.0,1.0
2873212765,2016-05-05,23,1.0,1.0
2873212765,2016-05-06,0,1.0,1.0
2873212765,2016-05-06,1,1.0,1.0
2873212765,2016-05-06,2,1.0,1.0
2873212765,2016-05-06,3,1.0,1.0
2873212765,2016-05-06,4,1.0,1.0
2873212765,2016-05-06,5,1.62,3.6
2873212765,2016-05-06,6,1.36,3.0
2873212765,2016-05-06,7,1.97,6.8
2873212765,2016-05-06,8,2.08,6.0
2873212765,2016-05-06,9,2.48,4.2
2873212765,2016-05-06,10,2.39,4.4
2873212765,2016-05-06,11,1.78,5.4
2873212765,2016-05-06,12,2.08,6.6
2873212765,2016-05-06,13,2.16,6.8
2873212765,2016-05-06,14,1.17,3.8
2873212765,2016-05-06,15,1.55,5.0
2873212765,2016-05-06,16,2.06,6.0
2873212765,2016-05-06,17,1.61,4.4
2873212765,2016-05-06,18,1.25,3.2
2873212765,2016-05-06,19,1.3,3.0
2873212765,2016-05-06,20,1.19,3.0
2873212765,2016-05-06,21,1.02,2.4
2873212765,2016-05-06,22,1.05,2.4
2873212765,2016-05-06,23,1.28,3.2
2873212765,2016-05-07,0,1.0,1.0
2873212765,2016-05-07,1,1.0,1.0
2873212765,2016-05-07,2,1.0,1.0
2873212765,2016-05-07,3,1.0,1.0
2873212765,2016-05-07,4,1.0,1.0
2873212765,2016-05-07,5,1.0,1.0
2873212765,2016-05-07,6,1.0,1.0
2873212765,2016-05-07,7,4.01,15.7
2873212765,2016-05-07,8,6.52,9.5
2873212765,2016-05-07,9,4.16,9.5
2873212765,2016-05-07,10,1.0,1.0
2873212765,2016-05-07,11,1.0,1.0
2873212765,2016-05-07,12,1.0,1.0
2873212765,2016-05-07,13,1.0,1.0
2873212765,2016-05-07,14,1.0,1.0
2873212765,2016-05-07,15,1.0,1.0
2873212765,2016-05-07,16,1.0,1.0
2873212765,2016-05-07,17,1.0,1.0
2873212765,2016-05-07,18,1.0,1.0
2873212765,2016-05-07,19,1.0,1.0
2873212765,2016-05-07,20,1.0,1.0
2873212765,2016-05-07,21,1.29,3.6
2873212765,2016-05-07,22,1.12,3.4
2873212765,2016-05-07,23,1.06,3.0
2873212765,2016-05-08,0,1.03,2.6
2873212765,2016-05-08,1,1.0,1.0
2873212765,2016-05-08,2,1.0,1.0
2873212765,2016-05-08,3,1.0,1.0
2873212765,2016-05-08,4,1.0,1.0
2873212765,2016-05-08,5,1.0,1.0
2873212765,2016-05-08,6,1.0,1.0
2873212765,2016-05-08,7,5.03,9.5
2873212765,2016-05-08,8,4.72,9.5
2873212765,2016-05-08,9,2.19,3.4
2873212765,2016-05-08,10,2.22,3.4
2873212765,2016-05-08,11,1.82,4.0
2873212765,2016-05-08,12,1.7,3.6
2873212765,2016-05-08,13,1.45,3.4
2873212765,2016-05-08,14,1.52,3.8
2873212765,2016-05-08,15,1.1,2.6
2873212765,2016-05-08,16,2.06,5.8
2873212765,2016-05-08,17,1.95,4.2
2873212765,2016-05-08,18,1.71,3.8
2873212765,2016-05-08,19,1.12,3.4
2873212765,2016-05-08,20,1.0,1.0
2873212765,2016-05-08,21,1.33,3.6
2873212765,2016-05-08,22,1.0,1.0
2873212765,2016-05-08,23,1.0,1.0
2873212765,2016-05-09,0,1.0,1.0
2873212765,2016-05-09,1,1.0,1.0
2873212765,2016-05-09,2,1.0,1.0
2873212765,2016-05-09,3,1.0,1.0
2873212765,2016-05-09,4,1.0,1.0
2873212765,2016-05-09,5,1.43,3.2
2873212765,2016-05-09,6,1.3,6.0
2873212765,2016-05-09,7,1.87,6.8
2873212765,2016-05-09,8,2.46,6.6
2873212765,2016-05-09,9,2.19,4.2
2873212765,2016-05-09,10,2.55,7.8
2873212765,2016-05-09,11,1.53,5.2
2873212765,2016-05-09,12,2.66,6.0
2873212765,2016-05-09,13,2.29,8.2
2873212765,2016-05-09,14,1.29,4.8
2873212765,2016-05-09,15,1.48,5.8
2873212765,2016-05-09,16,2.03,5.4
2873212765,2016-05-09,17,1.5,2.8
2873212765,2016-05-09,18,1.31,4.2
2873212765,2016-05-09,19,1.3,3.2
2873212765,2016-05-09,20,1.05,2.4
2873212765,2016-05-09,21,1.12,3.0
2873212765,2016-05-09,22,1.0,1.0
2873212765,2016-05-09,23,1.0,1.0
2873212765,2016-05-10,0,1.0,1.0
2873212765,2016-05-10,1,1.0,1.0
2873212765,2016-05-10,2,1.0,1.0
2873212765,2016-05-10,3,1.0,1.0
2873212765,2016-05-10,4,1.0,1.0
2873212765,2016-05-10,5,1.59,3.4
2873212765,2016-05-10,6,1.27,3.2
2873212765,2016-05-10,7,2.07,7.4
2873212765,2016-05-10,8,2.49,6.8
2873212765,2016-05-10,9,2.5,4.6
2873212765,2016-05-10,10,2.38,4.6
2873212765,2016-05-10,11,1.33,5.6
2873212765,2016-05-10,12,2.79,6.4
2873212765,2016-05-10,13,2.32,7.2
2873212765,2016-05-10,14,1.26,4.2
2873212765,2016-05-10,15,1.18,4.6
2873212765,2016-05-10,16,1.65,6.4
2873212765,2016-05-10,17,1.42,3.6
2873212765,2016-05-10,18,1.89,4.6
2873212765,2016-05-10,19,1.65,6.0
2873212765,2016-05-10,20,1.27,4.0
2873212765,2016-05-10,21,1.33,3.2
2873212765,2016-05-10,22,1.0,1.0
2873212765,2016-05-10,23,1.0,1.0
2873212765,2016-05-11,0,1.0,1.0
2873212765,2016-05-11,1,1.0,1.0
2873212765,2016-05-11,2,1.0,1.0
2873212765,2016-05-11,3,1.0,1.0
2873212765,2016-05-11,4,1.0,1.0
2873212765,2016-05-11,5,1.75,3.2
2873212765,2016-05-11,6,1.1,2.6
2873212765,2016-05-11,7,1.66,6.0
2873212765,2016-05-11,8,2.13,6.8
2873212765,2016-05-11,9,2.41,5.6
2873212765,2016-05-11,10,2.17,5.6
2873212765,2016-05-11,11,1.71,6.8
2873212765,2016-05-11,12,1.96,5.0
2873212765,2016-05-11,13,1.95,7.2
2873212765,2016-05-11,14,1.08,2.8
2873212765,2016-05-11,15,1.54,6.0
2873212765,2016-05-11,16,1.47,3.4
2873212765,2016-05-11,17,1.45,2.8
2873212765,2016-05-11,18,1.72,3.4
2873212765,2016-05-11,19,1.04,3.2
2873212765,2016-05-11,20,1.26,4.2
2873212765,2016-05-11,21,1.0,1.0
2873212765,2016-05-11,22,1.23,3.0
2873212765,2016-05-11,23,1.0,1.0
2873212765,2016-05-12,0,1.0,1.0
2873212765,2016-05-12,1,1.0,1.0
2873212765,2016-05-12,2,1.0,1.0
2873212765,2016-05-12,3,1.0,1.0
2873212765,2016-05-12,4,1.0,1.0
2873212765,2016-05-12,5,1.0,1.0
2873212765,2016-05-12,6,1.66,3.2
2873212765,2016-05-12,7,2.5,6.4
2873212765,2016-05-12,8,2.38,8.8
2873212765,2016-05-12,9,2.55,9.2
2873212765,2016-05-12,10,2.36,6.8
2873212765,2016-05-12,11,1.58,6.4
2873212765,2016-05-12,12,1.41,5.8
2873212765,2016-05-12,13,2.07,7.6
2873212765,2016-05-12,14,1.97,7.6
2873212765,2016-05-12,15,1.94,6.2
3372868164,2016-04-12,0,1.0,1.0
3372868164,2016-04-12,1,1.0,1.0
3372868164,2016-04-12,2,1.05,2.8
3372868164,2016-04-12,3,1.0,1.0
3372868164,2016-04-12,4,1.0,1.0
3372868164,2016-04-12,5,1.0,1.0
3372868164,2016-04-12,6,1.15,2.8
3372868164,2016-04-12,7,1.1,2.8
3372868164,2016-04-12,8,1.45,3.0
3372868164,2016-04-12,9,1.78,3.4
3372868164,2016-04-12,10,1.83,6.8
3372868164,2016-04-12,11,1.44,3.0
3372868164,2016-04-12,12,1.32,3.0
3372868164,2016-04-12,13,1.54,4.2
3372868164,2016-04-12,14,1.86,3.8
3372868164,2016-04-12,15,1.45,3.8
3372868164,2016-04-12,16,1.35,3.8
3372868164,2016-04-12,17,1.5,2.8
3372868164,2016-04-12,18,1.55,3.6
3372868164,2016-04-12,19,1.45,3.6
3372868164,2016-04-12,20,1.38,4.8
3372868164,2016-04-12,21,1.52,3.6
3372868164,2016-04-12,22,1.14,2.8
3372868164,2016-04-12,23,1.0,1.0
3372868164,2016-04-13,0,1.07,2.6
3372868164,2016-04-13,1,1.02,2.4
3372868164,2016-04-13,2,1.0,1.0
3372868164,2016-04-13,3,1.0,1.0
3372868164,2016-04-13,4,1.0,1.0
3372868164,2016-04-13,5,1.0,1.0
3372868164,2016-04-13,6,1.0,1.0
3372868164,2016-04-13,7,1.16,2.8
3372868164,2016-04-13,8,1.43,2.8
3372868164,2016-04-13,9,1.99,3.2
3372868164,2016-04-13,10,4.23,9.8
3372868164,2016-04-13,11,1.71,3.0
3372868164,2016-04-13,12,2.29,4.2
3372868164,2016-04-13,13,1.62,3.6
3372868164,2016-04-13,14,2.5,6.2
3372868164,2016-04-13,15,1.73,4.4
3372868164,2016-04-13,16,1.84,3.6
3372868164,2016-04-13,17,1.73,4.2
3372868164,2016-04-13,18,1.71,3.2
3372868164,2016-04-13,19,1.6,6.0
3372868164,2016-04-13,20,1.58,5.8
3372868164,2016-04-13,21,1.08,2.8
3372868164,2016-04-13,22,1.0,1.0
3372868164,2016-04-13,23,1.0,1.0
3372868164,2016-04-14,0,1.02,2.4
3372868164,2016-04-14,1,1.0,1.0
3372868164,2016-04-14,2,1.02,2.4
3372868164,2016-04-14,3,1.0,1.0
3372868164,2016-04-14,4,1.0,1.0
3372868164,2016-04-14,5,1.2,2.8
3372868164,2016-04-14,6,1.3,2.8
3372868164,2016-04-14,7,1.57,3.2
3372868164,2016-04-14,8,1.87,3.4
3372868164,2016-04-14,9,1.67,3.2
3372868164,2016-04-14,10,2.0,6.0
3372868164,2016-04-14,11,3.37,10.2
3372868164,2016-04-14,12,1.3,3.2
3372868164,2016-04-14,13,1.74,4.0
3372868164,2016-04-14,14,2.17,4.0
3372868164,2016-04-14,15,2.03,4.2
3372868164,2016-04-14,16,1.55,4.0
3372868164,2016-04-14,17,1.58,3.2
3372868164,2016-04-14,18,1.83,4.6
3372868164,2016-04-14,19,1.93,5.0
3372868164,2016-04-14,20,1.43,3.4
3372868164,2016-04-14,21,1.11,2.8
3372868164,2016-04-14,22,1.1,2.6
3372868164,2016-04-14,23,1.0,1.0
3372868164,2016-04-15,0,1.05,2.4
3372868164,2016-04-15,1,1.0,1.0
3372868164,2016-04-15,2,1.0,1.0
3372868164,2016-04-15,3,1.0,1.0
3372868164,2016-04-15,4,1.0,1.0
3372868164,2016-04-15,5,1.07,2.4
3372868164,2016-04-15,6,1.0,1.0
3372868164,2016-04-15,7,1.0,1.0
3372868164,2016-04-15,8,1.46,2.8
3372868164,2016-04-15,9,1.76,3.0
3372868164,2016-04-15,10,1.4,3.2
3372868164,2016-04-15,11,2.18,4.6
3372868164,2016-04-15,12,1.97,4.0
3372868164,2016-04-15,13,1.29,3.8
3372868164,2016-04-15,14,1.0,1.0
3372868164,2016-04-15,15,1.95,3.8
3372868164,2016-04-15,16,1.71,3.6
3372868164,2016-04-15,17,1.74,3.6
3372868164,2016-04-15,18,2.28,6.6
3372868164,2016-04-15,19,2.07,5.2
3372868164,2016-04-15,20,1.71,3.2
3372868164,2016-04-15,21,1.36,2.8
3372868164,2016-04-15,22,1.0,1.0
3372868164,2016-04-15,23,1.0,1.0
3372868164,2016-04-16,0,1.0,1.0
3372868164,2016-04-16,1,1.0,1.0
3372868164,2016-04-16,2,1.0,1.0
3372868164,2016-04-16,3,1.0,1.0
3372868164,2016-04-16,4,1.0,1.0
3372868164,2016-04-16,5,1.34,2.8
3372868164,2016-04-16,6,1.44,2.8
3372868164,2016-04-16,7,2.18,5.9
3372868164,2016-04-16,8,1.96,4.4
3372868164,2016-04-16,9,1.6,4.0
3372868164,2016-04-16,10,2.18,5.2
3372868164,2016-04-16,11,1.7,4.6
3372868164,2016-04-16,12,1.95,3.4
3372868164,2016-04-16,13,1.56,5.2
3372868164,2016-04-16,14,1.33,4.2
3372868164,2016-04-16,15,1.74,4.0
3372868164,2016-04-16,16,1.2,2.6
3372868164,2016-04-16,17,1.41,2.8
3372868164,2016-04-16,18,1.0,1.0
3372868164,2016-04-16,19,1.43,4.2
3372868164,2016-04-16,20,1.65,3.0
3372868164,2016-04-16,21,1.3,2.6
3372868164,2016-04-16,22,1.0,1.0
3372868164,2016-04-16,23,1.02,2.4
3372868164,2016-04-17,0,1.05,2.6
3372868164,2016-04-17,1,1.0,1.0
3372868164,2016-04-17,2,1.02,2.4
3372868164,2016-04-17,3,1.05,2.4
3372868164,2016-04-17,4,1.0,1.0
3372868164,2016-04-17,5,1.02,2.4
3372868164,2016-04-17,6,1.16,2.8
3372868164,2016-04-17,7,1.78,3.2
3372868164,2016-04-17,8,1.83,4.6
3372868164,2016-04-17,9,1.26,3.2
3372868164,2016-04-17,10,1.14,3.6
3372868164,2016-04-17,11,1.47,3.0
3372868164,2016-04-17,12,1.83,3.6
3372868164,2016-04-17,13,1.12,3.0
3372868164,2016-04-17,14,1.65,4.6
3372868164,2016-04-17,15,3.83,10.7
3372868164,2016-04-17,16,1.37,2.6
3372868164,2016-04-17,17,1.72,3.4
3372868164,2016-04-17,18,1.56,3.6
3372868164,2016-04-17,19,2.07,4.2
3372868164,2016-04-17,20,1.78,3.2
3372868164,2016-04-17,21,1.18,2.6
3372868164,2016-04-17,22,1.12,2.6
3372868164,2016-04-17,23,1.0,1.0
3372868164,2016-04-18,0,1.02,2.4
3372868164,2016-04-18,1,1.0,1.0
3372868164,2016-04-18,2,1.0,1.0
3372868164,2016-04-18,3,1.02,2.4
3372868164,2016-04-18,4,1.05,2.4
3372868164,2016-04-18,5,1.16,2.8
3372868164,2016-04-18,6,1.25,2.8
3372868164,2016-04-18,7,1.08,2.8
3372868164,2016-04-18,8,2.07,3.6
3372868164,2016-04-18,9,1.79,2.8
3372868164,2016-04-18,10,4.47,10.0
3372868164,2016-04-18,11,1.84,3.4
3372868164,2016-04-18,12,1.21,4.4
3372868164,2016-04-18,13,1.0,1.0
3372868164,2016-04-18,14,1.6,3.8
3372868164,2016-04-18,15,1.67,3.2
3372868164,2016-04-18,16,1.83,3.2
3372868164,2016-04-18,17,1.69,3.2
3372868164,2016-04-18,18,1.8,4.4
3372868164,2016-04-18,19,1.55,2.8
3372868164,2016-04-18,20,1.67,2.8
3372868164,2016-04-18,21,1.0,1.0
3372868164,2016-04-18,22,1.13,2.6
3372868164,2016-04-18,23,1.0,1.0
3372868164,2016-04-19,0,1.0,1.0
3372868164,2016-04-19,1,1.02,2.4
3372868164,2016-04-19,2,1.0,1.0
3372868164,2016-04-19,3,1.0,1.0
3372868164,2016-04-19,4,1.0,1.0
3372868164,2016-04-19,5,1.0,1.0
3372868164,2016-04-19,6,1.02,2.4
3372868164,2016-04-19,7,1.16,2.6
3372868164,2016-04-19,8,1.11,2.8
3372868164,2016-04-19,9,1.68,3.6
3372868164,2016-04-19,10,1.68,3.2
3372868164,2016-04-19,11,2.44,8.8
3372868164,2016-04-19,12,1.71,3.8
3372868164,2016-04-19,13,1.84,3.8
3372868164,2016-04-19,14,2.19,3.8
3372868164,2016-04-19,15,1.65,4.4
3372868164,2016-04-19,16,1.26,3.8
3372868164,2016-04-19,17,2.03,5.8
3372868164,2016-04-19,18,2.19,3.8
3372868164,2016-04-19,19,1.71,6.6
3372868164,2016-04-19,20,1.14,3.0
3372868164,2016-04-19,21,1.47,4.6
3372868164,2016-04-19,22,1.58,3.8
3372868164,2016-04-19,23,1.52,3.8
3372868164,2016-04-20,0,1.0,1.0
3372868164,2016-04-20,1,1.0,1.0
3372868164,2016-04-20,2,1.0,1.0
3372868164,2016-04-20,3,1.05,2.6
3372868164,2016-04-20,4,1.0,1.0
3372868164,2016-04-20,5,1.03,2.6
3372868164,2016-04-20,6,1.0,1.0
3372868164,2016-04-20,7,1.05,2.6
3372868164,2016-04-20,8,1.64,3.8
3372868164,2016-04-20,9,1.86,3.2
3372868164,2016-04-20,10,1.31,4.0
3372868164,2016-04-20,11,1.15,2.6
3372868164,2016-04-20,12,1.38,3.0
3372868164,2016-04-20,13,1.37,3.2
3372868164,2016-04-20,14,3.83,9.4
3372868164,2016-04-20,15,1.56,3.0
3372868164,2016-04-20,16,2.23,4.6
3372868164,2016-04-20,17,1.51,3.0
3372868164,2016-04-20,18,1.16,2.8
3372868164,2016-04-20,19,1.24,3.0
3372868164,2016-04-20,20,1.72,4.0
3372868164,2016-04-20,21,1.1,2.6
3372868164,2016-04-20,22,1.12,2.6
3372868164,2016-04-20,23,1.0,1.0
3372868164,2016-04-21,0,1.0,1.0
3372868164,2016-04-21,1,1.05,2.4
3372868164,2016-04-21,2,1.0,1.0
3372868164,2016-04-21,3,1.0,1.0
3372868164,2016-04-21,4,1.0,1.0
3372868164,2016-04-21,5,1.44,3.0
3372868164,2016-04-21,6,1.3,2.8
3372868164,2016-04-21,7,1.42,2.8
3372868164,2016-04-21,8,2.27,3.2
3372868164,2016-04-21,9,1.58,3.6
3372868164,2016-04-21,10,3.27,10.7
3372868164,2016-04-21,11,3.9,10.0
3372868164,2016-04-21,12,1.14,3.2
3372868164,2016-04-21,13,1.71,3.0
3372868164,2016-04-21,14,1.65,5.2
3372868164,2016-04-21,15,1.59,3.2
3372868164,2016-04-21,16,1.25,3.0
3372868164,2016-04-21,17,1.08,2.8
3372868164,2016-04-21,18,1.85,5.2
3372868164,2016-04-21,19,2.36,5.4
3372868164,2016-04-21,20,1.73,4.2
3372868164,2016-04-21,21,1.13,2.8
3372868164,2016-04-21,22,1.15,2.6
3372868164,2016-04-21,23,1.0,1.0
3372868164,2016-04-22,0,1.0,1.0
3372868164,2016-04-22,1,1.0,1.0
3372868164,2016-04-22,2,1.0,1.0
3372868164,2016-04-22,3,1.0,1.0
3372868164,2016-04-22,4,1.0,1.0
3372868164,2016-04-22,5,1.05,2.6
3372868164,2016-04-22,6,1.0,1.0
3372868164,2016-04-22,7,1.0,1.0
3372868164,2016-04-22,8,1.16,2.8
3372868164,2016-04-22,9,1.41,2.8
3372868164,2016-04-22,10,1.69,3.4
3372868164,2016-04-22,11,1.13,2.8
3372868164,2016-04-22,12,1.0,1.0
3372868164,2016-04-22,13,1.55,3.0
3372868164,2016-04-22,14,1.41,3.4
3372868164,2016-04-22,15,1.8,3.4
3372868164,2016-04-22,16,1.59,3.6
3372868164,2016-04-22,17,1.12,3.8
3372868164,2016-04-22,18,1.7,4.6
3372868164,2016-04-22,19,1.33,3.0
3372868164,2016-04-22,20,1.39,3.8
3372868164,2016-04-22,21,1.05,2.6
3372868164,2016-04-22,22,1.16,2.8
3372868164,2016-04-22,23,1.21,3.0
3372868164,2016-04-23,0,1.0,1.0
3372868164,2016-04-23,1,1.05,2.4
3372868164,2016-04-23,2,1.02,2.4
3372868164,2016-04-23,3,1.0,1.0
3372868164,2016-04-23,4,1.0,1.0
3372868164,2016-04-23,5,1.05,2.6
3372868164,2016-04-23,6,1.0,1.0
3372868164,2016-04-23,7,1.07,2.4
3372868164,2016-04-23,8,1.19,3.0
3372868164,2016-04-23,9,1.68,3.4
3372868164,2016-04-23,10,4.93,10.7
3372868164,2016-04-23,11,2.17,3.4
3372868164,2016-04-23,12,1.69,4.4
3372868164,2016-04-23,13,1.0,1.0
3372868164,2016-04-23,14,1.35,3.0
3372868164,2016-04-23,15,1.45,3.2
3372868164,2016-04-23,16,1.84,3.6
3372868164,2016-04-23,17,2.05,3.2
3372868164,2016-04-23,18,1.3,3.4
3372868164,2016-04-23,19,2.14,3.2
3372868164,2016-04-23,20,1.44,2.8
3372868164,2016-04-23,21,1.0,1.0
3372868164,2016-04-23,22,1.14,2.8
3372868164,2016-04-23,23,1.0,1.0
3372868164,2016-04-24,0,1.02,2.4
3372868164,2016-04-24,1,1.02,2.4
3372868164,2016-04-24,2,1.0,1.0
3372868164,2016-04-24,3,1.0,1.0
3372868164,2016-04-24,4,1.0,1.0
3372868164,2016-04-24,5,1.02,2.4
3372868164,2016-04-24,6,1.13,2.6
3372868164,2016-04-24,7,1.75,3.2
3372868164,2016-04-24,8,1.53,3.6
3372868164,2016-04-24,9,1.29,3.8
3372868164,2016-04-24,10,1.18,3.6
3372868164,2016-04-24,11,1.7,3.6
3372868164,2016-04-24,12,1.46,4.2
3372868164,2016-04-24,13,1.38,2.8
3372868164,2016-04-24,14,1.65,3.2
3372868164,2016-04-24,15,3.67,10.4
3372868164,2016-04-24,16,1.43,3.2
3372868164,2016-04-24,17,1.87,3.8
3372868164,2016-04-24,18,1.27,2.6
3372868164,2016-04-24,19,2.01,3.6
3372868164,2016-04-24,20,1.67,3.0
3372868164,2016-04-24,21,1.17,2.8
3372868164,2016-04-24,22,1.02,2.4
3372868164,2016-04-24,23,1.0,1.0
3372868164,2016-04-25,0,1.0,1.0
3372868164,2016-04-25,1,1.02,2.4
3372868164,2016-04-25,2,1.02,2.4
3372868164,2016-04-25,3,1.0,1.0
3372868164,2016-04-25,4,1.0,1.0
3372868164,2016-04-25,5,1.12,3.4
3372868164,2016-04-25,6,1.28,2.8
3372868164,2016-04-25,7,1.92,3.2
3372868164,2016-04-25,8,2.51,3.4
3372868164,2016-04-25,9,1.88,3.2
3372868164,2016-04-25,10,2.56,9.6
3372868164,2016-04-25,11,2.04,3.8
3372868164,2016-04-25,12,1.78,4.2
3372868164,2016-04-25,13,1.22,4.2
3372868164,2016-04-25,14,1.48,3.8
3372868164,2016-04-25,15,1.31,2.8
3372868164,2016-04-25,16,1.82,3.4
3372868164,2016-04-25,17,1.59,2.8
3372868164,2016-04-25,18,1.58,3.2
3372868164,2016-04-25,19,1.37,3.0
3372868164,2016-04-25,20,1.78,3.2
3372868164,2016-04-25,21,1.43,3.0
3372868164,2016-04-25,22,1.13,2.8
3372868164,2016-04-25,23,1.0,1.0
3372868164,2016-04-26,0,1.02,2.4
3372868164,2016-04-26,1,1.02,2.4
3372868164,2016-04-26,2,1.02,2.4
3372868164,2016-04-26,3,1.0,1.0
3372868164,2016-04-26,4,1.02,2.4
3372868164,2016-04-26,5,1.02,2.4
3372868164,2016-04-26,6,1.17,2.8
3372868164,2016-04-26,7,1.16,2.8
3372868164,2016-04-26,8,2.58,10.7
3372868164,2016-04-26,9,4.63,11.0
3372868164,2016-04-26,10,1.96,3.6
3372868164,2016-04-26,11,1.89,4.0
3372868164,2016-04-26,12,1.46,3.0
3372868164,2016-04-26,13,1.79,4.2
3372868164,2016-04-26,14,1.65,4.0
3372868164,2016-04-26,15,1.11,3.0
3372868164,2016-04-26,16,1.8,5.2
3372868164,2016-04-26,17,1.59,3.6
3372868164,2016-04-26,18,1.28,3.2
3372868164,2016-04-26,19,1.49,5.2
3372868164,2016-04-26,20,1.3,2.8
3372868164,2016-04-26,21,1.36,2.8
3372868164,2016-04-26,22,1.22,2.8
3372868164,2016-04-26,23,1.1,2.6
3372868164,2016-04-27,0,1.0,1.0
3372868164,2016-04-27,1,1.02,2.4
3372868164,2016-04-27,2,1.15,2.6
3372868164,2016-04-27,3,1.06,3.0
3372868164,2016-04-27,4,1.02,2.4
3372868164,2016-04-27,5,1.0,1.0
3372868164,2016-04-27,6,1.23,3.0
3372868164,2016-04-27,7,1.31,3.0
3372868164,2016-04-27,8,2.03,3.4
3372868164,2016-04-27,9,1.22,3.6
3372868164,2016-04-27,10,1.99,5.4
3372868164,2016-04-27,11,4.92,11.1
3372868164,2016-04-27,12,1.56,3.4
3372868164,2016-04-27,13,1.8,3.0
3372868164,2016-04-27,14,2.23,3.2
3372868164,2016-04-27,15,1.45,5.0
3372868164,2016-04-27,16,1.87,5.8
3372868164,2016-04-27,17,1.86,4.6
3372868164,2016-04-27,18,1.29,3.0
3372868164,2016-04-27,19,1.29,2.8
3372868164,2016-04-27,20,1.52,3.0
3372868164,2016-04-27,21,1.0,1.0
3372868164,2016-04-27,22,1.42,4.2
3372868164,2016-04-27,23,1.12,2.6
3372868164,2016-04-28,0,1.02,2.4
3372868164,2016-04-28,1,1.0,1.0
3372868164,2016-04-28,2,1.0,1.0
3372868164,2016-04-28,3,1.0,1.0
3372868164,2016-04-28,4,1.0,1.0
3372868164,2016-04-28,5,1.43,3.6
3372868164,2016-04-28,6,1.08,2.6
3372868164,2016-04-28,7,1.92,4.2
3372868164,2016-04-28,8,2.05,3.6
3372868164,2016-04-28,9,1.33,3.0
3372868164,2016-04-28,10,2.2,9.0
3372868164,2016-04-28,11,2.18,5.0
3372868164,2016-04-28,12,1.89,3.6
3372868164,2016-04-28,13,1.45,3.2
3372868164,2016-04-28,14,1.47,4.2
3372868164,2016-04-28,15,1.8,4.0
3372868164,2016-04-28,16,1.34,3.2
3372868164,2016-04-28,17,1.76,5.0
3372868164,2016-04-28,18,2.08,5.2
3372868164,2016-04-28,19,1.3,3.0
3372868164,2016-04-28,20,1.58,4.0
3372868164,2016-04-28,21,1.25,2.6
3372868164,2016-04-28,22,1.02,2.4
3372868164,2016-04-28,23,1.0,1.0
3372868164,2016-04-29,0,1.0,1.0
3372868164,2016-04-29,1,1.02,2.4
3372868164,2016-04-29,2,1.0,1.0
3372868164,2016-04-29,3,1.0,1.0
3372868164,2016-04-29,4,1.02,2.4
3372868164,2016-04-29,5,1.43,2.8
3372868164,2016-04-29,6,1.23,2.8
3372868164,2016-04-29,7,1.28,2.8
3372868164,2016-04-29,8,1.91,3.4
3372868164,2016-04-29,9,1.73,3.8
3372868164,2016-04-29,10,2.14,4.0
3372868164,2016-04-29,11,2.9,5.4
3372868164,2016-04-29,12,2.1,4.6
3372868164,2016-04-29,13,1.88,4.4
3372868164,2016-04-29,14,2.05,5.6
3372868164,2016-04-29,15,2.14,5.0
3372868164,2016-04-29,16,1.73,3.8
3372868164,2016-04-29,17,1.41,5.8
3372868164,2016-04-29,18,1.4,3.6
3372868164,2016-04-29,19,1.2,2.8
3372868164,2016-04-29,20,1.36,3.4
3372868164,2016-04-29,21,1.51,3.2
3372868164,2016-04-29,22,1.0,1.0
3372868164,2016-04-29,23,1.0,1.0
3372868164,2016-04-30,0,1.03,2.6
3372868164,2016-04-30,1,1.0,1.0
3372868164,2016-04-30,2,1.02,2.4
3372868164,2016-04-30,3,1.0,1.0
3372868164,2016-04-30,4,1.0,1.0
3372868164,2016-04-30,5,1.0,1.0
3372868164,2016-04-30,6,1.13,2.8
3372868164,2016-04-30,7,1.44,3.6
3372868164,2016-04-30,8,1.22,3.0
3372868164,2016-04-30,9,4.2,10.2
3372868164,2016-04-30,10,1.86,3.6
3372868164,2016-04-30,11,1.08,2.6
3372868164,2016-04-30,12,1.58,3.2
3372868164,2016-04-30,13,1.51,4.4
3372868164,2016-04-30,14,2.31,3.8
3372868164,2016-04-30,15,1.64,4.2
3372868164,2016-04-30,16,1.66,3.6
3372868164,2016-04-30,17,1.52,3.4
3372868164,2016-04-30,18,1.59,3.2
3372868164,2016-04-30,19,1.17,3.4
3372868164,2016-04-30,20,1.44,3.4
3372868164,2016-04-30,21,1.13,2.8
3372868164,2016-04-30,22,1.16,3.0
3372868164,2016-04-30,23,1.0,1.0
3372868164,2016-05-01,0,1.05,2.4
3372868164,2016-05-01,1,1.0,1.0
3372868164,2016-05-01,2,1.0,1.0
3372868164,2016-05-01,3,1.0,1.0
3372868164,2016-05-01,4,1.02,2.4
3372868164,2016-05-01,5,1.17,2.6
3372868164,2016-05-01,6,1.19,2.8
3372868164,2016-05-01,7,1.61,3.2
3372868164,2016-05-01,8,1.5,3.8
3372868164,2016-05-01,9,1.31,4.0
3372868164,2016-05-01,10,1.15,3.6
3372868164,2016-05-01,11,1.57,3.2
3372868164,2016-05-01,12,1.46,2.8
3372868164,2016-05-01,13,1.41,3.8
3372868164,2016-05-01,14,2.23,7.0
3372868164,2016-05-01,15,1.11,3.0
3977333714,2016-04-12,0,1.9,11.5
3977333714,2016-04-12,1,1.0,1.0
3977333714,2016-04-12,2,1.0,1.0
3977333714,2016-04-12,3,1.05,2.6
3977333714,2016-04-12,4,1.0,1.1
3977333714,2016-04-12,5,1.0,1.1
3977333714,2016-04-12,6,1.0,1.1
3977333714,2016-04-12,7,1.01,1.1
3977333714,2016-04-12,8,1.07,2.6
3977333714,2016-04-12,9,1.06,2.4
3977333714,2016-04-12,10,1.13,2.6
3977333714,2016-04-12,11,1.01,1.1
3977333714,2016-04-12,12,1.65,5.8
3977333714,2016-04-12,13,4.92,8.0
3977333714,2016-04-12,14,3.24,7.2
3977333714,2016-04-12,15,1.16,2.8
3977333714,2016-04-12,16,1.16,2.8
3977333714,2016-04-12,17,1.29,4.0
3977333714,2016-04-12,18,1.45,3.8
3977333714,2016-04-12,19,1.4,3.6
3977333714,2016-04-12,20,1.07,3.2
3977333714,2016-04-12,21,1.4,4.4
3977333714,2016-04-12,22,1.25,4.4
3977333714,2016-04-12,23,1.17,3.8
3977333714,2016-04-13,0,1.13,3.0
3977333714,2016-04-13,1,1.0,1.1
3977333714,2016-04-13,2,1.03,2.6
3977333714,2016-04-13,3,1.0,1.1
3977333714,2016-04-13,4,1.0,1.0
3977333714,2016-04-13,5,1.0,1.1
3977333714,2016-04-13,6,1.03,2.6
3977333714,2016-04-13,7,1.1,2.8
3977333714,2016-04-13,8,1.07,3.0
3977333714,2016-04-13,9,1.07,2.6
3977333714,2016-04-13,10,1.2,2.8
3977333714,2016-04-13,11,1.16,2.8
3977333714,2016-04-13,12,1.12,3.0
3977333714,2016-04-13,13,1.25,4.2
3977333714,2016-04-13,14,1.61,4.4
3977333714,2016-04-13,15,1.65,5.2
3977333714,2016-04-13,16,1.76,3.8
3977333714,2016-04-13,17,4.69,7.4
3977333714,2016-04-13,18,3.59,6.8
3977333714,2016-04-13,19,1.78,5.6
3977333714,2016-04-13,20,1.03,2.4
3977333714,2016-04-13,21,1.5,5.8
3977333714,2016-04-13,22,1.26,3.6
3977333714,2016-04-13,23,1.46,6.4
3977333714,2016-04-14,0,1.12,2.8
3977333714,2016-04-14,1,1.19,3.0
3977333714,2016-04-14,2,1.0,1.1
3977333714,2016-04-14,3,1.0,1.0
3977333714,2016-04-14,4,1.0,1.1
3977333714,2016-04-14,5,1.03,2.4
3977333714,2016-04-14,6,1.01,1.1
3977333714,2016-04-14,7,1.0,1.0
3977333714,2016-04-14,8,1.22,3.4
3977333714,2016-04-14,9,1.66,4.2
3977333714,2016-04-14,10,2.95,5.2
3977333714,2016-04-14,11,2.59,6.6
3977333714,2016-04-14,12,1.18,5.0
3977333714,2016-04-14,13,1.95,6.2
3977333714,2016-04-14,14,1.09,2.6
3977333714,2016-04-14,15,1.0,1.0
3977333714,2016-04-14,16,1.32,4.2
3977333714,2016-04-14,17,3.18,6.6
3977333714,2016-04-14,18,1.72,6.6
3977333714,2016-04-14,19,1.25,3.4
3977333714,2016-04-14,20,1.27,3.4
3977333714,2016-04-14,21,1.23,3.4
3977333714,2016-04-14,22,1.02,1.1
3977333714,2016-04-14,23,1.01,1.1
3977333714,2016-04-15,0,1.23,3.0
3977333714,2016-04-15,1,1.25,4.2
3977333714,2016-04-15,2,1.09,3.0
3977333714,2016-04-15,3,1.0,1.1
3977333714,2016-04-15,4,1.0,1.0
3977333714,2016-04-15,5,1.0,1.1
3977333714,2016-04-15,6,1.0,1.0
3977333714,2016-04-15,7,1.03,2.6
3977333714,2016-04-15,8,1.04,2.8
3977333714,2016-04-15,9,1.0,1.1
3977333714,2016-04-15,10,1.02,2.4
3977333714,2016-04-15,11,1.6,4.2
3977333714,2016-04-15,12,1.41,4.0
3977333714,2016-04-15,13,1.04,2.6
3977333714,2016-04-15,14,1.66,4.0
3977333714,2016-04-15,15,1.67,5.6
3977333714,2016-04-15,16,3.67,6.4
3977333714,2016-04-15,17,2.46,10.1
3977333714,2016-04-15,18,2.7,6.6
3977333714,2016-04-15,19,1.82,6.8
3977333714,2016-04-15,20,1.01,1.1
3977333714,2016-04-15,21,1.04,2.6
3977333714,2016-04-15,22,1.29,3.6
3977333714,2016-04-15,23,1.79,7.2
3977333714,2016-04-16,0,1.06,2.6
3977333714,2016-04-16,1,1.0,1.1
3977333714,2016-04-16,2,1.0,1.1
3977333714,2016-04-16,3,1.0,1.1
3977333714,2016-04-16,4,1.0,1.1
3977333714,2016-04-16,5,1.06,2.6
3977333714,2016-04-16,6,1.01,1.1
3977333714,2016-04-16,7,1.0,1.1
3977333714,2016-04-16,8,1.06,2.6
3977333714,2016-04-16,9,1.12,3.0
3977333714,2016-04-16,10,1.22,3.2
3977333714,2016-04-16,11,4.19,7.2
3977333714,2016-04-16,12,3.7,6.4
3977333714,2016-04-16,13,3.08,6.2
3977333714,2016-04-16,14,2.13,5.6
3977333714,2016-04-16,15,1.18,2.6
3977333714,2016-04-16,16,1.29,3.0
3977333714,2016-04-16,17,3.66,5.8
3977333714,2016-04-16,18,1.39,5.4
3977333714,2016-04-16,19,1.44,7.8
3977333714,2016-04-16,20,1.0,1.1
3977333714,2016-04-16,21,1.03,2.4
3977333714,2016-04-16,22,1.64,6.6
3977333714,2016-04-16,23,1.27,3.2
3977333714,2016-04-17,0,1.05,2.6
3977333714,2016-04-17,1,1.0,1.0
3977333714,2016-04-17,2,1.01,1.1
3977333714,2016-04-17,3,1.0,1.1
3977333714,2016-04-17,4,1.0,1.1
3977333714,2016-04-17,5,1.0,1.1
3977333714,2016-04-17,6,1.04,2.8
3977333714,2016-04-17,7,1.0,1.1
3977333714,2016-04-17,8,1.0,1.0
3977333714,2016-04-17,9,1.18,3.0
3977333714,2016-04-17,10,1.63,3.6
3977333714,2016-04-17,11,1.32,3.2
3977333714,2016-04-17,12,1.27,3.6
3977333714,2016-04-17,13,1.34,5.4
3977333714,2016-04-17,14,1.71,7.4
3977333714,2016-04-17,15,1.78,6.8
3977333714,2016-04-17,16,1.75,4.2
3977333714,2016-04-17,17,4.16,6.8
3977333714,2016-04-17,18,2.19,5.0
3977333714,2016-04-17,19,3.55,6.0
3977333714,2016-04-17,20,1.14,3.8
3977333714,2016-04-17,21,1.56,6.8
3977333714,2016-04-17,22,1.6,5.2
3977333714,2016-04-17,23,1.0,1.0
3977333714,2016-04-18,0,1.03,2.6
3977333714,2016-04-18,1,1.01,1.1
3977333714,2016-04-18,2,1.0,1.0
3977333714,2016-04-18,3,1.0,1.1
3977333714,2016-04-18,4,1.0,1.1
3977333714,2016-04-18,5,1.03,2.6
3977333714,2016-04-18,6,1.0,1.0
3977333714,2016-04-18,7,1.0,1.1
3977333714,2016-04-18,8,1.1,2.8
3977333714,2016-04-18,9,1.1,2.8
3977333714,2016-04-18,10,1.02,1.1
3977333714,2016-04-18,11,1.3,3.2
3977333714,2016-04-18,12,2.13,5.4
3977333714,2016-04-18,13,3.71,6.4
3977333714,2016-04-18,14,3.39,6.0
3977333714,2016-04-18,15,1.1,3.0
3977333714,2016-04-18,16,1.62,6.6
3977333714,2016-04-18,17,2.02,6.4
3977333714,2016-04-18,18,2.93,5.6
3977333714,2016-04-18,19,2.46,5.4
3977333714,2016-04-18,20,2.22,5.4
3977333714,2016-04-18,21,1.04,2.4
3977333714,2016-04-18,22,1.32,4.8
3977333714,2016-04-18,23,1.04,2.6
3977333714,2016-04-19,0,1.04,2.6
3977333714,2016-04-19,1,1.1,2.6
3977333714,2016-04-19,2,1.0,1.1
3977333714,2016-04-19,3,1.06,2.6
3977333714,2016-04-19,4,1.0,1.1
3977333714,2016-04-19,5,1.0,1.1
3977333714,2016-04-19,6,1.01,1.1
3977333714,2016-04-19,7,1.0,1.0
3977333714,2016-04-19,8,1.13,2.8
3977333714,2016-04-19,9,1.01,1.1
3977333714,2016-04-19,10,1.03,1.1
3977333714,2016-04-19,11,1.27,3.2
3977333714,2016-04-19,12,2.17,7.6
3977333714,2016-04-19,13,2.74,5.0
3977333714,2016-04-19,14,1.53,5.0
3977333714,2016-04-19,15,3.08,6.4
3977333714,2016-04-19,16,3.32,5.2
3977333714,2016-04-19,17,1.25,3.2
3977333714,2016-04-19,18,1.18,4.0
3977333714,2016-04-19,19,1.11,3.0
3977333714,2016-04-19,20,1.95,5.8
3977333714,2016-04-19,21,1.65,4.2
3977333714,2016-04-19,22,1.45,6.0
3977333714,2016-04-19,23,4.6,11.7
3977333714,2016-04-20,0,1.42,11.5
3977333714,2016-04-20,1,1.0,1.0
3977333714,2016-04-20,2,1.0,1.0
3977333714,2016-04-20,3,1.0,1.0
3977333714,2016-04-20,4,1.0,1.0
3977333714,2016-04-20,5,1.03,2.6
3977333714,2016-04-20,6,1.0,1.1
3977333714,2016-04-20,7,1.0,1.1
3977333714,2016-04-20,8,1.07,2.6
3977333714,2016-04-20,9,1.01,1.1
3977333714,2016-04-20,10,1.98,6.4
3977333714,2016-04-20,11,2.08,6.0
3977333714,2016-04-20,12,1.0,1.1
3977333714,2016-04-20,13,1.66,5.6
3977333714,2016-04-20,14,1.55,6.8
3977333714,2016-04-20,15,1.76,5.4
3977333714,2016-04-20,16,1.4,3.6
3977333714,2016-04-20,17,1.2,3.2
3977333714,2016-04-20,18,1.72,4.2
3977333714,2016-04-20,19,4.0,5.2
3977333714,2016-04-20,20,4.25,5.0
3977333714,2016-04-20,21,1.67,5.2
3977333714,2016-04-20,22,1.01,1.1
3977333714,2016-04-20,23,1.06,2.6
3977333714,2016-04-21,0,1.06,2.6
3977333714,2016-04-21,1,1.0,1.1
3977333714,2016-04-21,2,1.03,2.6
3977333714,2016-04-21,3,1.0,1.1
3977333714,2016-04-21,4,1.0,1.1
3977333714,2016-04-21,5,1.0,1.1
3977333714,2016-04-21,6,1.03,2.4
3977333714,2016-04-21,7,1.03,2.6
3977333714,2016-04-21,8,2.31,6.8
3977333714,2016-04-21,9,1.32,3.2
3977333714,2016-04-21,10,2.08,6.6
3977333714,2016-04-21,11,1.72,5.0
3977333714,2016-04-21,12,1.26,3.2
3977333714,2016-04-21,13,2.1,6.4
3977333714,2016-04-21,14,1.1,3.0
3977333714,2016-04-21,15,1.36,6.0
3977333714,2016-04-21,16,2.13,5.8
3977333714,2016-04-21,17,1.54,3.8
3977333714,2016-04-21,18,1.76,3.4
3977333714,2016-04-21,19,1.92,4.8
3977333714,2016-04-21,20,1.08,2.8
3977333714,2016-04-21,21,1.13,3.4
3977333714,2016-04-21,22,1.1,2.8
3977333714,2016-04-21,23,1.06,3.0
3977333714,2016-04-22,0,1.27,3.8
3977333714,2016-04-22,1,1.27,3.8
3977333714,2016-04-22,2,1.0,1.1
3977333714,2016-04-22,3,1.03,2.6
3977333714,2016-04-22,4,1.0,1.0
3977333714,2016-04-22,5,1.03,2.6
3977333714,2016-04-22,6,1.06,2.6
3977333714,2016-04-22,7,1.0,1.1
3977333714,2016-04-22,8,1.0,1.0
3977333714,2016-04-22,9,1.41,4.8
3977333714,2016-04-22,10,1.92,4.4
3977333714,2016-04-22,11,2.09,6.0
3977333714,2016-04-22,12,1.26,4.2
3977333714,2016-04-22,13,4.57,7.2
3977333714,2016-04-22,14,2.73,7.2
3977333714,2016-04-22,15,1.49,4.2
3977333714,2016-04-22,16,1.35,3.0
3977333714,2016-04-22,17,1.32,2.8
3977333714,2016-04-22,18,1.1,2.6
3977333714,2016-04-22,19,1.6,4.0
3977333714,2016-04-22,20,1.43,5.2
3977333714,2016-04-22,21,1.01,1.1
3977333714,2016-04-22,22,1.15,3.6
3977333714,2016-04-22,23,1.02,1.1
3977333714,2016-04-23,0,1.21,3.2
3977333714,2016-04-23,1,1.06,3.0
3977333714,2016-04-23,2,1.0,1.1
3977333714,2016-04-23,3,1.01,1.1
3977333714,2016-04-23,4,1.0,1.0
3977333714,2016-04-23,5,1.03,2.6
3977333714,2016-04-23,6,1.0,1.1
3977333714,2016-04-23,7,1.39,4.2
3977333714,2016-04-23,8,1.77,3.6
3977333714,2016-04-23,9,1.83,4.2
3977333714,2016-04-23,10,1.48,4.0
3977333714,2016-04-23,11,1.62,6.0
3977333714,2016-04-23,12,1.33,3.8
3977333714,2016-04-23,13,2.34,7.4
3977333714,2016-04-23,14,2.12,4.2
3977333714,2016-04-23,15,1.96,4.0
3977333714,2016-04-23,16,1.61,6.4
3977333714,2016-04-23,17,1.33,4.2
3977333714,2016-04-23,18,1.05,2.6
3977333714,2016-04-23,19,1.05,2.6
3977333714,2016-04-23,20,1.86,5.0
3977333714,2016-04-23,21,4.64,5.0
3977333714,2016-04-23,22,3.16,5.8
3977333714,2016-04-23,23,1.02,1.1
3977333714,2016-04-24,0,1.1,2.8
3977333714,2016-04-24,1,1.0,1.1
3977333714,2016-04-24,2,1.0,1.1
3977333714,2016-04-24,3,1.0,1.1
3977333714,2016-04-24,4,1.0,1.1
3977333714,2016-04-24,5,1.0,1.0
3977333714,2016-04-24,6,1.0,1.1
3977333714,2016-04-24,7,1.03,2.6
3977333714,2016-04-24,8,1.0,1.1
3977333714,2016-04-24,9,1.14,3.0
3977333714,2016-04-24,10,1.26,4.0
3977333714,2016-04-24,11,1.02,1.1
3977333714,2016-04-24,12,1.14,3.4
3977333714,2016-04-24,13,1.61,5.6
3977333714,2016-04-24,14,4.62,5.2
3977333714,2016-04-24,15,3.87,5.6
3977333714,2016-04-24,16,2.38,5.0
3977333714,2016-04-24,17,1.5,4.0
3977333714,2016-04-24,18,1.37,3.6
3977333714,2016-04-24,19,1.12,2.8
3977333714,2016-04-24,20,1.05,2.4
3977333714,2016-04-24,21,1.27,2.8
3977333714,2016-04-24,22,4.13,12.3
3977333714,2016-04-24,23,2.65,12.7
3977333714,2016-04-25,0,1.14,4.0
3977333714,2016-04-25,1,1.0,1.1
3977333714,2016-04-25,2,1.03,2.6
3977333714,2016-04-25,3,1.0,1.1
3977333714,2016-04-25,4,1.0,1.1
3977333714,2016-04-25,5,1.0,1.1
3977333714,2016-04-25,6,1.0,1.1
3977333714,2016-04-25,7,1.0,1.1
3977333714,2016-04-25,8,1.01,1.1
3977333714,2016-04-25,9,1.16,3.0
3977333714,2016-04-25,10,1.62,3.6
3977333714,2016-04-25,11,1.14,3.6
3977333714,2016-04-25,12,1.34,5.0
3977333714,2016-04-25,13,1.45,4.8
3977333714,2016-04-25,14,1.6,5.0
3977333714,2016-04-25,15,1.34,3.8
3977333714,2016-04-25,16,1.47,3.8
3977333714,2016-04-25,17,1.01,1.1
3977333714,2016-04-25,18,1.19,3.0
3977333714,2016-04-25,19,1.17,3.2
3977333714,2016-04-25,20,5.16,12.7
3977333714,2016-04-25,21,5.33,13.5
3977333714,2016-04-25,22,1.73,9.1
3977333714,2016-04-25,23,1.29,3.2
3977333714,2016-04-26,0,1.02,1.1
3977333714,2016-04-26,1,1.04,2.6
3977333714,2016-04-26,2,1.12,3.8
3977333714,2016-04-26,3,1.08,3.6
3977333714,2016-04-26,4,1.02,2.4
3977333714,2016-04-26,5,1.0,1.1
3977333714,2016-04-26,6,1.01,1.1
3977333714,2016-04-26,7,1.0,1.1
3977333714,2016-04-26,8,1.03,2.8
3977333714,2016-04-26,9,1.19,3.0
3977333714,2016-04-26,10,1.7,4.0
3977333714,2016-04-26,11,1.74,5.2
3977333714,2016-04-26,12,1.52,5.0
3977333714,2016-04-26,13,1.02,1.1
3977333714,2016-04-26,14,1.16,3.6
3977333714,2016-04-26,15,1.69,6.8
3977333714,2016-04-26,16,1.44,4.2
3977333714,2016-04-26,17,1.61,5.4
3977333714,2016-04-26,18,1.74,4.2
3977333714,2016-04-26,19,1.69,5.2
3977333714,2016-04-26,20,4.26,5.2
3977333714,2016-04-26,21,2.9,5.2
3977333714,2016-04-26,22,2.82,6.4
3977333714,2016-04-26,23,1.0,1.0
3977333714,2016-04-27,0,1.09,3.0
3977333714,2016-04-27,1,1.0,1.1
3977333714,2016-04-27,2,1.0,1.1
3977333714,2016-04-27,3,1.03,2.6
3977333714,2016-04-27,4,1.0,1.1
3977333714,2016-04-27,5,1.0,1.1
3977333714,2016-04-27,6,1.0,1.1
3977333714,2016-04-27,7,1.01,1.1
3977333714,2016-04-27,8,1.03,2.6
3977333714,2016-04-27,9,1.1,3.2
3977333714,2016-04-27,10,2.13,5.0
3977333714,2016-04-27,11,1.5,5.6
3977333714,2016-04-27,12,1.2,3.2
3977333714,2016-04-27,13,1.4,4.0
3977333714,2016-04-27,14,1.5,4.0
3977333714,2016-04-27,15,1.0,1.0
3977333714,2016-04-27,16,1.59,4.4
3977333714,2016-04-27,17,1.05,3.0
3977333714,2016-04-27,18,2.35,5.8
3977333714,2016-04-27,19,1.12,3.4
3977333714,2016-04-27,20,1.4,3.6
3977333714,2016-04-27,21,1.14,4.4
3977333714,2016-04-27,22,3.6,11.3
3977333714,2016-04-27,23,1.41,5.8
3977333714,2016-04-28,0,1.83,4.2
3977333714,2016-04-28,1,1.55,3.6
3977333714,2016-04-28,2,1.0,1.1
3977333714,2016-04-28,3,1.03,2.6
3977333714,2016-04-28,4,1.03,2.4
3977333714,2016-04-28,5,1.0,1.1
3977333714,2016-04-28,6,1.0,1.0
3977333714,2016-04-28,7,1.0,1.1
3977333714,2016-04-28,8,1.0,1.0
3977333714,2016-04-28,9,1.11,3.2
3977333714,2016-04-28,10,2.24,6.6
3977333714,2016-04-28,11,1.46,3.6
3977333714,2016-04-28,12,1.25,4.4
3977333714,2016-04-28,13,1.88,7.2
3977333714,2016-04-28,14,1.81,6.4
3977333714,2016-04-28,15,1.68,3.6
3977333714,2016-04-28,16,3.56,10.9
3977333714,2016-04-28,17,1.08,3.2
3977333714,2016-04-28,18,1.1,3.0
3977333714,2016-04-28,19,1.1,3.8
3977333714,2016-04-28,20,1.12,3.2
3977333714,2016-04-28,21,1.12,2.6
3977333714,2016-04-28,22,1.22,2.8
3977333714,2016-04-28,23,1.21,3.8
3977333714,2016-04-29,0,1.3,3.2
3977333714,2016-04-29,1,1.0,1.0
3977333714,2016-04-29,2,1.03,2.8
3977333714,2016-04-29,3,1.0,1.1
3977333714,2016-04-29,4,1.0,1.1
3977333714,2016-04-29,5,1.0,1.1
3977333714,2016-04-29,6,1.05,2.6
3977333714,2016-04-29,7,1.0,1.0
3977333714,2016-04-29,8,1.07,2.6
3977333714,2016-04-29,9,1.08,2.6
3977333714,2016-04-29,10,2.4,11.7
3977333714,2016-04-29,11,1.42,8.9
3977333714,2016-04-29,12,1.34,3.4
3977333714,2016-04-29,13,1.16,2.8
3977333714,2016-04-29,14,1.42,3.4
3977333714,2016-04-29,15,1.24,3.8
3977333714,2016-04-29,16,1.28,4.2
3977333714,2016-04-29,17,1.54,4.2
3977333714,2016-04-29,18,1.6,4.4
3977333714,2016-04-29,19,4.52,7.6
3977333714,2016-04-29,20,1.82,9.3
3977333714,2016-04-29,21,1.08,2.6
3977333714,2016-04-29,22,3.66,13.7
3977333714,2016-04-29,23,1.64,7.4
3977333714,2016-04-30,0,1.28,3.0
3977333714,2016-04-30,1,1.0,1.0
3977333714,2016-04-30,2,1.03,2.6
3977333714,2016-04-30,3,1.0,1.1
3977333714,2016-04-30,4,1.0,1.1
3977333714,2016-04-30,5,1.08,2.6
3977333714,2016-04-30,6,1.49,4.0
3977333714,2016-04-30,7,1.94,5.0
3977333714,2016-04-30,8,1.96,7.8
3977333714,2016-04-30,9,1.16,2.8
3977333714,2016-04-30,10,1.09,3.6
3977333714,2016-04-30,11,2.74,7.4
3977333714,2016-04-30,12,1.32,5.0
3977333714,2016-04-30,13,1.61,6.8
3977333714,2016-04-30,14,1.4,5.4
3977333714,2016-04-30,15,1.04,2.6
3977333714,2016-04-30,16,1.55,7.6
3977333714,2016-04-30,17,3.49,11.3
3977333714,2016-04-30,18,1.57,10.7
3977333714,2016-04-30,19,3.88,7.4
3977333714,2016-04-30,20,2.52,7.4
3977333714,2016-04-30,21,1.77,6.0
3977333714,2016-04-30,22,1.16,3.0
3977333714,2016-04-30,23,1.06,2.8
3977333714,2016-05-01,0,1.0,1.1
3977333714,2016-05-01,1,1.03,2.6
3977333714,2016-05-01,2,1.0,1.1
3977333714,2016-05-01,3,1.09,2.6
3977333714,2016-05-01,4,1.0,1.1
3977333714,2016-05-01,5,1.0,1.0
3977333714,2016-05-01,6,1.01,1.1
3977333714,2016-05-01,7,1.0,1.1
3977333714,2016-05-01,8,1.0,1.1
3977333714,2016-05-01,9,1.35,3.2
3977333714,2016-05-01,10,1.6,3.6
3977333714,2016-05-01,11,1.72,5.6
3977333714,2016-05-01,12,2.07,12.9
3977333714,2016-05-01,13,1.74,7.8
3977333714,2016-05-01,14,1.23,3.0
3977333714,2016-05-01,15,1.12,3.4
3977333714,2016-05-01,16,1.05,2.8
3977333714,2016-05-01,17,1.13,2.8
3977333714,2016-05-01,18,3.34,6.4
3977333714,2016-05-01,19,5.69,7.0
3977333714,2016-05-01,20,1.14,2.8
3977333714,2016-05-01,21,1.01,1.1
3977333714,2016-05-01,22,1.07,3.2
3977333714,2016-05-01,23,1.21,3.4
3977333714,2016-05-02,0,1.18,3.2
3977333714,2016-05-02,1,1.0,1.1
3977333714,2016-05-02,2,1.0,1.1
3977333714,2016-05-02,3,1.0,1.1
3977333714,2016-05-02,4,1.03,2.8
3977333714,2016-05-02,5,1.0,1.1
3977333714,2016-05-02,6,1.08,2.6
3977333714,2016-05-02,7,1.23,3.4
3977333714,2016-05-02,8,1.43,4.2
3977333714,2016-05-02,9,1.09,2.6
3977333714,2016-05-02,10,1.07,2.8
3977333714,2016-05-02,11,1.16,2.8
3977333714,2016-05-02,12,1.15,3.0
3977333714,2016-05-02,13,2.98,6.4
3977333714,2016-05-02,14,4.28,6.8
3977333714,2016-05-02,15,1.42,5.0
3977333714,2016-05-02,16,1.36,3.4
3977333714,2016-05-02,17,1.97,10.4
3977333714,2016-05-02,18,4.29,7.4
3977333714,2016-05-02,19,1.87,5.6
3977333714,2016-05-02,20,3.52,6.2
3977333714,2016-05-02,21,3.28,6.0
3977333714,2016-05-02,22,1.26,3.2
3977333714,2016-05-02,23,1.13,3.8
3977333714,2016-05-03,0,1.08,2.8
3977333714,2016-05-03,1,1.0,1.1
3977333714,2016-05-03,2,1.0,1.1
3977333714,2016-05-03,3,1.0,1.1
3977333714,2016-05-03,4,1.0,1.1
3977333714,2016-05-03,5,1.03,2.4
3977333714,2016-05-03,6,1.0,1.1
3977333714,2016-05-03,7,1.0,1.1
3977333714,2016-05-03,8,1.0,1.1
3977333714,2016-05-03,9,2.02,4.4
3977333714,2016-05-03,10,2.08,4.0
3977333714,2016-05-03,11,3.38,6.0
3977333714,2016-05-03,12,1.17,6.2
3977333714,2016-05-03,13,1.06,2.6
3977333714,2016-05-03,14,2.8,7.0
3977333714,2016-05-03,15,1.06,3.2
3977333714,2016-05-03,16,2.1,5.4
3977333714,2016-05-03,17,1.5,5.0
3977333714,2016-05-03,18,2.54,7.0
3977333714,2016-05-03,19,1.15,3.2
3977333714,2016-05-03,20,1.08,2.6
3977333714,2016-05-03,21,2.2,6.4
3977333714,2016-05-03,22,4.82,8.2
3977333714,2016-05-03,23,2.42,6.8
3977333714,2016-05-04,0,1.06,2.8
3977333714,2016-05-04,1,1.01,1.1
3977333714,2016-05-04,2,1.1,3.0
3977333714,2016-05-04,3,1.0,1.1
3977333714,2016-05-04,4,1.0,1.1
3977333714,2016-05-04,5,1.0,1.1
3977333714,2016-05-04,6,1.03,2.6
3977333714,2016-05-04,7,1.03,2.6
3977333714,2016-05-04,8,1.95,5.2
3977333714,2016-05-04,9,1.51,5.2
3977333714,2016-05-04,10,2.28,6.2
3977333714,2016-05-04,11,1.36,5.4
3977333714,2016-05-04,12,1.46,7.6
3977333714,2016-05-04,13,1.44,5.2
3977333714,2016-05-04,14,1.06,2.6
3977333714,2016-05-04,15,1.77,5.6
3977333714,2016-05-04,16,1.05,3.0
3977333714,2016-05-04,17,1.13,3.6
3977333714,2016-05-04,18,1.07,2.4
3977333714,2016-05-04,19,1.3,4.2
3977333714,2016-05-04,20,1.17,2.8
3977333714,2016-05-04,21,1.08,2.8
3977333714,2016-05-04,22,4.25,5.4
3977333714,2016-05-04,23,6.29,13.5
3977333714,2016-05-05,0,1.75,13.3
3977333714,2016-05-05,1,1.0,1.0
3977333714,2016-05-05,2,1.0,1.1
3977333714,2016-05-05,3,1.05,2.6
3977333714,2016-05-05,4,1.0,1.1
3977333714,2016-05-05,5,1.0,1.1
3977333714,2016-05-05,6,1.01,1.1
3977333714,2016-05-05,7,1.05,2.6
3977333714,2016-05-05,8,1.04,2.6
3977333714,2016-05-05,9,1.44,3.8
3977333714,2016-05-05,10,1.64,5.2
3977333714,2016-05-05,11,1.79,5.4
3977333714,2016-05-05,12,1.45,5.6
3977333714,2016-05-05,13,1.61,5.2
3977333714,2016-05-05,14,1.33,3.4
3977333714,2016-05-05,15,1.14,3.4
3977333714,2016-05-05,16,1.62,4.0
3977333714,2016-05-05,17,1.07,3.0
3977333714,2016-05-05,18,1.3,3.8
3977333714,2016-05-05,19,1.05,3.0
3977333714,2016-05-05,20,1.42,4.4
3977333714,2016-05-05,21,3.52,5.4
3977333714,2016-05-05,22,4.6,5.2
3977333714,2016-05-05,23,3.5,12.3
3977333714,2016-05-06,0,1.1,2.6
3977333714,2016-05-06,1,1.0,1.1
3977333714,2016-05-06,2,1.0,1.1
3977333714,2016-05-06,3,1.0,1.1
3977333714,2016-05-06,4,1.0,1.1
3977333714,2016-05-06,5,1.0,1.1
3977333714,2016-05-06,6,1.0,1.1
3977333714,2016-05-06,7,1.03,2.6
3977333714,2016-05-06,8,1.0,1.1
3977333714,2016-05-06,9,1.33,3.8
3977333714,2016-05-06,10,1.1,3.4
3977333714,2016-05-06,11,1.18,3.4
3977333714,2016-05-06,12,1.22,3.4
3977333714,2016-05-06,13,1.22,3.0
3977333714,2016-05-06,14,2.15,5.8
3977333714,2016-05-06,15,1.47,5.4
3977333714,2016-05-06,16,1.36,3.8
3977333714,2016-05-06,17,1.5,3.4
3977333714,2016-05-06,18,1.81,4.4
3977333714,2016-05-06,19,5.8,12.7
3977333714,2016-05-06,20,4.62,12.5
3977333714,2016-05-06,21,1.02,1.1
3977333714,2016-05-06,22,1.62,4.0
3977333714,2016-05-06,23,1.15,3.0
3977333714,2016-05-07,0,1.07,2.6
3977333714,2016-05-07,1,1.06,2.6
3977333714,2016-05-07,2,1.01,1.1
3977333714,2016-05-07,3,1.05,2.6
3977333714,2016-05-07,4,1.03,2.4
3977333714,2016-05-07,5,1.01,1.1
3977333714,2016-05-07,6,1.03,2.4
3977333714,2016-05-07,7,1.0,1.1
3977333714,2016-05-07,8,1.01,1.1
3977333714,2016-05-07,9,1.04,2.6
3977333714,2016-05-07,10,1.29,3.2
3977333714,2016-05-07,11,1.1,3.0
3977333714,2016-05-07,12,1.16,3.2
3977333714,2016-05-07,13,1.86,5.2
3977333714,2016-05-07,14,2.55,8.4
3977333714,2016-05-07,15,2.07,4.2
3977333714,2016-05-07,16,1.9,4.2
3977333714,2016-05-07,17,1.5,4.0
3977333714,2016-05-07,18,2.28,4.2
3977333714,2016-05-07,19,4.61,6.4
3977333714,2016-05-07,20,3.5,5.4
3977333714,2016-05-07,21,1.2,3.2
3977333714,2016-05-07,22,1.0,1.0
3977333714,2016-05-07,23,1.06,2.6
3977333714,2016-05-08,0,1.03,2.4
3977333714,2016-05-08,1,1.01,1.1
3977333714,2016-05-08,2,1.01,1.1
3977333714,2016-05-08,3,1.0,1.1
3977333714,2016-05-08,4,1.0,1.1
3977333714,2016-05-08,5,1.0,1.1
3977333714,2016-05-08,6,1.01,1.1
3977333714,2016-05-08,7,1.03,2.4
3977333714,2016-05-08,8,1.07,2.6
3977333714,2016-05-08,9,1.04,2.6
3977333714,2016-05-08,10,2.13,4.2
3977333714,2016-05-08,11,1.44,5.2
3977333714,2016-05-08,12,1.9,6.2
3977333714,2016-05-08,13,1.26,3.6
3977333714,2016-05-08,14,1.0,1.1
3977333714,2016-05-08,15,1.23,4.2
3977333714,2016-05-08,16,1.84,4.2
3977333714,2016-05-08,17,1.91,6.8
3977333714,2016-05-08,18,1.16,5.2
3977333714,2016-05-08,19,1.34,6.8
3977333714,2016-05-08,20,2.38,5.6
3977333714,2016-05-08,21,3.0,5.4
3977333714,2016-05-08,22,3.54,5.2
3977333714,2016-05-08,23,4.43,8.6
3977333714,2016-05-09,0,1.28,3.6
3977333714,2016-05-09,1,1.0,1.0
3977333714,2016-05-09,2,1.0,1.0
3977333714,2016-05-09,3,1.0,1.0
3977333714,2016-05-09,4,1.0,1.0
3977333714,2016-05-09,5,1.0,1.0
3977333714,2016-05-09,6,1.0,1.0
3977333714,2016-05-09,7,1.0,1.0
3977333714,2016-05-09,8,1.0,1.0
3977333714,2016-05-09,9,1.0,1.0
3977333714,2016-05-09,10,1.56,4.4
3977333714,2016-05-09,11,1.16,3.0
3977333714,2016-05-09,12,1.48,3.6
3977333714,2016-05-09,13,1.62,3.8
3977333714,2016-05-09,14,1.63,5.4
3977333714,2016-05-09,15,1.27,5.0
3977333714,2016-05-09,16,1.1,4.4
3977333714,2016-05-09,17,1.01,1.1
3977333714,2016-05-09,18,1.95,7.2
3977333714,2016-05-09,19,1.48,5.2
3977333714,2016-05-09,20,1.3,4.0
3977333714,2016-05-09,21,4.08,5.6
3977333714,2016-05-09,22,3.78,5.2
3977333714,2016-05-09,23,5.64,12.9
3977333714,2016-05-10,0,1.64,12.5
3977333714,2016-05-10,1,1.0,1.1
3977333714,2016-05-10,2,1.0,1.1
3977333714,2016-05-10,3,1.0,1.0
3977333714,2016-05-10,4,1.03,2.6
3977333714,2016-05-10,5,1.0,1.1
3977333714,2016-05-10,6,1.0,1.1
3977333714,2016-05-10,7,1.03,2.6
3977333714,2016-05-10,8,1.5,4.0
3977333714,2016-05-10,9,1.97,3.6
3977333714,2016-05-10,10,1.0,1.0
3977333714,2016-05-10,11,1.0,1.1
3977333714,2016-05-10,12,1.0,1.0
3977333714,2016-05-10,13,1.0,1.0
3977333714,2016-05-10,14,1.83,5.0
3977333714,2016-05-10,15,1.48,5.2
3977333714,2016-05-10,16,1.35,3.6
3977333714,2016-05-10,17,2.06,3.8
3977333714,2016-05-10,18,1.35,5.0
3977333714,2016-05-10,19,1.47,4.8
3977333714,2016-05-10,20,1.14,3.6
3977333714,2016-05-10,21,3.48,5.4
3977333714,2016-05-10,22,3.59,5.4
3977333714,2016-05-10,23,4.74,7.0
4020332650,2016-04-12,0,1.01,1.2
4020332650,2016-04-12,1,1.0,1.0
4020332650,2016-04-12,2,1.0,1.1
4020332650,2016-04-12,3,1.0,1.1
4020332650,2016-04-12,4,1.03,2.4
4020332650,2016-04-12,5,1.0,1.1
4020332650,2016-04-12,6,1.14,3.6
4020332650,2016-04-12,7,1.52,4.0
4020332650,2016-04-12,8,1.44,3.8
4020332650,2016-04-12,9,2.4,6.0
4020332650,2016-04-12,10,2.16,5.6
4020332650,2016-04-12,11,2.63,6.2
4020332650,2016-04-12,12,2.98,6.0
4020332650,2016-04-12,13,2.13,5.6
4020332650,2016-04-12,14,2.04,5.0
4020332650,2016-04-12,15,2.71,5.4
4020332650,2016-04-12,16,2.27,7.2
4020332650,2016-04-12,17,2.26,5.8
4020332650,2016-04-12,18,1.95,4.4
4020332650,2016-04-12,19,2.56,6.9
4020332650,2016-04-12,20,2.79,7.2
4020332650,2016-04-12,21,1.45,3.2
4020332650,2016-04-12,22,2.72,6.6
4020332650,2016-04-12,23,1.0,1.0
4020332650,2016-04-13,0,1.0,1.0
4020332650,2016-04-13,1,1.0,1.0
4020332650,2016-04-13,2,1.0,1.0
4020332650,2016-04-13,3,1.0,1.0
4020332650,2016-04-13,4,1.0,1.0
4020332650,2016-04-13,5,1.0,1.0
4020332650,2016-04-13,6,1.0,1.0
4020332650,2016-04-13,7,1.0,1.0
4020332650,2016-04-13,8,1.0,1.0
4020332650,2016-04-13,9,1.0,1.0
4020332650,2016-04-13,10,1.0,1.0
4020332650,2016-04-13,11,1.0,1.0
4020332650,2016-04-13,12,1.0,1.0
4020332650,2016-04-13,13,1.0,1.0
4020332650,2016-04-13,14,1.0,1.0
4020332650,2016-04-13,15,1.0,1.0
4020332650,2016-04-13,16,1.0,1.0
4020332650,2016-04-13,17,1.0,1.0
4020332650,2016-04-13,18,1.0,1.0
4020332650,2016-04-13,19,1.0,1.0
4020332650,2016-04-13,20,1.0,1.0
4020332650,2016-04-13,21,1.0,1.0
4020332650,2016-04-13,22,1.0,1.0
4020332650,2016-04-13,23,1.0,1.0
4020332650,2016-04-14,0,1.0,1.0
4020332650,2016-04-14,1,1.0,1.0
4020332650,2016-04-14,2,1.0,1.0
4020332650,2016-04-14,3,1.0,1.0
4020332650,2016-04-14,4,1.0,1.0
4020332650,2016-04-14,5,1.0,1.0
4020332650,2016-04-14,6,1.0,1.0
4020332650,2016-04-14,7,1.0,1.0
4020332650,2016-04-14,8,1.0,1.0
4020332650,2016-04-14,9,1.03,2.8
4020332650,2016-04-14,10,1.0,1.0
4020332650,2016-04-14,11,1.0,1.0
4020332650,2016-04-14,12,1.0,1.0
4020332650,2016-04-14,13,1.0,1.0
4020332650,2016-04-14,14,1.03,3.0
4020332650,2016-04-14,15,1.0,1.0
4020332650,2016-04-14,16,1.0,1.0
4020332650,2016-04-14,17,1.0,1.0
4020332650,2016-04-14,18,1.0,1.0
4020332650,2016-04-14,19,1.0,1.0
4020332650,2016-04-14,20,1.0,1.1
4020332650,2016-04-14,21,1.12,3.9
4020332650,2016-04-14,22,1.0,1.1
4020332650,2016-04-14,23,1.0,1.0
4020332650,2016-04-15,0,1.0,1.0
4020332650,2016-04-15,1,1.0,1.0
4020332650,2016-04-15,2,1.0,1.0
4020332650,2016-04-15,3,1.0,1.0
4020332650,2016-04-15,4,1.0,1.0
4020332650,2016-04-15,5,1.0,1.0
4020332650,2016-04-15,6,1.0,1.0
4020332650,2016-04-15,7,1.0,1.0
4020332650,2016-04-15,8,1.36,12.0
4020332650,2016-04-15,9,2.51,7.2
4020332650,2016-04-15,10,1.3,7.0
4020332650,2016-04-15,11,1.04,2.8
4020332650,2016-04-15,12,1.0,1.2
4020332650,2016-04-15,13,1.0,1.1
4020332650,2016-04-15,14,1.0,1.0
4020332650,2016-04-15,15,1.0,1.0
4020332650,2016-04-15,16,1.0,1.0
4020332650,2016-04-15,17,1.21,5.4
4020332650,2016-04-15,18,1.78,6.2
4020332650,2016-04-15,19,2.21,6.8
4020332650,2016-04-15,20,1.43,6.2
4020332650,2016-04-15,21,3.71,14.0
4020332650,2016-04-15,22,3.18,14.0
4020332650,2016-04-15,23,2.99,7.6
4020332650,2016-04-16,0,1.79,9.2
4020332650,2016-04-16,1,4.99,9.0
4020332650,2016-04-16,2,5.77,9.0
4020332650,2016-04-16,3,1.51,5.0
4020332650,2016-04-16,4,1.0,1.0
4020332650,2016-04-16,5,1.0,1.0
4020332650,2016-04-16,6,1.0,1.0
4020332650,2016-04-16,7,3.13,7.0
4020332650,2016-04-16,8,1.14,2.8
4020332650,2016-04-16,9,1.65,5.8
4020332650,2016-04-16,10,1.0,1.0
4020332650,2016-04-16,11,1.0,1.0
4020332650,2016-04-16,12,1.0,1.0
4020332650,2016-04-16,13,1.0,1.0
4020332650,2016-04-16,14,1.0,1.0
4020332650,2016-04-16,15,1.0,1.0
4020332650,2016-04-16,16,1.0,1.0
4020332650,2016-04-16,17,1.0,1.0
4020332650,2016-04-16,18,1.0,1.0
4020332650,2016-04-16,19,1.0,1.0
4020332650,2016-04-16,20,1.0,1.0
4020332650,2016-04-16,21,1.0,1.0
4020332650,2016-04-16,22,1.0,1.0
4020332650,2016-04-16,23,1.0,1.0
4020332650,2016-04-17,0,1.0,1.0
4020332650,2016-04-17,1,1.0,1.0
4020332650,2016-04-17,2,1.0,1.0
4020332650,2016-04-17,3,1.0,1.0
4020332650,2016-04-17,4,1.0,1.0
4020332650,2016-04-17,5,1.0,1.0
4020332650,2016-04-17,6,1.0,1.0
4020332650,2016-04-17,7,1.0,1.0
4020332650,2016-04-17,8,1.0,1.0
4020332650,2016-04-17,9,1.0,1.0
4020332650,2016-04-17,10,1.0,1.0
4020332650,2016-04-17,11,1.0,1.0
4020332650,2016-04-17,12,1.0,1.0
4020332650,2016-04-17,13,1.0,1.0
4020332650,2016-04-17,14,1.0,1.0
4020332650,2016-04-17,15,1.0,1.0
4020332650,2016-04-17,16,1.0,1.0
4020332650,2016-04-17,17,1.0,1.0
4020332650,2016-04-17,18,1.0,1.0
4020332650,2016-04-17,19,1.0,1.0
4020332650,2016-04-17,20,1.1,4.5
4020332650,2016-04-17,21,1.0,1.0
4020332650,2016-04-17,22,1.0,1.0
4020332650,2016-04-17,23,1.0,1.0
4020332650,2016-04-18,0,1.0,1.0
4020332650,2016-04-18,1,1.0,1.0
4020332650,2016-04-18,2,1.0,1.0
4020332650,2016-04-18,3,1.0,1.0
4020332650,2016-04-18,4,1.0,1.0
4020332650,2016-04-18,5,1.0,1.0
4020332650,2016-04-18,6,1.0,1.0
4020332650,2016-04-18,7,1.0,1.0
4020332650,2016-04-18,8,1.18,6.2
4020332650,2016-04-18,9,1.0,1.0
4020332650,2016-04-18,10,1.0,1.0
4020332650,2016-04-18,11,1.0,1.0
4020332650,2016-04-18,12,1.0,1.0
4020332650,2016-04-18,13,1.0,1.0
4020332650,2016-04-18,14,1.0,1.0
4020332650,2016-04-18,15,1.0,1.0
4020332650,2016-04-18,16,1.0,1.0
4020332650,2016-04-18,17,1.0,1.0
4020332650,2016-04-18,18,1.0,1.0
4020332650,2016-04-18,19,1.0,1.0
4020332650,2016-04-18,20,1.0,1.0
4020332650,2016-04-18,21,1.0,1.0
4020332650,2016-04-18,22,1.0,1.0
4020332650,2016-04-18,23,1.0,1.0
4020332650,2016-04-19,0,1.0,1.0
4020332650,2016-04-19,1,1.0,1.0
4020332650,2016-04-19,2,1.0,1.0
4020332650,2016-04-19,3,1.0,1.0
4020332650,2016-04-19,4,1.0,1.0
4020332650,2016-04-19,5,1.0,1.0
4020332650,2016-04-19,6,1.0,1.0
4020332650,2016-04-19,7,1.0,1.0
4020332650,2016-04-19,8,1.0,1.0
4020332650,2016-04-19,9,1.0,1.0
4020332650,2016-04-19,10,1.0,1.0
4020332650,2016-04-19,11,1.0,1.0
4020332650,2016-04-19,12,1.0,1.0
4020332650,2016-04-19,13,1.0,1.0
4020332650,2016-04-19,14,1.0,1.0
4020332650,2016-04-19,15,1.0,1.0
4020332650,2016-04-19,16,1.0,1.0
4020332650,2016-04-19,17,1.0,1.0
4020332650,2016-04-19,18,1.0,1.0
4020332650,2016-04-19,19,1.0,1.0
4020332650,2016-04-19,20,1.0,1.0
4020332650,2016-04-19,21,1.0,1.0
4020332650,2016-04-19,22,1.0,1.0
4020332650,2016-04-19,23,1.0,1.0
4020332650,2016-04-20,0,1.0,1.0
4020332650,2016-04-20,1,1.0,1.0
4020332650,2016-04-20,2,1.0,1.0
4020332650,2016-04-20,3,1.0,1.0
4020332650,2016-04-20,4,1.0,1.0
4020332650,2016-04-20,5,1.0,1.0
4020332650,2016-04-20,6,1.0,1.0
4020332650,2016-04-20,7,1.0,1.0
4020332650,2016-04-20,8,1.0,1.0
4020332650,2016-04-20,9,1.0,1.0
4020332650,2016-04-20,10,1.0,1.0
4020332650,2016-04-20,11,1.0,1.0
4020332650,2016-04-20,12,1.0,1.0
4020332650,2016-04-20,13,1.0,1.0
4020332650,2016-04-20,14,1.0,1.0
4020332650,2016-04-20,15,1.0,1.0
4020332650,2016-04-20,16,1.0,1.0
4020332650,2016-04-20,17,1.0,1.0
4020332650,2016-04-20,18,1.0,1.0
4020332650,2016-04-20,19,1.0,1.0
4020332650,2016-04-20,20,1.0,1.0
4020332650,2016-04-20,21,1.0,1.0
4020332650,2016-04-20,22,1.0,1.0
4020332650,2016-04-20,23,1.0,1.0
4020332650,2016-04-21,0,1.0,1.0
4020332650,2016-04-21,1,1.0,1.0
4020332650,2016-04-21,2,1.0,1.0
4020332650,2016-04-21,3,1.0,1.0
4020332650,2016-04-21,4,1.0,1.0
4020332650,2016-04-21,5,1.0,1.0
4020332650,2016-04-21,6,1.0,1.0
4020332650,2016-04-21,7,1.0,1.0
4020332650,2016-04-21,8,1.0,1.0
4020332650,2016-04-21,9,1.0,1.0
4020332650,2016-04-21,10,1.0,1.0
4020332650,2016-04-21,11,1.0,1.0
4020332650,2016-04-21,12,1.0,1.0
4020332650,2016-04-21,13,1.0,1.0
4020332650,2016-04-21,14,1.0,1.0
4020332650,2016-04-21,15,1.0,1.0
4020332650,2016-04-21,16,1.0,1.0
4020332650,2016-04-21,17,1.0,1.0
4020332650,2016-04-21,18,1.0,1.0
4020332650,2016-04-21,19,1.0,1.0
4020332650,2016-04-21,20,1.0,1.0
4020332650,2016-04-21,21,1.0,1.0
4020332650,2016-04-21,22,1.0,1.0
4020332650,2016-04-21,23,1.0,1.0
4020332650,2016-04-22,0,1.0,1.0
4020332650,2016-04-22,1,1.0,1.0
4020332650,2016-04-22,2,1.0,1.0
4020332650,2016-04-22,3,1.0,1.0
4020332650,2016-04-22,4,1.0,1.0
4020332650,2016-04-22,5,1.0,1.0
4020332650,2016-04-22,6,1.0,1.0
4020332650,2016-04-22,7,1.0,1.0
4020332650,2016-04-22,8,1.0,1.0
4020332650,2016-04-22,9,1.0,1.0
4020332650,2016-04-22,10,1.0,1.0
4020332650,2016-04-22,11,1.0,1.0
4020332650,2016-04-22,12,1.0,1.0
4020332650,2016-04-22,13,1.0,1.0
4020332650,2016-04-22,14,1.0,1.0
4020332650,2016-04-22,15,1.0,1.0
4020332650,2016-04-22,16,1.0,1.0
4020332650,2016-04-22,17,1.0,1.0
4020332650,2016-04-22,18,1.0,1.0
4020332650,2016-04-22,19,1.0,1.0
4020332650,2016-04-22,20,1.0,1.0
4020332650,2016-04-22,21,1.0,1.0
4020332650,2016-04-22,22,1.0,1.0
4020332650,2016-04-22,23,1.0,1.0
4020332650,2016-04-23,0,1.0,1.0
4020332650,2016-04-23,1,1.0,1.0
4020332650,2016-04-23,2,1.0,1.0
4020332650,2016-04-23,3,1.0,1.0
4020332650,2016-04-23,4,1.0,1.0
4020332650,2016-04-23,5,1.0,1.0
4020332650,2016-04-23,6,1.0,1.0
4020332650,2016-04-23,7,1.0,1.0
4020332650,2016-04-23,8,1.0,1.0
4020332650,2016-04-23,9,1.0,1.0
4020332650,2016-04-23,10,1.0,1.0
4020332650,2016-04-23,11,1.0,1.0
4020332650,2016-04-23,12,1.0,1.0
4020332650,2016-04-23,13,1.0,1.0
4020332650,2016-04-23,14,1.0,1.0
4020332650,2016-04-23,15,1.0,1.0
4020332650,2016-04-23,16,1.0,1.0
4020332650,2016-04-23,17,1.0,1.0
4020332650,2016-04-23,18,1.0,1.0
4020332650,2016-04-23,19,1.0,1.0
4020332650,2016-04-23,20,1.0,1.0
4020332650,2016-04-23,21,1.0,1.0
4020332650,2016-04-23,22,1.0,1.0
4020332650,2016-04-23,23,1.0,1.0
4020332650,2016-04-24,0,1.0,1.0
4020332650,2016-04-24,1,1.0,1.0
4020332650,2016-04-24,2,1.0,1.0
4020332650,2016-04-24,3,1.0,1.0
4020332650,2016-04-24,4,1.0,1.0
4020332650,2016-04-24,5,1.0,1.0
4020332650,2016-04-24,6,1.0,1.0
4020332650,2016-04-24,7,1.0,1.0
4020332650,2016-04-24,8,1.0,1.0
4020332650,2016-04-24,9,1.0,1.0
4020332650,2016-04-24,10,1.0,1.0
4020332650,2016-04-24,11,1.0,1.0
4020332650,2016-04-24,12,1.0,1.0
4020332650,2016-04-24,13,1.0,1.0
4020332650,2016-04-24,14,1.0,1.0
4020332650,2016-04-24,15,1.0,1.0
4020332650,2016-04-24,16,1.0,1.0
4020332650,2016-04-24,17,1.0,1.0
4020332650,2016-04-24,18,1.0,1.0
4020332650,2016-04-24,19,1.0,1.0
4020332650,2016-04-24,20,1.0,1.0
4020332650,2016-04-24,21,1.0,1.0
4020332650,2016-04-24,22,1.0,1.0
4020332650,2016-04-24,23,1.0,1.0
4020332650,2016-04-25,0,1.0,1.0
4020332650,2016-04-25,1,1.0,1.0
4020332650,2016-04-25,2,1.0,1.0
4020332650,2016-04-25,3,1.0,1.0
4020332650,2016-04-25,4,1.0,1.0
4020332650,2016-04-25,5,1.0,1.0
4020332650,2016-04-25,6,1.0,1.0
4020332650,2016-04-25,7,1.0,1.0
4020332650,2016-04-25,8,1.0,1.0
4020332650,2016-04-25,9,1.0,1.0
4020332650,2016-04-25,10,1.0,1.0
4020332650,2016-04-25,11,1.0,1.0
4020332650,2016-04-25,12,1.0,1.0
4020332650,2016-04-25,13,1.0,1.0
4020332650,2016-04-25,14,1.0,1.0
4020332650,2016-04-25,15,1.0,1.0
4020332650,2016-04-25,16,1.0,1.0
4020332650,2016-04-25,17,1.0,1.0
4020332650,2016-04-25,18,1.0,1.0
4020332650,2016-04-25,19,1.0,1.0
4020332650,2016-04-25,20,1.0,1.0
4020332650,2016-04-25,21,1.0,1.0
4020332650,2016-04-25,22,1.0,1.0
4020332650,2016-04-25,23,1.0,1.0
4020332650,2016-04-26,0,1.0,1.0
4020332650,2016-04-26,1,1.0,1.0
4020332650,2016-04-26,2,1.0,1.0
4020332650,2016-04-26,3,1.0,1.0
4020332650,2016-04-26,4,1.0,1.0
4020332650,2016-04-26,5,1.0,1.0
4020332650,2016-04-26,6,1.0,1.0
4020332650,2016-04-26,7,1.0,1.0
4020332650,2016-04-26,8,1.0,1.0
4020332650,2016-04-26,9,1.0,1.0
4020332650,2016-04-26,10,1.0,1.0
4020332650,2016-04-26,11,1.0,1.0
4020332650,2016-04-26,12,1.0,1.0
4020332650,2016-04-26,13,1.0,1.0
4020332650,2016-04-26,14,1.0,1.0
4020332650,2016-04-26,15,1.0,1.0
4020332650,2016-04-26,16,1.0,1.0
4020332650,2016-04-26,17,1.0,1.0
4020332650,2016-04-26,18,1.0,1.0
4020332650,2016-04-26,19,1.0,1.0
4020332650,2016-04-26,20,1.0,1.0
4020332650,2016-04-26,21,1.0,1.0
4020332650,2016-04-26,22,1.0,1.0
4020332650,2016-04-26,23,1.0,1.0
4020332650,2016-04-27,0,1.0,1.0
4020332650,2016-04-27,1,1.0,1.0
4020332650,2016-04-27,2,1.0,1.0
4020332650,2016-04-27,3,1.0,1.0
4020332650,2016-04-27,4,1.0,1.0
4020332650,2016-04-27,5,1.0,1.0
4020332650,2016-04-27,6,1.0,1.0
4020332650,2016-04-27,7,1.0,1.0
4020332650,2016-04-27,8,1.0,1.0
4020332650,2016-04-27,9,1.0,1.0
4020332650,2016-04-27,10,1.0,1.0
4020332650,2016-04-27,11,1.0,1.0
4020332650,2016-04-27,12,1.0,1.0
4020332650,2016-04-27,13,1.0,1.0
4020332650,2016-04-27,14,1.0,1.0
4020332650,2016-04-27,15,1.0,1.0
4020332650,2016-04-27,16,1.0,1.0
4020332650,2016-04-27,17,1.0,1.0
4020332650,2016-04-27,18,1.0,1.0
4020332650,2016-04-27,19,1.0,1.0
4020332650,2016-04-27,20,1.0,1.0
4020332650,2016-04-27,21,1.0,1.0
4020332650,2016-04-27,22,1.0,1.0
4020332650,2016-04-27,23,1.0,1.0
4020332650,2016-04-28,0,1.0,1.0
4020332650,2016-04-28,1,1.0,1.0
4020332650,2016-04-28,2,1.0,1.0
4020332650,2016-04-28,3,1.0,1.0
4020332650,2016-04-28,4,1.0,1.0
4020332650,2016-04-28,5,1.0,1.0
4020332650,2016-04-28,6,1.0,1.0
4020332650,2016-04-28,7,1.0,1.0
4020332650,2016-04-28,8,1.0,1.0
4020332650,2016-04-28,9,1.0,1.0
4020332650,2016-04-28,10,1.0,1.0
4020332650,2016-04-28,11,1.0,1.0
4020332650,2016-04-28,12,1.0,1.0
4020332650,2016-04-28,13,1.0,1.0
4020332650,2016-04-28,14,1.0,1.0
4020332650,2016-04-28,15,1.0,1.0
4020332650,2016-04-28,16,1.0,1.0
4020332650,2016-04-28,17,1.0,1.0
4020332650,2016-04-28,18,1.0,1.0
4020332650,2016-04-28,19,1.0,1.0
4020332650,2016-04-28,20,1.0,1.0
4020332650,2016-04-28,21,1.0,1.0
4020332650,2016-04-28,22,1.0,1.0
4020332650,2016-04-28,23,1.0,1.0
4020332650,2016-04-29,0,1.0,1.0
4020332650,2016-04-29,1,1.0,1.0
4020332650,2016-04-29,2,1.0,1.0
4020332650,2016-04-29,3,1.0,1.0
4020332650,2016-04-29,4,1.0,1.0
4020332650,2016-04-29,5,1.0,1.0
4020332650,2016-04-29,6,1.0,1.0
4020332650,2016-04-29,7,1.0,1.0
4020332650,2016-04-29,8,1.0,1.0
4020332650,2016-04-29,9,1.0,1.0
4020332650,2016-04-29,10,1.0,1.0
4020332650,2016-04-29,11,1.0,1.0
4020332650,2016-04-29,12,1.0,1.0
4020332650,2016-04-29,13,1.0,1.0
4020332650,2016-04-29,14,1.0,1.0
4020332650,2016-04-29,15,1.0,1.0
4020332650,2016-04-29,16,1.0,1.0
4020332650,2016-04-29,17,1.0,1.0
4020332650,2016-04-29,18,1.0,1.0
4020332650,2016-04-29,19,1.0,1.0
4020332650,2016-04-29,20,1.0,1.0
4020332650,2016-04-29,21,1.0,1.0
4020332650,2016-04-29,22,1.0,1.0
4020332650,2016-04-29,23,1.0,1.0
4020332650,2016-04-30,0,1.0,1.0
4020332650,2016-04-30,1,1.0,1.0
4020332650,2016-04-30,2,1.0,1.0
4020332650,2016-04-30,3,1.0,1.0
4020332650,2016-04-30,4,1.0,1.0
4020332650,2016-04-30,5,1.0,1.0
4020332650,2016-04-30,6,1.0,1.0
4020332650,2016-04-30,7,1.0,1.0
4020332650,2016-04-30,8,1.0,1.0
4020332650,2016-04-30,9,1.0,1.0
4020332650,2016-04-30,10,1.0,1.0
4020332650,2016-04-30,11,1.0,1.0
4020332650,2016-04-30,12,1.0,1.0
4020332650,2016-04-30,13,1.0,1.0
4020332650,2016-04-30,14,1.0,1.0
4020332650,2016-04-30,15,1.0,1.0
4020332650,2016-04-30,16,1.0,1.0
4020332650,2016-04-30,17,1.0,1.0
4020332650,2016-04-30,18,1.0,1.0
4020332650,2016-04-30,19,1.0,1.0
4020332650,2016-04-30,20,1.0,1.0
4020332650,2016-04-30,21,1.0,1.0
4020332650,2016-04-30,22,1.0,1.0
4020332650,2016-04-30,23,1.0,1.0
4020332650,2016-05-01,0,1.0,1.0
4020332650,2016-05-01,1,1.0,1.0
4020332650,2016-05-01,2,1.0,1.0
4020332650,2016-05-01,3,1.0,1.0
4020332650,2016-05-01,4,1.0,1.0
4020332650,2016-05-01,5,1.0,1.0
4020332650,2016-05-01,6,1.0,1.0
4020332650,2016-05-01,7,1.0,1.0
4020332650,2016-05-01,8,1.0,1.0
4020332650,2016-05-01,9,1.0,1.0
4020332650,2016-05-01,10,1.0,1.0
4020332650,2016-05-01,11,1.0,1.0
4020332650,2016-05-01,12,1.0,1.0
4020332650,2016-05-01,13,1.0,1.0
4020332650,2016-05-01,14,1.0,1.0
4020332650,2016-05-01,15,1.0,1.0
4020332650,2016-05-01,16,1.0,1.0
4020332650,2016-05-01,17,1.0,1.0
4020332650,2016-05-01,18,1.0,1.0
4020332650,2016-05-01,19,1.0,1.0
4020332650,2016-05-01,20,1.0,1.0
4020332650,2016-05-01,21,1.0,1.0
4020332650,2016-05-01,22,1.0,1.0
4020332650,2016-05-01,23,1.0,1.0
4020332650,2016-05-02,0,1.0,1.0
4020332650,2016-05-02,1,1.0,1.0
4020332650,2016-05-02,2,1.0,1.0
4020332650,2016-05-02,3,1.0,1.0
4020332650,2016-05-02,4,1.0,1.0
4020332650,2016-05-02,5,1.0,1.0
4020332650,2016-05-02,6,1.0,1.0
4020332650,2016-05-02,7,1.0,1.0
4020332650,2016-05-02,8,1.0,1.0
4020332650,2016-05-02,9,1.0,1.0
4020332650,2016-05-02,10,1.0,1.0
4020332650,2016-05-02,11,1.0,1.0
4020332650,2016-05-02,12,1.0,1.0
4020332650,2016-05-02,13,1.0,1.0
4020332650,2016-05-02,14,1.0,1.0
4020332650,2016-05-02,15,1.0,1.0
4020332650,2016-05-02,16,1.0,1.0
4020332650,2016-05-02,17,1.0,1.0
4020332650,2016-05-02,18,1.0,1.0
4020332650,2016-05-02,19,1.0,1.0
4020332650,2016-05-02,20,2.23,5.8
4020332650,2016-05-02,21,1.8,5.2
4020332650,2016-05-02,22,1.49,4.0
4020332650,2016-05-02,23,1.25,3.2
4020332650,2016-05-03,0,1.01,1.2
4020332650,2016-05-03,1,1.0,1.2
4020332650,2016-05-03,2,1.0,1.1
4020332650,2016-05-03,3,1.0,1.1
4020332650,2016-05-03,4,1.09,3.2
4020332650,2016-05-03,5,1.03,1.1
4020332650,2016-05-03,6,1.03,1.1
4020332650,2016-05-03,7,1.02,1.3
4020332650,2016-05-03,8,1.34,4.0
4020332650,2016-05-03,9,1.3,3.6
4020332650,2016-05-03,10,1.22,1.4
4020332650,2016-05-03,11,1.62,4.6
4020332650,2016-05-03,12,1.25,2.6
4020332650,2016-05-03,13,1.2,1.3
4020332650,2016-05-03,14,1.31,4.0
4020332650,2016-05-03,15,2.03,4.0
4020332650,2016-05-03,16,2.44,5.6
4020332650,2016-05-03,17,1.99,4.6
4020332650,2016-05-03,18,2.23,6.8
4020332650,2016-05-03,19,1.16,4.2
4020332650,2016-05-03,20,1.92,5.4
4020332650,2016-05-03,21,2.1,4.8
4020332650,2016-05-03,22,1.78,4.4
4020332650,2016-05-03,23,1.14,3.0
4020332650,2016-05-04,0,1.02,1.3
4020332650,2016-05-04,1,1.6,4.2
4020332650,2016-05-04,2,1.0,1.0
4020332650,2016-05-04,3,1.0,1.0
4020332650,2016-05-04,4,1.01,1.1
4020332650,2016-05-04,5,1.03,2.6
4020332650,2016-05-04,6,1.0,1.1
4020332650,2016-05-04,7,1.01,1.2
4020332650,2016-05-04,8,1.49,3.6
4020332650,2016-05-04,9,1.39,4.8
4020332650,2016-05-04,10,1.8,5.2
4020332650,2016-05-04,11,1.45,3.2
4020332650,2016-05-04,12,2.23,5.6
4020332650,2016-05-04,13,2.28,6.4
4020332650,2016-05-04,14,2.49,5.0
4020332650,2016-05-04,15,1.96,4.6
4020332650,2016-05-04,16,3.32,5.8
4020332650,2016-05-04,17,2.34,4.6
4020332650,2016-05-04,18,2.56,5.2
4020332650,2016-05-04,19,2.23,6.0
4020332650,2016-05-04,20,3.81,9.8
4020332650,2016-05-04,21,2.86,6.8
4020332650,2016-05-04,22,2.83,6.2
4020332650,2016-05-04,23,3.17,5.6
4020332650,2016-05-05,0,1.33,3.6
4020332650,2016-05-05,1,1.2,2.6
4020332650,2016-05-05,2,1.01,1.2
4020332650,2016-05-05,3,1.0,1.1
4020332650,2016-05-05,4,1.2,3.0
4020332650,2016-05-05,5,1.01,1.2
4020332650,2016-05-05,6,1.0,1.0
4020332650,2016-05-05,7,1.0,1.0
4020332650,2016-05-05,8,1.0,1.0
4020332650,2016-05-05,9,1.0,1.0
4020332650,2016-05-05,10,1.0,1.0
4020332650,2016-05-05,11,1.0,1.0
4020332650,2016-05-05,12,1.0,1.0
4020332650,2016-05-05,13,1.0,1.0
4020332650,2016-05-05,14,1.41,5.8
4020332650,2016-05-05,15,1.31,3.2
4020332650,2016-05-05,16,4.19,7.2
4020332650,2016-05-05,17,2.22,6.6
4020332650,2016-05-05,18,3.83,7.2
4020332650,2016-05-05,19,2.3,6.6
4020332650,2016-05-05,20,2.59,8.7
4020332650,2016-05-05,21,2.98,6.0
4020332650,2016-05-05,22,3.82,6.4
4020332650,2016-05-05,23,2.12,6.0
4020332650,2016-05-06,0,1.21,3.2
4020332650,2016-05-06,1,1.0,1.2
4020332650,2016-05-06,2,1.0,1.1
4020332650,2016-05-06,3,1.02,1.3
4020332650,2016-05-06,4,1.0,1.1
4020332650,2016-05-06,5,1.0,1.1
4020332650,2016-05-06,6,1.01,1.1
4020332650,2016-05-06,7,1.44,4.2
4020332650,2016-05-06,8,1.92,4.2
4020332650,2016-05-06,9,2.38,5.4
4020332650,2016-05-06,10,2.63,5.0
4020332650,2016-05-06,11,2.01,5.2
4020332650,2016-05-06,12,1.73,4.8
4020332650,2016-05-06,13,1.36,3.4
4020332650,2016-05-06,14,1.59,4.4
4020332650,2016-05-06,15,1.65,4.8
4020332650,2016-05-06,16,1.78,4.4
4020332650,2016-05-06,17,1.0,1.0
4020332650,2016-05-06,18,1.0,1.0
4020332650,2016-05-06,19,1.0,1.0
4020332650,2016-05-06,20,1.0,1.0
4020332650,2016-05-06,21,1.0,1.0
4020332650,2016-05-06,22,1.0,1.0
4020332650,2016-05-06,23,1.0,1.0
4020332650,2016-05-07,0,1.0,1.0
4020332650,2016-05-07,1,1.0,1.0
4020332650,2016-05-07,2,1.0,1.0
4020332650,2016-05-07,3,1.0,1.0
4020332650,2016-05-07,4,1.0,1.0
4020332650,2016-05-07,5,1.0,1.0
4020332650,2016-05-07,6,1.0,1.0
4020332650,2016-05-07,7,1.0,1.0
4020332650,2016-05-07,8,1.43,4.2
4020332650,2016-05-07,9,2.51,5.0
4020332650,2016-05-07,10,1.54,3.6
4020332650,2016-05-07,11,1.87,6.0
4020332650,2016-05-07,12,1.55,5.2
4020332650,2016-05-07,13,1.59,5.2
4020332650,2016-05-07,14,1.41,3.8
4020332650,2016-05-07,15,2.26,5.4
4020332650,2016-05-07,16,1.25,2.8
4020332650,2016-05-07,17,1.95,5.4
4020332650,2016-05-07,18,1.19,5.2
4020332650,2016-05-07,19,2.29,5.8
4020332650,2016-05-07,20,1.55,5.0
4020332650,2016-05-07,21,1.43,6.4
4020332650,2016-05-07,22,1.62,4.6
4020332650,2016-05-07,23,1.0,1.0
4020332650,2016-05-08,0,1.18,3.4
4020332650,2016-05-08,1,1.01,1.3
4020332650,2016-05-08,2,1.3,4.2
4020332650,2016-05-08,3,1.0,1.0
4020332650,2016-05-08,4,1.01,1.4
4020332650,2016-05-08,5,1.0,1.1
4020332650,2016-05-08,6,1.0,1.0
4020332650,2016-05-08,7,1.26,4.0
4020332650,2016-05-08,8,1.63,4.2
4020332650,2016-05-08,9,1.78,4.2
4020332650,2016-05-08,10,2.04,4.0
4020332650,2016-05-08,11,2.17,4.2
4020332650,2016-05-08,12,1.68,6.0
4020332650,2016-05-08,13,1.45,4.2
4020332650,2016-05-08,14,1.82,5.0
4020332650,2016-05-08,15,1.97,5.8
4020332650,2016-05-08,16,2.17,5.4
4020332650,2016-05-08,17,2.25,4.6
4020332650,2016-05-08,18,2.41,5.0
4020332650,2016-05-08,19,1.92,4.4
4020332650,2016-05-08,20,1.64,4.2
4020332650,2016-05-08,21,1.45,4.6
4020332650,2016-05-08,22,1.14,2.8
4020332650,2016-05-08,23,1.06,2.6
4020332650,2016-05-09,0,1.0,1.0
4020332650,2016-05-09,1,1.0,1.0
4020332650,2016-05-09,2,1.0,1.0
4020332650,2016-05-09,3,1.0,1.0
4020332650,2016-05-09,4,1.0,1.0
4020332650,2016-05-09,5,1.0,1.0
4020332650,2016-05-09,6,1.0,1.0
4020332650,2016-05-09,7,1.0,1.0
4020332650,2016-05-09,8,1.0,1.0
4020332650,2016-05-09,9,1.0,1.0
4020332650,2016-05-09,10,1.0,1.0
4020332650,2016-05-09,11,1.0,1.0
4020332650,2016-05-09,12,1.0,1.0
4020332650,2016-05-09,13,1.0,1.0
4020332650,2016-05-09,14,2.09,5.6
4020332650,2016-05-09,15,1.88,4.6
4020332650,2016-05-09,16,2.19,5.4
4020332650,2016-05-09,17,2.76,6.8
4020332650,2016-05-09,18,2.22,4.2
4020332650,2016-05-09,19,2.14,5.8
4020332650,2016-05-09,20,2.11,6.4
4020332650,2016-05-09,21,1.6,3.6
4020332650,2016-05-09,22,1.36,4.2
4020332650,2016-05-09,23,1.39,4.0
4020332650,2016-05-10,0,1.0,1.0
4020332650,2016-05-10,1,1.0,1.1
4020332650,2016-05-10,2,1.28,3.6
4020332650,2016-05-10,3,1.0,1.1
4020332650,2016-05-10,4,1.01,1.1
4020332650,2016-05-10,5,1.06,2.6
4020332650,2016-05-10,6,1.03,2.4
4020332650,2016-05-10,7,1.31,4.8
4020332650,2016-05-10,8,1.41,3.8
4020332650,2016-05-10,9,1.22,3.2
4020332650,2016-05-10,10,1.64,3.6
4020332650,2016-05-10,11,1.91,5.6
4020332650,2016-05-10,12,2.47,5.2
4020332650,2016-05-10,13,1.44,3.4
4020332650,2016-05-10,14,1.42,3.8
4020332650,2016-05-10,15,2.46,5.0
4020332650,2016-05-10,16,2.67,6.0
4020332650,2016-05-10,17,1.96,5.0
4020332650,2016-05-10,18,1.0,1.0
4020332650,2016-05-10,19,1.57,8.6
4020332650,2016-05-10,20,1.32,7.4
4020332650,2016-05-10,21,1.0,1.0
4020332650,2016-05-10,22,1.36,5.8
4020332650,2016-05-10,23,1.78,8.6
4020332650,2016-05-11,0,1.0,1.0
4020332650,2016-05-11,1,1.0,1.0
4020332650,2016-05-11,2,1.0,1.0
4020332650,2016-05-11,3,1.0,1.0
4020332650,2016-05-11,4,1.0,1.0
4020332650,2016-05-11,5,1.0,1.0
4020332650,2016-05-11,6,1.0,1.0
4020332650,2016-05-11,7,1.0,1.0
4020332650,2016-05-11,8,1.0,1.0
4020332650,2016-05-11,9,1.0,1.0
4020332650,2016-05-11,10,1.0,1.0
4020332650,2016-05-11,11,1.18,3.6
4020332650,2016-05-11,12,1.67,4.0
4020332650,2016-05-11,13,2.19,4.6
4020332650,2016-05-11,14,2.48,7.3
4020332650,2016-05-11,15,3.03,6.2
4020332650,2016-05-11,16,2.66,5.2
4020332650,2016-05-11,17,1.78,4.8
4020332650,2016-05-11,18,1.0,1.0
4020332650,2016-05-11,19,1.0,1.0
4020332650,2016-05-11,20,1.0,1.0
4020332650,2016-05-11,21,1.0,1.0
4020332650,2016-05-11,22,1.0,1.0
4020332650,2016-05-11,23,1.0,1.0
4020332650,2016-05-12,0,1.0,1.0
4020332650,2016-05-12,1,1.0,1.0
4020332650,2016-05-12,2,1.0,1.0
4020332650,2016-05-12,3,1.0,1.0
4020332650,2016-05-12,4,1.0,1.0
4020332650,2016-05-12,5,1.0,1.0
4020332650,2016-05-12,6,1.0,1.0
4020332650,2016-05-12,7,1.0,1.0
4020332650,2016-05-12,8,1.0,1.0
4020332650,2016-05-12,9,1.0,1.0
4020332650,2016-05-12,10,1.0,1.0
4020332650,2016-05-12,11,1.48,4.4
4057192912,2016-04-12,0,1.03,2.6
4057192912,2016-04-12,1,1.0,1.0
4057192912,2016-04-12,2,1.0,1.0
4057192912,2016-04-12,3,1.26,4.0
4057192912,2016-04-12,4,1.0,1.0
4057192912,2016-04-12,5,1.0,1.0
4057192912,2016-04-12,6,1.06,2.8
4057192912,2016-04-12,7,1.56,5.6
4057192912,2016-04-12,8,1.9,7.2
4057192912,2016-04-12,9,1.46,6.8
4057192912,2016-04-12,10,1.0,1.0
4057192912,2016-04-12,11,1.39,7.2
4057192912,2016-04-12,12,1.16,3.2
4057192912,2016-04-12,13,1.52,6.6
4057192912,2016-04-12,14,1.33,7.4
4057192912,2016-04-12,15,1.27,3.8
4057192912,2016-04-12,16,1.79,7.2
4057192912,2016-04-12,17,1.19,3.6
4057192912,2016-04-12,18,1.81,6.6
4057192912,2016-04-12,19,1.71,5.2
4057192912,2016-04-12,20,1.21,3.2
4057192912,2016-04-12,21,1.03,2.6
4057192912,2016-04-12,22,1.06,2.8
4057192912,2016-04-12,23,1.0,1.0
4057192912,2016-04-13,0,1.0,1.0
4057192912,2016-04-13,1,1.0,1.0
4057192912,2016-04-13,2,1.0,1.0
4057192912,2016-04-13,3,1.0,1.0
4057192912,2016-04-13,4,1.0,1.0
4057192912,2016-04-13,5,1.0,1.0
4057192912,2016-04-13,6,1.0,1.0
4057192912,2016-04-13,7,2.05,5.4
4057192912,2016-04-13,8,1.6,6.6
4057192912,2016-04-13,9,2.0,6.4
4057192912,2016-04-13,10,1.12,4.0
4057192912,2016-04-13,11,1.68,7.0
4057192912,2016-04-13,12,1.22,3.6
4057192912,2016-04-13,13,1.68,7.0
4057192912,2016-04-13,14,1.31,6.0
4057192912,2016-04-13,15,1.13,3.4
4057192912,2016-04-13,16,1.63,6.8
4057192912,2016-04-13,17,1.24,3.8
4057192912,2016-04-13,18,1.69,7.6
4057192912,2016-04-13,19,1.35,3.2
4057192912,2016-04-13,20,1.25,4.0
4057192912,2016-04-13,21,1.0,1.0
4057192912,2016-04-13,22,1.0,1.0
4057192912,2016-04-13,23,1.0,1.0
4057192912,2016-04-14,0,1.0,1.0
4057192912,2016-04-14,1,1.0,1.0
4057192912,2016-04-14,2,1.0,1.0
4057192912,2016-04-14,3,1.0,1.0
4057192912,2016-04-14,4,1.0,1.0
4057192912,2016-04-14,5,1.0,1.0
4057192912,2016-04-14,6,1.0,1.0
4057192912,2016-04-14,7,1.0,1.0
4057192912,2016-04-14,8,1.0,1.0
4057192912,2016-04-14,9,1.0,1.0
4057192912,2016-04-14,10,1.0,1.0
4057192912,2016-04-14,11,1.0,1.0
4057192912,2016-04-14,12,1.0,1.0
4057192912,2016-04-14,13,1.0,1.0
4057192912,2016-04-14,14,1.0,1.0
4057192912,2016-04-14,15,1.0,1.0
4057192912,2016-04-14,16,1.0,1.0
4057192912,2016-04-14,17,1.0,1.0
4057192912,2016-04-14,18,1.0,1.0
4057192912,2016-04-14,19,1.0,1.0
4057192912,2016-04-14,20,1.0,1.0
4057192912,2016-04-14,21,1.0,1.0
4057192912,2016-04-14,22,1.0,1.0
4057192912,2016-04-14,23,1.0,1.0
4057192912,2016-04-15,0,1.0,1.0
4057192912,2016-04-15,1,1.0,1.0
4057192912,2016-04-15,2,1.0,1.0
4057192912,2016-04-15,3,1.0,1.0
4057192912,2016-04-15,4,1.0,1.0
4057192912,2016-04-15,5,1.0,1.0
4057192912,2016-04-15,6,1.0,1.0
4057192912,2016-04-15,7,1.5,6.2
4057192912,2016-04-15,8,2.18,7.8
4057192912,2016-04-15,9,1.44,7.2
4057192912,2016-04-15,10,1.31,3.4
4057192912,2016-04-15,11,1.79,7.0
4057192912,2016-04-15,12,1.26,3.8
4057192912,2016-04-15,13,1.63,6.6
4057192912,2016-04-15,14,1.19,3.6
4057192912,2016-04-15,15,1.09,4.2
4319703577,2016-04-12,0,1.0,1.0
4319703577,2016-04-12,1,1.0,1.0
4319703577,2016-04-12,2,1.0,1.0
4319703577,2016-04-12,3,1.0,1.0
4319703577,2016-04-12,4,1.0,1.0
4319703577,2016-04-12,5,1.0,1.0
4319703577,2016-04-12,6,1.0,1.0
4319703577,2016-04-12,7,1.0,1.0
4319703577,2016-04-12,8,1.0,1.0
4319703577,2016-04-12,9,1.0,1.0
4319703577,2016-04-12,10,1.0,1.0
4319703577,2016-04-12,11,1.0,1.0
4319703577,2016-04-12,12,1.0,1.0
4319703577,2016-04-12,13,1.0,1.0
4319703577,2016-04-12,14,1.0,1.0
4319703577,2016-04-12,15,1.0,1.0
4319703577,2016-04-12,16,1.0,1.0
4319703577,2016-04-12,17,1.0,1.0
4319703577,2016-04-12,18,1.0,1.0
4319703577,2016-04-12,19,1.0,1.0
4319703577,2016-04-12,20,1.0,1.0
4319703577,2016-04-12,21,1.0,1.0
4319703577,2016-04-12,22,1.0,1.0
4319703577,2016-04-12,23,1.0,1.0
4319703577,2016-04-13,0,1.0,1.0
4319703577,2016-04-13,1,1.0,1.0
4319703577,2016-04-13,2,1.0,1.0
4319703577,2016-04-13,3,1.0,1.0
4319703577,2016-04-13,4,1.0,1.0
4319703577,2016-04-13,5,1.0,1.0
4319703577,2016-04-13,6,1.0,1.0
4319703577,2016-04-13,7,1.0,1.0
4319703577,2016-04-13,8,1.0,1.0
4319703577,2016-04-13,9,1.0,1.0
4319703577,2016-04-13,10,1.0,1.0
4319703577,2016-04-13,11,1.0,1.0
4319703577,2016-04-13,12,1.0,1.0
4319703577,2016-04-13,13,1.0,1.0
4319703577,2016-04-13,14,1.0,1.0
4319703577,2016-04-13,15,1.05,2.6
4319703577,2016-04-13,16,2.16,4.2
4319703577,2016-04-13,17,1.57,4.2
4319703577,2016-04-13,18,1.22,4.2
4319703577,2016-04-13,19,2.94,7.6
4319703577,2016-04-13,20,1.16,3.2
4319703577,2016-04-13,21,1.03,1.1
4319703577,2016-04-13,22,1.71,4.0
4319703577,2016-04-13,23,1.0,1.0
4319703577,2016-04-14,0,1.0,1.1
4319703577,2016-04-14,1,1.0,1.1
4319703577,2016-04-14,2,1.0,1.1
4319703577,2016-04-14,3,1.0,1.1
4319703577,2016-04-14,4,1.03,2.6
4319703577,2016-04-14,5,1.06,2.8
4319703577,2016-04-14,6,1.0,1.0
4319703577,2016-04-14,7,1.01,1.1
4319703577,2016-04-14,8,1.41,3.2
4319703577,2016-04-14,9,1.53,4.2
4319703577,2016-04-14,10,2.89,8.3
4319703577,2016-04-14,11,2.04,5.4
4319703577,2016-04-14,12,2.39,6.6
4319703577,2016-04-14,13,1.56,3.8
4319703577,2016-04-14,14,1.43,3.0
4319703577,2016-04-14,15,1.5,3.0
4319703577,2016-04-14,16,1.88,4.8
4319703577,2016-04-14,17,2.39,5.4
4319703577,2016-04-14,18,1.86,4.0
4319703577,2016-04-14,19,2.12,7.8
4319703577,2016-04-14,20,2.06,6.6
4319703577,2016-04-14,21,1.2,3.2
4319703577,2016-04-14,22,2.19,6.0
4319703577,2016-04-14,23,1.33,3.4
4319703577,2016-04-15,0,1.0,1.1
4319703577,2016-04-15,1,1.0,1.0
4319703577,2016-04-15,2,1.0,1.1
4319703577,2016-04-15,3,1.0,1.1
4319703577,2016-04-15,4,1.03,2.6
4319703577,2016-04-15,5,1.03,2.4
4319703577,2016-04-15,6,1.03,2.4
4319703577,2016-04-15,7,1.08,2.6
4319703577,2016-04-15,8,1.52,3.6
4319703577,2016-04-15,9,1.02,1.1
4319703577,2016-04-15,10,3.1,7.6
4319703577,2016-04-15,11,1.6,3.8
4319703577,2016-04-15,12,1.84,3.8
4319703577,2016-04-15,13,1.17,3.0
4319703577,2016-04-15,14,1.85,5.0
4319703577,2016-04-15,15,1.49,3.0
4319703577,2016-04-15,16,1.35,3.6
4319703577,2016-04-15,17,1.05,2.4
4319703577,2016-04-15,18,1.45,4.0
4319703577,2016-04-15,19,1.84,7.6
4319703577,2016-04-15,20,1.31,3.0
4319703577,2016-04-15,21,1.51,4.0
4319703577,2016-04-15,22,1.27,4.2
4319703577,2016-04-15,23,1.12,3.0
4319703577,2016-04-16,0,1.09,3.4
4319703577,2016-04-16,1,1.0,1.1
4319703577,2016-04-16,2,1.0,1.1
4319703577,2016-04-16,3,1.03,2.6
4319703577,2016-04-16,4,1.0,1.1
4319703577,2016-04-16,5,1.0,1.1
4319703577,2016-04-16,6,1.03,2.6
4319703577,2016-04-16,7,1.0,1.1
4319703577,2016-04-16,8,1.0,1.1
4319703577,2016-04-16,9,1.66,4.0
4319703577,2016-04-16,10,2.12,5.6
4319703577,2016-04-16,11,2.18,6.4
4319703577,2016-04-16,12,1.87,5.4
4319703577,2016-04-16,13,1.8,4.2
4319703577,2016-04-16,14,1.62,3.4
4319703577,2016-04-16,15,2.52,5.8
4319703577,2016-04-16,16,1.03,1.1
4319703577,2016-04-16,17,1.05,2.6
4319703577,2016-04-16,18,1.0,1.0
4319703577,2016-04-16,19,1.0,1.0
4319703577,2016-04-16,20,1.0,1.0
4319703577,2016-04-16,21,1.0,1.0
4319703577,2016-04-16,22,1.0,1.0
4319703577,2016-04-16,23,1.0,1.0
4319703577,2016-04-17,0,1.0,1.1
4319703577,2016-04-17,1,1.0,1.0
4319703577,2016-04-17,2,1.0,1.0
4319703577,2016-04-17,3,1.0,1.0
4319703577,2016-04-17,4,1.0,1.0
4319703577,2016-04-17,5,1.0,1.0
4319703577,2016-04-17,6,1.0,1.0
4319703577,2016-04-17,7,1.0,1.0
4319703577,2016-04-17,8,1.0,1.0
4319703577,2016-04-17,9,1.0,1.0
4319703577,2016-04-17,10,1.0,1.0
4319703577,2016-04-17,11,1.0,1.0
4319703577,2016-04-17,12,1.0,1.0
4319703577,2016-04-17,13,1.0,1.0
4319703577,2016-04-17,14,1.0,1.0
4319703577,2016-04-17,15,1.0,1.1
4319703577,2016-04-17,16,1.0,1.0
4319703577,2016-04-17,17,1.0,1.0
4319703577,2016-04-17,18,1.0,1.0
4319703577,2016-04-17,19,1.0,1.0
4319703577,2016-04-17,20,1.0,1.0
4319703577,2016-04-17,21,1.0,1.0
4319703577,2016-04-17,22,1.06,2.6
4319703577,2016-04-17,23,1.03,2.8
4319703577,2016-04-18,0,1.0,1.0
4319703577,2016-04-18,1,1.0,1.0
4319703577,2016-04-18,2,1.0,1.1
4319703577,2016-04-18,3,1.0,1.0
4319703577,2016-04-18,4,1.01,1.1
4319703577,2016-04-18,5,1.03,2.8
4319703577,2016-04-18,6,1.0,1.1
4319703577,2016-04-18,7,1.01,1.1
4319703577,2016-04-18,8,1.34,4.2
4319703577,2016-04-18,9,1.07,3.0
4319703577,2016-04-18,10,3.04,8.3
4319703577,2016-04-18,11,1.25,3.4
4319703577,2016-04-18,12,1.0,1.0
4319703577,2016-04-18,13,1.0,1.0
4319703577,2016-04-18,14,1.0,1.0
4319703577,2016-04-18,15,1.0,1.0
4319703577,2016-04-18,16,1.0,1.0
4319703577,2016-04-18,17,1.0,1.0
4319703577,2016-04-18,18,1.03,2.8
4319703577,2016-04-18,19,1.0,1.0
4319703577,2016-04-18,20,1.0,1.0
4319703577,2016-04-18,21,1.0,1.0
4319703577,2016-04-18,22,1.1,3.2
4319703577,2016-04-18,23,1.03,2.6
4319703577,2016-04-19,0,1.0,1.1
4319703577,2016-04-19,1,1.05,2.6
4319703577,2016-04-19,2,1.0,1.1
4319703577,2016-04-19,3,1.11,2.6
4319703577,2016-04-19,4,1.01,1.1
4319703577,2016-04-19,5,1.0,1.1
4319703577,2016-04-19,6,1.0,1.1
4319703577,2016-04-19,7,1.64,6.8
4319703577,2016-04-19,8,1.55,5.6
4319703577,2016-04-19,9,1.12,3.2
4319703577,2016-04-19,10,3.11,7.6
4319703577,2016-04-19,11,2.31,5.8
4319703577,2016-04-19,12,1.96,5.0
4319703577,2016-04-19,13,1.25,3.6
4319703577,2016-04-19,14,1.68,4.4
4319703577,2016-04-19,15,1.55,4.0
4319703577,2016-04-19,16,1.96,4.4
4319703577,2016-04-19,17,1.54,3.8
4319703577,2016-04-19,18,1.62,4.2
4319703577,2016-04-19,19,2.58,7.2
4319703577,2016-04-19,20,1.56,3.6
4319703577,2016-04-19,21,1.18,3.0
4319703577,2016-04-19,22,1.48,3.8
4319703577,2016-04-19,23,1.0,1.1
4319703577,2016-04-20,0,1.0,1.0
4319703577,2016-04-20,1,1.0,1.1
4319703577,2016-04-20,2,1.03,2.6
4319703577,2016-04-20,3,1.0,1.0
4319703577,2016-04-20,4,1.0,1.1
4319703577,2016-04-20,5,1.0,1.1
4319703577,2016-04-20,6,1.03,2.6
4319703577,2016-04-20,7,1.75,7.2
4319703577,2016-04-20,8,1.14,4.2
4319703577,2016-04-20,9,1.76,3.8
4319703577,2016-04-20,10,2.23,7.6
4319703577,2016-04-20,11,2.07,6.0
4319703577,2016-04-20,12,2.73,5.4
4319703577,2016-04-20,13,1.49,3.4
4319703577,2016-04-20,14,1.44,3.2
4319703577,2016-04-20,15,2.26,3.8
4319703577,2016-04-20,16,1.93,3.8
4319703577,2016-04-20,17,1.82,4.4
4319703577,2016-04-20,18,1.77,4.2
4319703577,2016-04-20,19,2.21,7.4
4319703577,2016-04-20,20,1.24,2.8
4319703577,2016-04-20,21,1.32,3.4
4319703577,2016-04-20,22,1.28,5.2
4319703577,2016-04-20,23,1.0,1.1
4319703577,2016-04-21,0,1.0,1.0
4319703577,2016-04-21,1,1.0,1.0
4319703577,2016-04-21,2,1.0,1.0
4319703577,2016-04-21,3,1.0,1.0
4319703577,2016-04-21,4,1.0,1.0
4319703577,2016-04-21,5,1.0,1.0
4319703577,2016-04-21,6,1.0,1.0
4319703577,2016-04-21,7,1.0,1.0
4319703577,2016-04-21,8,1.0,1.0
4319703577,2016-04-21,9,1.0,1.0
4319703577,2016-04-21,10,1.0,1.0
4319703577,2016-04-21,11,1.0,1.0
4319703577,2016-04-21,12,1.0,1.0
4319703577,2016-04-21,13,1.0,1.0
4319703577,2016-04-21,14,1.17,3.2
4319703577,2016-04-21,15,1.12,3.0
4319703577,2016-04-21,16,1.09,2.6
4319703577,2016-04-21,17,1.04,2.8
4319703577,2016-04-21,18,1.15,3.2
4319703577,2016-04-21,19,1.27,3.0
4319703577,2016-04-21,20,1.02,1.1
4319703577,2016-04-21,21,1.04,2.4
4319703577,2016-04-21,22,1.22,3.6
4319703577,2016-04-21,23,1.02,2.4
4319703577,2016-04-22,0,1.03,2.6
4319703577,2016-04-22,1,1.0,1.1
4319703577,2016-04-22,2,1.0,1.1
4319703577,2016-04-22,3,1.0,1.0
4319703577,2016-04-22,4,1.0,1.1
4319703577,2016-04-22,5,1.03,2.8
4319703577,2016-04-22,6,1.0,1.1
4319703577,2016-04-22,7,1.04,2.6
4319703577,2016-04-22,8,2.69,6.2
4319703577,2016-04-22,9,1.18,4.0
4319703577,2016-04-22,10,1.04,2.4
4319703577,2016-04-22,11,1.59,5.6
4319703577,2016-04-22,12,1.5,6.0
4319703577,2016-04-22,13,1.21,3.2
4319703577,2016-04-22,14,1.25,3.2
4319703577,2016-04-22,15,1.21,3.6
4319703577,2016-04-22,16,1.96,3.4
4319703577,2016-04-22,17,1.39,3.8
4319703577,2016-04-22,18,1.44,3.8
4319703577,2016-04-22,19,1.25,3.2
4319703577,2016-04-22,20,1.31,3.4
4319703577,2016-04-22,21,1.32,5.2
4319703577,2016-04-22,22,1.66,4.0
4319703577,2016-04-22,23,1.0,1.1
4319703577,2016-04-23,0,1.03,2.6
4319703577,2016-04-23,1,1.0,1.1
4319703577,2016-04-23,2,1.0,1.1
4319703577,2016-04-23,3,1.0,1.1
4319703577,2016-04-23,4,1.02,2.4
4319703577,2016-04-23,5,1.02,2.4
4319703577,2016-04-23,6,1.03,2.6
4319703577,2016-04-23,7,1.0,1.0
4319703577,2016-04-23,8,1.0,1.0
4319703577,2016-04-23,9,1.0,1.1
4319703577,2016-04-23,10,1.03,2.6
4319703577,2016-04-23,11,1.03,2.8
4319703577,2016-04-23,12,2.38,6.4
4319703577,2016-04-23,13,1.59,3.8
4319703577,2016-04-23,14,1.2,3.0
4319703577,2016-04-23,15,1.62,3.8
4319703577,2016-04-23,16,2.3,4.2
4319703577,2016-04-23,17,2.03,4.4
4319703577,2016-04-23,18,1.31,3.8
4319703577,2016-04-23,19,1.92,3.2
4319703577,2016-04-23,20,1.34,4.0
4319703577,2016-04-23,21,1.44,4.0
4319703577,2016-04-23,22,1.17,3.0
4319703577,2016-04-23,23,1.58,3.6
4319703577,2016-04-24,0,1.01,1.1
4319703577,2016-04-24,1,1.0,1.1
4319703577,2016-04-24,2,1.0,1.1
4319703577,2016-04-24,3,1.1,3.6
4319703577,2016-04-24,4,1.0,1.1
4319703577,2016-04-24,5,1.0,1.1
4319703577,2016-04-24,6,1.03,2.6
4319703577,2016-04-24,7,1.0,1.0
4319703577,2016-04-24,8,1.33,3.4
4319703577,2016-04-24,9,1.89,6.2
4319703577,2016-04-24,10,1.14,2.8
4319703577,2016-04-24,11,1.27,3.0
4319703577,2016-04-24,12,1.28,4.4
4319703577,2016-04-24,13,1.86,4.2
4319703577,2016-04-24,14,2.03,6.4
4319703577,2016-04-24,15,1.34,3.4
4319703577,2016-04-24,16,1.36,3.4
4319703577,2016-04-24,17,1.51,3.2
4319703577,2016-04-24,18,1.56,3.0
4319703577,2016-04-24,19,1.24,3.0
4319703577,2016-04-24,20,1.2,3.0
4319703577,2016-04-24,21,1.21,3.6
4319703577,2016-04-24,22,1.62,4.0
4319703577,2016-04-24,23,1.03,2.6
4319703577,2016-04-25,0,1.0,1.1
4319703577,2016-04-25,1,1.0,1.1
4319703577,2016-04-25,2,1.03,2.6
4319703577,2016-04-25,3,1.0,1.1
4319703577,2016-04-25,4,1.06,3.2
4319703577,2016-04-25,5,1.0,1.1
4319703577,2016-04-25,6,1.0,1.1
4319703577,2016-04-25,7,1.08,3.4
4319703577,2016-04-25,8,1.52,4.0
4319703577,2016-04-25,9,1.11,3.2
4319703577,2016-04-25,10,3.09,7.8
4319703577,2016-04-25,11,2.27,3.6
4319703577,2016-04-25,12,2.17,4.2
4319703577,2016-04-25,13,1.58,4.2
4319703577,2016-04-25,14,2.46,5.4
4319703577,2016-04-25,15,1.83,3.2
4319703577,2016-04-25,16,1.72,3.8
4319703577,2016-04-25,17,2.38,5.2
4319703577,2016-04-25,18,2.41,4.8
4319703577,2016-04-25,19,2.33,6.8
4319703577,2016-04-25,20,1.21,2.6
4319703577,2016-04-25,21,1.11,3.2
4319703577,2016-04-25,22,1.64,3.4
4319703577,2016-04-25,23,1.15,3.2
4319703577,2016-04-26,0,1.0,1.1
4319703577,2016-04-26,1,1.0,1.1
4319703577,2016-04-26,2,1.0,1.1
4319703577,2016-04-26,3,1.0,1.1
4319703577,2016-04-26,4,1.0,1.1
4319703577,2016-04-26,5,1.0,1.1
4319703577,2016-04-26,6,1.0,1.1
4319703577,2016-04-26,7,1.14,3.2
4319703577,2016-04-26,8,2.47,5.4
4319703577,2016-04-26,9,1.01,1.1
4319703577,2016-04-26,10,3.01,7.6
4319703577,2016-04-26,11,1.98,5.4
4319703577,2016-04-26,12,2.5,5.6
4319703577,2016-04-26,13,1.62,4.2
4319703577,2016-04-26,14,1.49,3.8
4319703577,2016-04-26,15,1.81,3.8
4319703577,2016-04-26,16,1.58,3.6
4319703577,2016-04-26,17,1.98,5.8
4319703577,2016-04-26,18,1.73,5.4
4319703577,2016-04-26,19,3.31,7.8
4319703577,2016-04-26,20,1.2,4.2
4319703577,2016-04-26,21,1.0,1.0
4319703577,2016-04-26,22,1.03,2.6
4319703577,2016-04-26,23,1.0,1.0
4319703577,2016-04-27,0,1.0,1.0
4319703577,2016-04-27,1,1.0,1.0
4319703577,2016-04-27,2,1.03,2.6
4319703577,2016-04-27,3,1.0,1.1
4319703577,2016-04-27,4,1.03,2.8
4319703577,2016-04-27,5,1.03,2.6
4319703577,2016-04-27,6,1.0,1.1
4319703577,2016-04-27,7,1.17,2.8
4319703577,2016-04-27,8,2.24,6.2
4319703577,2016-04-27,9,1.15,2.8
4319703577,2016-04-27,10,3.15,7.8
4319703577,2016-04-27,11,1.99,7.4
4319703577,2016-04-27,12,3.52,6.4
4319703577,2016-04-27,13,1.56,3.4
4319703577,2016-04-27,14,2.68,5.6
4319703577,2016-04-27,15,2.06,5.0
4319703577,2016-04-27,16,1.61,3.4
4319703577,2016-04-27,17,1.64,3.6
4319703577,2016-04-27,18,1.61,5.2
4319703577,2016-04-27,19,2.28,7.4
4319703577,2016-04-27,20,1.19,4.2
4319703577,2016-04-27,21,1.23,4.0
4319703577,2016-04-27,22,1.14,3.2
4319703577,2016-04-27,23,1.0,1.1
4319703577,2016-04-28,0,1.0,1.0
4319703577,2016-04-28,1,1.03,2.4
4319703577,2016-04-28,2,1.0,1.1
4319703577,2016-04-28,3,1.0,1.0
4319703577,2016-04-28,4,1.15,3.0
4319703577,2016-04-28,5,1.0,1.0
4319703577,2016-04-28,6,1.0,1.1
4319703577,2016-04-28,7,1.7,5.0
4319703577,2016-04-28,8,1.95,7.8
4319703577,2016-04-28,9,1.48,4.2
4319703577,2016-04-28,10,2.43,7.6
4319703577,2016-04-28,11,2.22,6.6
4319703577,2016-04-28,12,2.34,4.2
4319703577,2016-04-28,13,1.56,5.2
4319703577,2016-04-28,14,1.69,4.4
4319703577,2016-04-28,15,1.54,3.6
4319703577,2016-04-28,16,2.08,4.2
4319703577,2016-04-28,17,2.31,5.0
4319703577,2016-04-28,18,2.48,5.2
4319703577,2016-04-28,19,1.89,8.0
4319703577,2016-04-28,20,2.48,8.8
4319703577,2016-04-28,21,1.11,2.8
4319703577,2016-04-28,22,1.49,3.6
4319703577,2016-04-28,23,1.08,2.8
4319703577,2016-04-29,0,1.1,3.0
4319703577,2016-04-29,1,1.03,2.6
4319703577,2016-04-29,2,1.0,1.1
4319703577,2016-04-29,3,1.03,2.6
4319703577,2016-04-29,4,1.0,1.1
4319703577,2016-04-29,5,1.02,2.4
4319703577,2016-04-29,6,1.0,1.1
4319703577,2016-04-29,7,1.04,2.8
4319703577,2016-04-29,8,1.3,3.6
4319703577,2016-04-29,9,1.41,3.6
4319703577,2016-04-29,10,2.82,7.8
4319703577,2016-04-29,11,2.02,5.0
4319703577,2016-04-29,12,1.73,4.0
4319703577,2016-04-29,13,2.1,4.0
4319703577,2016-04-29,14,1.78,3.4
4319703577,2016-04-29,15,2.01,3.6
4319703577,2016-04-29,16,2.12,4.2
4319703577,2016-04-29,17,1.55,3.6
4319703577,2016-04-29,18,1.56,5.8
4319703577,2016-04-29,19,2.24,7.6
4319703577,2016-04-29,20,1.47,4.0
4319703577,2016-04-29,21,1.04,1.1
4319703577,2016-04-29,22,1.18,3.2
4319703577,2016-04-29,23,1.31,3.8
4319703577,2016-04-30,0,1.0,1.1
4319703577,2016-04-30,1,1.0,1.1
4319703577,2016-04-30,2,1.03,2.6
4319703577,2016-04-30,3,1.06,3.0
4319703577,2016-04-30,4,1.01,1.1
4319703577,2016-04-30,5,1.0,1.1
4319703577,2016-04-30,6,1.0,1.1
4319703577,2016-04-30,7,1.07,2.8
4319703577,2016-04-30,8,1.14,2.8
4319703577,2016-04-30,9,1.0,1.0
4319703577,2016-04-30,10,1.16,4.0
4319703577,2016-04-30,11,1.39,5.2
4319703577,2016-04-30,12,2.1,7.0
4319703577,2016-04-30,13,2.33,6.4
4319703577,2016-04-30,14,2.3,7.6
4319703577,2016-04-30,15,1.66,4.8
4319703577,2016-04-30,16,1.64,4.4
4319703577,2016-04-30,17,1.53,5.0
4319703577,2016-04-30,18,1.2,5.0
4319703577,2016-04-30,19,1.6,6.4
4319703577,2016-04-30,20,2.8,6.4
4319703577,2016-04-30,21,1.95,5.4
4319703577,2016-04-30,22,1.13,2.6
4319703577,2016-04-30,23,1.4,3.4
4319703577,2016-05-01,0,1.0,1.0
4319703577,2016-05-01,1,1.0,1.1
4319703577,2016-05-01,2,1.0,1.1
4319703577,2016-05-01,3,1.03,2.4
4319703577,2016-05-01,4,1.0,1.1
4319703577,2016-05-01,5,1.0,1.1
4319703577,2016-05-01,6,1.0,1.1
4319703577,2016-05-01,7,1.07,3.0
4319703577,2016-05-01,8,1.17,3.2
4319703577,2016-05-01,9,1.42,3.8
4319703577,2016-05-01,10,1.18,3.8
4319703577,2016-05-01,11,1.16,3.4
4319703577,2016-05-01,12,1.0,1.0
4319703577,2016-05-01,13,1.0,1.0
4319703577,2016-05-01,14,1.0,1.0
4319703577,2016-05-01,15,1.0,1.0
4319703577,2016-05-01,16,1.0,1.0
4319703577,2016-05-01,17,1.0,1.0
4319703577,2016-05-01,18,1.0,1.0
4319703577,2016-05-01,19,1.0,1.0
4319703577,2016-05-01,20,1.25,3.2
4319703577,2016-05-01,21,1.09,2.6
4319703577,2016-05-01,22,1.89,4.4
4319703577,2016-05-01,23,1.0,1.0
4319703577,2016-05-02,0,1.03,2.6
4319703577,2016-05-02,1,1.05,2.8
4319703577,2016-05-02,2,1.0,1.1
4319703577,2016-05-02,3,1.01,1.1
4319703577,2016-05-02,4,1.11,2.8
4319703577,2016-05-02,5,1.03,2.4
4319703577,2016-05-02,6,1.0,1.1
4319703577,2016-05-02,7,1.28,3.2
4319703577,2016-05-02,8,1.07,2.8
4319703577,2016-05-02,9,1.31,3.6
4319703577,2016-05-02,10,2.98,6.8
4319703577,2016-05-02,11,2.4,4.2
4319703577,2016-05-02,12,2.02,3.6
4319703577,2016-05-02,13,1.51,4.0
4319703577,2016-05-02,14,1.76,5.0
4319703577,2016-05-02,15,1.76,6.6
4319703577,2016-05-02,16,2.51,4.8
4319703577,2016-05-02,17,2.12,3.8
4319703577,2016-05-02,18,2.02,4.2
4319703577,2016-05-02,19,1.59,7.6
4319703577,2016-05-02,20,1.62,7.0
4319703577,2016-05-02,21,1.8,8.3
4319703577,2016-05-02,22,1.32,3.8
4319703577,2016-05-02,23,1.03,2.4
4319703577,2016-05-03,0,1.0,1.1
4319703577,2016-05-03,1,1.03,2.4
4319703577,2016-05-03,2,1.06,2.6
4319703577,2016-05-03,3,1.0,1.0
4319703577,2016-05-03,4,1.03,2.6
4319703577,2016-05-03,5,1.0,1.1
4319703577,2016-05-03,6,1.03,2.4
4319703577,2016-05-03,7,1.23,3.8
4319703577,2016-05-03,8,1.18,3.4
4319703577,2016-05-03,9,1.15,3.8
4319703577,2016-05-03,10,3.21,7.8
4319703577,2016-05-03,11,2.62,6.2
4319703577,2016-05-03,12,2.45,5.6
4319703577,2016-05-03,13,1.25,2.8
4319703577,2016-05-03,14,1.86,5.2
4319703577,2016-05-03,15,1.51,5.8
4319703577,2016-05-03,16,2.01,4.0
4319703577,2016-05-03,17,2.14,4.2
4319703577,2016-05-03,18,1.79,4.2
4319703577,2016-05-03,19,2.32,7.2
4319703577,2016-05-03,20,1.25,3.4
4319703577,2016-05-03,21,1.21,4.2
4319703577,2016-05-03,22,1.51,3.6
4319703577,2016-05-03,23,1.0,1.0
4319703577,2016-05-04,0,1.0,1.0
4319703577,2016-05-04,1,1.0,1.0
4319703577,2016-05-04,2,1.0,1.0
4319703577,2016-05-04,3,1.0,1.0
4319703577,2016-05-04,4,1.0,1.0
4319703577,2016-05-04,5,1.0,1.0
4319703577,2016-05-04,6,1.0,1.0
4319703577,2016-05-04,7,1.03,2.6
4319703577,2016-05-04,8,1.37,4.2
4319703577,2016-05-04,9,1.53,3.0
4319703577,2016-05-04,10,2.98,8.3
4319703577,2016-05-04,11,2.28,5.4
4319703577,2016-05-04,12,2.93,6.0
4319703577,2016-05-04,13,2.17,5.8
4319703577,2016-05-04,14,2.18,6.2
4319703577,2016-05-04,15,2.37,5.8
4319703577,2016-05-04,16,1.24,2.8
4319703577,2016-05-04,17,1.42,3.6
4319703577,2016-05-04,18,1.68,5.6
4319703577,2016-05-04,19,2.74,7.2
4319703577,2016-05-04,20,1.51,3.6
4319703577,2016-05-04,21,1.16,2.6
4319703577,2016-05-04,22,1.04,2.8
4319703577,2016-05-04,23,1.0,1.0
4319703577,2016-05-05,0,1.0,1.0
4319703577,2016-05-05,1,1.0,1.0
4319703577,2016-05-05,2,1.0,1.0
4319703577,2016-05-05,3,1.0,1.0
4319703577,2016-05-05,4,1.0,1.1
4319703577,2016-05-05,5,3.38,12.7
4319703577,2016-05-05,6,4.59,11.3
4319703577,2016-05-05,7,1.52,3.6
4319703577,2016-05-05,8,1.16,3.2
4319703577,2016-05-05,9,1.25,3.8
4319703577,2016-05-05,10,2.79,7.6
4319703577,2016-05-05,11,2.02,5.8
4319703577,2016-05-05,12,2.06,5.0
4319703577,2016-05-05,13,1.48,4.4
4319703577,2016-05-05,14,1.88,4.2
4319703577,2016-05-05,15,1.79,3.8
4319703577,2016-05-05,16,1.43,4.2
4319703577,2016-05-05,17,1.36,3.2
4319703577,2016-05-05,18,2.1,4.2
4319703577,2016-05-05,19,2.36,7.6
4319703577,2016-05-05,20,1.95,5.8
4319703577,2016-05-05,21,1.23,3.2
4319703577,2016-05-05,22,1.36,3.2
4319703577,2016-05-05,23,1.0,1.1
4319703577,2016-05-06,0,1.09,3.0
4319703577,2016-05-06,1,1.03,2.6
4319703577,2016-05-06,2,1.03,2.6
4319703577,2016-05-06,3,1.06,2.6
4319703577,2016-05-06,4,1.03,2.4
4319703577,2016-05-06,5,1.0,1.0
4319703577,2016-05-06,6,1.13,2.8
4319703577,2016-05-06,7,2.56,7.6
4319703577,2016-05-06,8,1.14,3.2
4319703577,2016-05-06,9,1.29,4.2
4319703577,2016-05-06,10,1.14,2.8
4319703577,2016-05-06,11,2.54,8.2
4319703577,2016-05-06,12,1.11,3.2
4319703577,2016-05-06,13,1.75,7.8
4319703577,2016-05-06,14,1.12,3.2
4319703577,2016-05-06,15,2.17,4.2
4319703577,2016-05-06,16,2.11,4.8
4319703577,2016-05-06,17,1.74,3.4
4319703577,2016-05-06,18,1.71,5.2
4319703577,2016-05-06,19,3.12,8.3
4319703577,2016-05-06,20,2.36,5.4
4319703577,2016-05-06,21,1.49,5.0
4319703577,2016-05-06,22,1.12,3.0
4319703577,2016-05-06,23,1.47,3.4
4319703577,2016-05-07,0,1.0,1.0
4319703577,2016-05-07,1,1.03,2.6
4319703577,2016-05-07,2,1.0,1.0
4319703577,2016-05-07,3,1.02,2.4
4319703577,2016-05-07,4,1.0,1.1
4319703577,2016-05-07,5,1.03,2.4
4319703577,2016-05-07,6,1.03,2.6
4319703577,2016-05-07,7,1.0,1.1
4319703577,2016-05-07,8,1.18,2.8
4319703577,2016-05-07,9,2.64,6.6
4319703577,2016-05-07,10,1.25,2.8
4319703577,2016-05-07,11,1.7,4.2
4319703577,2016-05-07,12,1.47,5.2
4319703577,2016-05-07,13,2.69,5.2
4319703577,2016-05-07,14,1.63,3.8
4319703577,2016-05-07,15,1.59,3.2
4319703577,2016-05-07,16,1.58,5.2
4319703577,2016-05-07,17,2.02,5.8
4319703577,2016-05-07,18,2.26,6.0
4319703577,2016-05-07,19,2.09,6.0
4319703577,2016-05-07,20,1.43,3.6
4319703577,2016-05-07,21,1.41,3.2
4319703577,2016-05-07,22,1.35,4.2
4319703577,2016-05-07,23,1.22,3.2
4319703577,2016-05-08,0,1.0,1.1
4319703577,2016-05-08,1,1.01,1.1
4319703577,2016-05-08,2,1.0,1.1
4319703577,2016-05-08,3,1.0,1.1
4319703577,2016-05-08,4,1.0,1.1
4319703577,2016-05-08,5,1.03,2.8
4319703577,2016-05-08,6,1.0,1.1
4319703577,2016-05-08,7,1.0,1.1
4319703577,2016-05-08,8,1.0,1.0
4319703577,2016-05-08,9,1.03,2.4
4319703577,2016-05-08,10,1.37,3.8
4319703577,2016-05-08,11,1.34,3.4
4319703577,2016-05-08,12,1.82,4.0
4319703577,2016-05-08,13,1.93,5.6
4319703577,2016-05-08,14,2.18,5.6
4319703577,2016-05-08,15,1.9,3.4
4319703577,2016-05-08,16,1.08,3.4
4319703577,2016-05-08,17,1.0,1.0
4319703577,2016-05-08,18,1.0,1.0
4319703577,2016-05-08,19,1.0,1.0
4319703577,2016-05-08,20,1.31,3.8
4319703577,2016-05-08,21,1.09,3.4
4319703577,2016-05-08,22,1.45,4.2
4319703577,2016-05-08,23,1.0,1.1
4319703577,2016-05-09,0,1.05,2.6
4319703577,2016-05-09,1,1.06,2.6
4319703577,2016-05-09,2,1.0,1.0
4319703577,2016-05-09,3,1.06,2.6
4319703577,2016-05-09,4,1.05,2.6
4319703577,2016-05-09,5,1.0,1.1
4319703577,2016-05-09,6,1.03,2.6
4319703577,2016-05-09,7,1.0,1.0
4319703577,2016-05-09,8,1.39,3.6
4319703577,2016-05-09,9,1.14,3.2
4319703577,2016-05-09,10,3.07,7.4
4319703577,2016-05-09,11,2.24,4.2
4319703577,2016-05-09,12,2.02,4.0
4319703577,2016-05-09,13,1.57,4.0
4319703577,2016-05-09,14,1.92,4.4
4319703577,2016-05-09,15,1.76,3.8
4319703577,2016-05-09,16,1.52,3.6
4319703577,2016-05-09,17,2.51,5.6
4319703577,2016-05-09,18,2.49,5.2
4319703577,2016-05-09,19,3.12,7.4
4319703577,2016-05-09,20,1.91,5.2
4319703577,2016-05-09,21,1.25,3.0
4319703577,2016-05-09,22,1.5,3.2
4319703577,2016-05-09,23,1.05,2.6
4319703577,2016-05-10,0,1.03,2.4
4319703577,2016-05-10,1,1.0,1.1
4319703577,2016-05-10,2,1.01,1.1
4319703577,2016-05-10,3,1.03,2.4
4319703577,2016-05-10,4,1.0,1.1
4319703577,2016-05-10,5,1.03,2.6
4319703577,2016-05-10,6,1.03,2.4
4319703577,2016-05-10,7,1.36,3.6
4319703577,2016-05-10,8,1.06,3.0
4319703577,2016-05-10,9,1.23,3.8
4319703577,2016-05-10,10,2.93,7.8
4319703577,2016-05-10,11,2.02,3.6
4319703577,2016-05-10,12,2.39,5.4
4319703577,2016-05-10,13,2.07,5.4
4319703577,2016-05-10,14,2.28,5.6
4319703577,2016-05-10,15,2.38,5.0
4319703577,2016-05-10,16,1.56,4.0
4319703577,2016-05-10,17,1.32,3.6
4319703577,2016-05-10,18,2.25,5.2
4319703577,2016-05-10,19,2.38,7.2
4319703577,2016-05-10,20,1.39,3.0
4319703577,2016-05-10,21,1.2,3.6
4319703577,2016-05-10,22,1.36,3.4
4319703577,2016-05-10,23,1.0,1.1
4319703577,2016-05-11,0,1.01,1.1
4319703577,2016-05-11,1,1.03,2.6
4319703577,2016-05-11,2,1.0,1.1
4319703577,2016-05-11,3,1.01,1.1
4319703577,2016-05-11,4,1.0,1.1
4319703577,2016-05-11,5,1.0,1.1
4319703577,2016-05-11,6,1.01,1.1
4319703577,2016-05-11,7,1.0,1.0
4319703577,2016-05-11,8,1.54,3.8
4319703577,2016-05-11,9,1.12,3.4
4319703577,2016-05-11,10,2.98,7.2
4319703577,2016-05-11,11,2.1,6.0
4319703577,2016-05-11,12,2.48,6.0
4319703577,2016-05-11,13,1.6,5.6
4319703577,2016-05-11,14,1.86,6.2
4319703577,2016-05-11,15,2.02,4.2
4319703577,2016-05-11,16,2.34,3.8
4319703577,2016-05-11,17,1.63,3.2
4319703577,2016-05-11,18,1.47,4.2
4319703577,2016-05-11,19,2.73,7.0
4319703577,2016-05-11,20,1.46,3.6
4319703577,2016-05-11,21,1.22,3.0
4319703577,2016-05-11,22,1.26,3.8
4319703577,2016-05-11,23,1.0,1.1
4319703577,2016-05-12,0,1.0,1.1
4319703577,2016-05-12,1,1.01,1.1
4319703577,2016-05-12,2,1.03,2.6
4319703577,2016-05-12,3,1.03,2.6
4388161847,2016-04-12,0,1.0,1.0
4388161847,2016-04-12,1,1.0,1.0
4388161847,2016-04-12,2,1.0,1.0
4388161847,2016-04-12,3,1.0,1.0
4388161847,2016-04-12,4,1.0,1.0
4388161847,2016-04-12,5,1.0,1.0
4388161847,2016-04-12,6,1.0,1.0
4388161847,2016-04-12,7,1.0,1.0
4388161847,2016-04-12,8,1.0,1.0
4388161847,2016-04-12,9,1.0,1.0
4388161847,2016-04-12,10,1.0,1.0
4388161847,2016-04-12,11,1.0,1.0
4388161847,2016-04-12,12,1.0,1.0
4388161847,2016-04-12,13,1.0,1.0
4388161847,2016-04-12,14,1.0,1.0
4388161847,2016-04-12,15,1.0,1.0
4388161847,2016-04-12,16,1.0,1.0
4388161847,2016-04-12,17,1.0,1.0
4388161847,2016-04-12,18,1.0,1.0
4388161847,2016-04-12,19,1.0,1.0
4388161847,2016-04-12,20,1.0,1.0
4388161847,2016-04-12,21,1.0,1.0
4388161847,2016-04-12,22,1.0,1.0
4388161847,2016-04-12,23,1.0,1.0
4388161847,2016-04-13,0,1.0,1.0
4388161847,2016-04-13,1,1.0,1.0
4388161847,2016-04-13,2,1.0,1.0
4388161847,2016-04-13,3,1.0,1.0
4388161847,2016-04-13,4,1.0,1.0
4388161847,2016-04-13,5,1.0,1.0
4388161847,2016-04-13,6,1.0,1.0
4388161847,2016-04-13,7,1.0,1.0
4388161847,2016-04-13,8,1.0,1.0
4388161847,2016-04-13,9,1.0,1.0
4388161847,2016-04-13,10,1.0,1.0
4388161847,2016-04-13,11,1.0,1.0
4388161847,2016-04-13,12,1.0,1.0
4388161847,2016-04-13,13,1.0,1.0
4388161847,2016-04-13,14,1.09,2.6
4388161847,2016-04-13,15,1.55,5.6
4388161847,2016-04-13,16,2.47,7.0
4388161847,2016-04-13,17,2.09,5.4
4388161847,2016-04-13,18,3.0,5.8
4388161847,2016-04-13,19,3.61,6.8
4388161847,2016-04-13,20,1.28,4.2
4388161847,2016-04-13,21,1.0,1.0
4388161847,2016-04-13,22,1.0,1.0
4388161847,2016-04-13,23,1.0,1.0
4388161847,2016-04-14,0,1.0,1.0
4388161847,2016-04-14,1,1.0,1.0
4388161847,2016-04-14,2,1.0,1.0
4388161847,2016-04-14,3,1.0,1.0
4388161847,2016-04-14,4,1.03,2.6
4388161847,2016-04-14,5,2.74,8.6
4388161847,2016-04-14,6,2.65,7.2
4388161847,2016-04-14,7,1.36,5.0
4388161847,2016-04-14,8,1.34,4.6
4388161847,2016-04-14,9,1.52,5.2
4388161847,2016-04-14,10,1.74,6.0
4388161847,2016-04-14,11,1.53,6.6
4388161847,2016-04-14,12,1.34,3.8
4388161847,2016-04-14,13,1.4,4.8
4388161847,2016-04-14,14,1.12,4.8
4388161847,2016-04-14,15,1.55,6.2
4388161847,2016-04-14,16,2.34,6.6
4388161847,2016-04-14,17,4.49,6.0
4388161847,2016-04-14,18,1.61,4.6
4388161847,2016-04-14,19,2.26,6.2
4388161847,2016-04-14,20,1.16,3.0
4388161847,2016-04-14,21,1.09,4.0
4388161847,2016-04-14,22,1.03,2.6
4388161847,2016-04-14,23,1.01,1.3
4388161847,2016-04-15,0,1.0,1.0
4388161847,2016-04-15,1,1.01,1.2
4388161847,2016-04-15,2,1.01,1.1
4388161847,2016-04-15,3,1.03,2.6
4388161847,2016-04-15,4,1.2,6.0
4388161847,2016-04-15,5,2.61,5.8
4388161847,2016-04-15,6,3.05,7.6
4388161847,2016-04-15,7,1.24,4.2
4388161847,2016-04-15,8,1.62,3.8
4388161847,2016-04-15,9,1.23,3.4
4388161847,2016-04-15,10,1.77,6.6
4388161847,2016-04-15,11,1.41,6.0
4388161847,2016-04-15,12,1.27,3.6
4388161847,2016-04-15,13,1.46,5.2
4388161847,2016-04-15,14,1.27,3.8
4388161847,2016-04-15,15,1.54,6.2
4388161847,2016-04-15,16,3.14,7.2
4388161847,2016-04-15,17,1.8,4.4
4388161847,2016-04-15,18,2.02,4.6
4388161847,2016-04-15,19,1.65,3.8
4388161847,2016-04-15,20,1.38,3.8
4388161847,2016-04-15,21,1.58,6.0
4388161847,2016-04-15,22,1.85,5.4
4388161847,2016-04-15,23,2.05,7.0
4388161847,2016-04-16,0,1.21,1.5
4388161847,2016-04-16,1,1.17,1.3
4388161847,2016-04-16,2,1.13,1.3
4388161847,2016-04-16,3,1.02,1.3
4388161847,2016-04-16,4,1.11,2.8
4388161847,2016-04-16,5,1.02,1.3
4388161847,2016-04-16,6,1.78,5.6
4388161847,2016-04-16,7,1.43,3.4
4388161847,2016-04-16,8,3.01,9.2
4388161847,2016-04-16,9,2.64,5.6
4388161847,2016-04-16,10,1.68,4.8
4388161847,2016-04-16,11,1.85,4.4
4388161847,2016-04-16,12,1.59,4.8
4388161847,2016-04-16,13,2.34,4.8
4388161847,2016-04-16,14,2.77,6.4
4388161847,2016-04-16,15,1.86,4.8
4388161847,2016-04-16,16,1.45,3.4
4388161847,2016-04-16,17,1.5,3.0
4388161847,2016-04-16,18,2.05,4.2
4388161847,2016-04-16,19,1.57,3.6
4388161847,2016-04-16,20,1.36,3.4
4388161847,2016-04-16,21,1.71,5.6
4388161847,2016-04-16,22,1.04,2.6
4388161847,2016-04-16,23,1.0,1.1
4388161847,2016-04-17,0,1.01,1.2
4388161847,2016-04-17,1,1.01,1.1
4388161847,2016-04-17,2,1.03,2.6
4388161847,2016-04-17,3,1.01,1.3
4388161847,2016-04-17,4,1.0,1.1
4388161847,2016-04-17,5,1.03,2.6
4388161847,2016-04-17,6,1.61,3.8
4388161847,2016-04-17,7,1.28,3.0
4388161847,2016-04-17,8,1.7,5.2
4388161847,2016-04-17,9,2.2,4.4
4388161847,2016-04-17,10,1.6,5.0
4388161847,2016-04-17,11,1.38,3.8
4388161847,2016-04-17,12,2.11,5.8
4388161847,2016-04-17,13,1.3,4.0
4388161847,2016-04-17,14,1.18,2.8
4388161847,2016-04-17,15,1.2,3.4
4388161847,2016-04-17,16,1.44,3.8
4388161847,2016-04-17,17,1.6,4.8
4388161847,2016-04-17,18,1.86,4.2
4388161847,2016-04-17,19,1.3,3.8
4388161847,2016-04-17,20,1.57,4.0
4388161847,2016-04-17,21,1.16,3.8
4388161847,2016-04-17,22,1.29,5.0
4388161847,2016-04-17,23,1.0,1.0
4388161847,2016-04-18,0,1.0,1.0
4388161847,2016-04-18,1,1.0,1.0
4388161847,2016-04-18,2,1.0,1.0
4388161847,2016-04-18,3,1.0,1.0
4388161847,2016-04-18,4,1.0,1.0
4388161847,2016-04-18,5,1.0,1.0
4388161847,2016-04-18,6,1.31,4.2
4388161847,2016-04-18,7,1.9,7.0
4388161847,2016-04-18,8,1.46,5.2
4388161847,2016-04-18,9,1.36,4.6
4388161847,2016-04-18,10,1.55,6.4
4388161847,2016-04-18,11,1.48,4.2
4388161847,2016-04-18,12,1.43,6.2
4388161847,2016-04-18,13,1.46,4.8
4388161847,2016-04-18,14,1.33,3.6
4388161847,2016-04-18,15,1.42,4.2
4388161847,2016-04-18,16,4.78,13.1
4388161847,2016-04-18,17,4.42,13.7
4388161847,2016-04-18,18,3.4,8.8
4388161847,2016-04-18,19,2.17,5.8
4388161847,2016-04-18,20,2.86,5.4
4388161847,2016-04-18,21,1.23,2.8
4388161847,2016-04-18,22,1.18,3.9
4388161847,2016-04-18,23,1.08,2.6
4388161847,2016-04-19,0,1.0,1.1
4388161847,2016-04-19,1,1.02,2.4
4388161847,2016-04-19,2,1.0,1.1
4388161847,2016-04-19,3,1.01,1.1
4388161847,2016-04-19,4,1.16,4.0
4388161847,2016-04-19,5,3.31,8.6
4388161847,2016-04-19,6,3.84,8.4
4388161847,2016-04-19,7,1.62,4.8
4388161847,2016-04-19,8,1.4,5.0
4388161847,2016-04-19,9,1.47,4.2
4388161847,2016-04-19,10,1.61,6.4
4388161847,2016-04-19,11,1.26,4.2
4388161847,2016-04-19,12,1.48,7.0
4388161847,2016-04-19,13,1.26,4.6
4388161847,2016-04-19,14,1.4,5.0
4388161847,2016-04-19,15,1.26,4.2
4388161847,2016-04-19,16,2.27,6.8
4388161847,2016-04-19,17,1.95,4.6
4388161847,2016-04-19,18,1.92,4.2
4388161847,2016-04-19,19,1.36,3.0
4388161847,2016-04-19,20,2.09,4.4
4388161847,2016-04-19,21,1.72,5.2
4388161847,2016-04-19,22,1.1,3.0
4388161847,2016-04-19,23,1.03,2.4
4388161847,2016-04-20,0,1.0,1.0
4388161847,2016-04-20,1,1.06,2.6
4388161847,2016-04-20,2,1.02,1.2
4388161847,2016-04-20,3,1.01,1.1
4388161847,2016-04-20,4,1.05,2.6
4388161847,2016-04-20,5,2.8,9.2
4388161847,2016-04-20,6,3.83,10.2
4388161847,2016-04-20,7,1.54,5.2
4388161847,2016-04-20,8,1.32,4.2
4388161847,2016-04-20,9,1.27,3.4
4388161847,2016-04-20,10,1.73,6.8
4388161847,2016-04-20,11,1.36,4.0
4388161847,2016-04-20,12,1.55,6.4
4388161847,2016-04-20,13,1.46,5.6
4388161847,2016-04-20,14,1.06,1.3
4388161847,2016-04-20,15,1.42,5.0
4388161847,2016-04-20,16,2.15,6.2
4388161847,2016-04-20,17,3.26,6.6
4388161847,2016-04-20,18,1.48,4.6
4388161847,2016-04-20,19,2.84,6.0
4388161847,2016-04-20,20,1.89,4.4
4388161847,2016-04-20,21,1.2,3.2
4388161847,2016-04-20,22,1.11,2.8
4388161847,2016-04-20,23,1.0,1.2
4388161847,2016-04-21,0,1.0,1.0
4388161847,2016-04-21,1,1.02,2.4
4388161847,2016-04-21,2,1.06,2.6
4388161847,2016-04-21,3,1.0,1.1
4388161847,2016-04-21,4,1.0,1.1
4388161847,2016-04-21,5,2.17,6.0
4388161847,2016-04-21,6,2.93,6.8
4388161847,2016-04-21,7,1.4,4.8
4388161847,2016-04-21,8,1.31,4.0
4388161847,2016-04-21,9,1.16,2.6
4388161847,2016-04-21,10,1.58,6.6
4388161847,2016-04-21,11,1.36,6.0
4388161847,2016-04-21,12,1.6,6.0
4388161847,2016-04-21,13,1.29,4.0
4388161847,2016-04-21,14,1.26,3.8
4388161847,2016-04-21,15,1.37,4.2
4388161847,2016-04-21,16,2.34,7.2
4388161847,2016-04-21,17,1.55,11.3
4388161847,2016-04-21,18,3.62,7.4
4388161847,2016-04-21,19,3.27,5.6
4388161847,2016-04-21,20,2.82,7.0
4388161847,2016-04-21,21,1.12,2.8
4388161847,2016-04-21,22,1.0,1.0
4388161847,2016-04-21,23,1.0,1.0
4388161847,2016-04-22,0,1.0,1.0
4388161847,2016-04-22,1,1.0,1.0
4388161847,2016-04-22,2,1.0,1.0
4388161847,2016-04-22,3,1.0,1.0
4388161847,2016-04-22,4,1.0,1.0
4388161847,2016-04-22,5,1.0,1.0
4388161847,2016-04-22,6,5.9,10.4
4388161847,2016-04-22,7,1.81,9.0
4388161847,2016-04-22,8,4.05,8.6
4388161847,2016-04-22,9,3.33,7.2
4388161847,2016-04-22,10,2.38,5.8
4388161847,2016-04-22,11,1.35,2.8
4388161847,2016-04-22,12,1.77,4.0
4388161847,2016-04-22,13,1.3,2.8
4388161847,2016-04-22,14,1.56,3.4
4388161847,2016-04-22,15,2.06,4.6
4388161847,2016-04-22,16,1.27,3.2
4388161847,2016-04-22,17,1.74,5.6
4388161847,2016-04-22,18,4.1,8.4
4388161847,2016-04-22,19,1.64,5.2
4388161847,2016-04-22,20,1.39,4.2
4388161847,2016-04-22,21,1.19,1.3
4388161847,2016-04-22,22,1.38,4.8
4388161847,2016-04-22,23,1.07,2.6
4388161847,2016-04-23,0,1.06,2.6
4388161847,2016-04-23,1,1.0,1.0
4388161847,2016-04-23,2,1.01,1.2
4388161847,2016-04-23,3,1.03,2.4
4388161847,2016-04-23,4,1.0,1.1
4388161847,2016-04-23,5,1.0,1.1
4388161847,2016-04-23,6,1.14,2.6
4388161847,2016-04-23,7,1.11,2.6
4388161847,2016-04-23,8,1.22,2.6
4388161847,2016-04-23,9,1.08,2.6
4388161847,2016-04-23,10,2.14,4.6
4388161847,2016-04-23,11,2.52,6.6
4388161847,2016-04-23,12,2.14,6.4
4388161847,2016-04-23,13,4.01,7.8
4388161847,2016-04-23,14,7.56,12.0
4388161847,2016-04-23,15,1.81,5.4
4388161847,2016-04-23,16,1.36,3.0
4388161847,2016-04-23,17,1.39,2.8
4388161847,2016-04-23,18,2.02,4.4
4388161847,2016-04-23,19,1.4,3.8
4388161847,2016-04-23,20,1.31,3.2
4388161847,2016-04-23,21,1.07,2.8
4388161847,2016-04-23,22,1.66,5.0
4388161847,2016-04-23,23,1.2,2.6
4388161847,2016-04-24,0,1.05,2.6
4388161847,2016-04-24,1,1.06,2.4
4388161847,2016-04-24,2,1.01,1.2
4388161847,2016-04-24,3,1.03,2.4
4388161847,2016-04-24,4,1.01,1.3
4388161847,2016-04-24,5,1.04,2.4
4388161847,2016-04-24,6,1.7,7.0
4388161847,2016-04-24,7,1.1,2.8
4388161847,2016-04-24,8,1.42,4.4
4388161847,2016-04-24,9,1.0,1.1
4388161847,2016-04-24,10,1.38,4.0
4388161847,2016-04-24,11,1.18,3.0
4388161847,2016-04-24,12,2.19,4.8
4388161847,2016-04-24,13,2.39,6.2
4388161847,2016-04-24,14,3.21,9.2
4388161847,2016-04-24,15,2.76,8.6
4388161847,2016-04-24,16,1.06,2.8
4388161847,2016-04-24,17,1.01,1.1
4388161847,2016-04-24,18,2.01,4.2
4388161847,2016-04-24,19,1.38,3.8
4388161847,2016-04-24,20,3.4,6.2
4388161847,2016-04-24,21,1.41,3.6
4388161847,2016-04-24,22,1.03,1.1
4388161847,2016-04-24,23,1.0,1.0
4388161847,2016-04-25,0,1.0,1.0
4388161847,2016-04-25,1,1.0,1.0
4388161847,2016-04-25,2,1.0,1.0
4388161847,2016-04-25,3,1.0,1.0
4388161847,2016-04-25,4,1.0,1.0
4388161847,2016-04-25,5,2.08,4.6
4388161847,2016-04-25,6,2.05,4.4
4388161847,2016-04-25,7,1.94,6.8
4388161847,2016-04-25,8,1.34,3.8
4388161847,2016-04-25,9,1.61,4.6
4388161847,2016-04-25,10,1.34,4.6
4388161847,2016-04-25,11,1.62,6.4
4388161847,2016-04-25,12,1.53,6.8
4388161847,2016-04-25,13,1.29,4.4
4388161847,2016-04-25,14,1.36,5.6
4388161847,2016-04-25,15,1.56,5.0
4388161847,2016-04-25,16,2.3,6.2
4388161847,2016-04-25,17,3.89,9.2
4388161847,2016-04-25,18,2.03,5.0
4388161847,2016-04-25,19,3.06,6.2
4388161847,2016-04-25,20,3.95,7.0
4388161847,2016-04-25,21,1.84,6.0
4388161847,2016-04-25,22,1.16,4.2
4388161847,2016-04-25,23,1.06,2.6
4388161847,2016-04-26,0,1.01,1.1
4388161847,2016-04-26,1,1.01,1.1
4388161847,2016-04-26,2,1.03,2.4
4388161847,2016-04-26,3,1.03,2.6
4388161847,2016-04-26,4,1.07,2.4
4388161847,2016-04-26,5,2.58,8.6
4388161847,2016-04-26,6,3.92,7.4
4388161847,2016-04-26,7,1.91,7.2
4388161847,2016-04-26,8,1.3,4.6
4388161847,2016-04-26,9,1.6,5.2
4388161847,2016-04-26,10,1.77,6.4
4388161847,2016-04-26,11,1.52,5.4
4388161847,2016-04-26,12,1.67,7.0
4388161847,2016-04-26,13,1.37,4.0
4388161847,2016-04-26,14,1.51,4.4
4388161847,2016-04-26,15,1.58,5.0
4388161847,2016-04-26,16,1.67,6.8
4388161847,2016-04-26,17,2.44,5.2
4388161847,2016-04-26,18,1.47,3.6
4388161847,2016-04-26,19,1.2,3.8
4388161847,2016-04-26,20,1.57,5.4
4388161847,2016-04-26,21,1.13,2.6
4388161847,2016-04-26,22,1.03,2.4
4388161847,2016-04-26,23,1.06,2.6
4388161847,2016-04-27,0,1.03,2.4
4388161847,2016-04-27,1,1.03,2.4
4388161847,2016-04-27,2,1.08,2.8
4388161847,2016-04-27,3,1.02,2.4
4388161847,2016-04-27,4,1.0,1.1
4388161847,2016-04-27,5,1.91,6.4
4388161847,2016-04-27,6,2.15,7.6
4388161847,2016-04-27,7,1.36,4.8
4388161847,2016-04-27,8,1.24,5.0
4388161847,2016-04-27,9,1.27,4.6
4388161847,2016-04-27,10,1.5,6.6
4388161847,2016-04-27,11,1.64,6.8
4388161847,2016-04-27,12,1.76,6.2
4388161847,2016-04-27,13,1.16,2.6
4388161847,2016-04-27,14,1.44,4.8
4388161847,2016-04-27,15,1.43,4.2
4388161847,2016-04-27,16,2.27,9.0
4388161847,2016-04-27,17,2.84,7.0
4388161847,2016-04-27,18,5.08,6.8
4388161847,2016-04-27,19,1.83,5.4
4388161847,2016-04-27,20,1.58,6.0
4388161847,2016-04-27,21,1.45,5.0
4388161847,2016-04-27,22,1.1,2.6
4388161847,2016-04-27,23,1.13,2.6
4388161847,2016-04-28,0,1.0,1.1
4388161847,2016-04-28,1,1.01,1.3
4388161847,2016-04-28,2,1.02,2.4
4388161847,2016-04-28,3,1.0,1.1
4388161847,2016-04-28,4,1.02,2.4
4388161847,2016-04-28,5,2.89,8.0
4388161847,2016-04-28,6,3.65,8.0
4388161847,2016-04-28,7,1.92,6.8
4388161847,2016-04-28,8,1.51,5.0
4388161847,2016-04-28,9,1.2,2.6
4388161847,2016-04-28,10,1.69,5.2
4388161847,2016-04-28,11,1.74,6.0
4388161847,2016-04-28,12,1.33,5.8
4388161847,2016-04-28,13,1.51,4.0
4388161847,2016-04-28,14,1.34,4.6
4388161847,2016-04-28,15,1.31,4.0
4388161847,2016-04-28,16,2.6,6.8
4388161847,2016-04-28,17,2.51,6.2
4388161847,2016-04-28,18,1.95,5.0
4388161847,2016-04-28,19,1.42,4.4
4388161847,2016-04-28,20,1.3,4.8
4388161847,2016-04-28,21,1.0,1.0
4388161847,2016-04-28,22,1.0,1.0
4388161847,2016-04-28,23,1.0,1.0
4388161847,2016-04-29,0,1.0,1.0
4388161847,2016-04-29,1,1.0,1.0
4388161847,2016-04-29,2,1.0,1.0
4388161847,2016-04-29,3,1.0,1.0
4388161847,2016-04-29,4,1.0,1.0
4388161847,2016-04-29,5,2.64,8.8
4388161847,2016-04-29,6,3.65,8.8
4388161847,2016-04-29,7,2.01,6.8
4388161847,2016-04-29,8,1.28,5.0
4388161847,2016-04-29,9,1.37,4.8
4388161847,2016-04-29,10,1.44,5.0
4388161847,2016-04-29,11,1.3,4.0
4388161847,2016-04-29,12,1.47,5.0
4388161847,2016-04-29,13,1.44,4.6
4388161847,2016-04-29,14,1.67,6.6
4388161847,2016-04-29,15,1.33,3.0
4388161847,2016-04-29,16,1.46,3.0
4388161847,2016-04-29,17,2.3,6.4
4388161847,2016-04-29,18,2.05,5.4
4388161847,2016-04-29,19,1.43,3.8
4388161847,2016-04-29,20,2.3,5.8
4388161847,2016-04-29,21,1.33,2.8
4388161847,2016-04-29,22,1.51,4.4
4388161847,2016-04-29,23,1.11,3.0
4388161847,2016-04-30,0,1.05,2.6
4388161847,2016-04-30,1,1.03,2.6
4388161847,2016-04-30,2,1.05,2.4
4388161847,2016-04-30,3,1.03,2.6
4388161847,2016-04-30,4,1.01,1.2
4388161847,2016-04-30,5,1.06,2.8
4388161847,2016-04-30,6,1.32,4.2
4388161847,2016-04-30,7,1.28,4.0
4388161847,2016-04-30,8,1.03,1.2
4388161847,2016-04-30,9,2.7,6.0
4388161847,2016-04-30,10,1.6,5.4
4388161847,2016-04-30,11,4.68,7.4
4388161847,2016-04-30,12,4.0,6.0
4388161847,2016-04-30,13,2.59,5.4
4388161847,2016-04-30,14,1.08,3.0
4388161847,2016-04-30,15,1.24,3.6
4388161847,2016-04-30,16,2.31,6.8
4388161847,2016-04-30,17,1.42,3.8
4388161847,2016-04-30,18,2.15,4.8
4388161847,2016-04-30,19,1.49,4.8
4388161847,2016-04-30,20,2.97,7.0
4388161847,2016-04-30,21,1.73,5.0
4388161847,2016-04-30,22,1.06,2.8
4388161847,2016-04-30,23,1.07,2.6
4388161847,2016-05-01,0,1.04,2.8
4388161847,2016-05-01,1,1.14,2.6
4388161847,2016-05-01,2,1.0,1.0
4388161847,2016-05-01,3,1.03,2.4
4388161847,2016-05-01,4,1.0,1.1
4388161847,2016-05-01,5,1.0,1.0
4388161847,2016-05-01,6,1.0,1.1
4388161847,2016-05-01,7,1.06,2.6
4388161847,2016-05-01,8,3.49,7.0
4388161847,2016-05-01,9,1.39,5.2
4388161847,2016-05-01,10,2.38,6.2
4388161847,2016-05-01,11,2.11,5.2
4388161847,2016-05-01,12,2.25,5.0
4388161847,2016-05-01,13,2.17,5.4
4388161847,2016-05-01,14,1.06,2.8
4388161847,2016-05-01,15,2.58,5.6
4388161847,2016-05-01,16,1.46,5.0
4388161847,2016-05-01,17,1.8,5.4
4388161847,2016-05-01,18,1.45,4.0
4388161847,2016-05-01,19,2.14,6.0
4388161847,2016-05-01,20,1.36,4.0
4388161847,2016-05-01,21,1.2,3.0
4388161847,2016-05-01,22,1.28,4.0
4388161847,2016-05-01,23,1.0,1.1
4388161847,2016-05-02,0,1.21,6.8
4388161847,2016-05-02,1,1.03,2.6
4388161847,2016-05-02,2,1.01,1.3
4388161847,2016-05-02,3,1.0,1.2
4388161847,2016-05-02,4,1.0,1.1
4388161847,2016-05-02,5,1.26,3.4
4388161847,2016-05-02,6,2.32,5.2
4388161847,2016-05-02,7,1.94,7.2
4388161847,2016-05-02,8,1.31,4.6
4388161847,2016-05-02,9,1.32,4.6
4388161847,2016-05-02,10,1.47,6.6
4388161847,2016-05-02,11,1.36,6.6
4388161847,2016-05-02,12,1.49,5.8
4388161847,2016-05-02,13,1.39,5.4
4388161847,2016-05-02,14,1.25,4.0
4388161847,2016-05-02,15,1.27,5.0
4388161847,2016-05-02,16,2.33,7.2
4388161847,2016-05-02,17,2.06,5.6
4388161847,2016-05-02,18,6.85,14.1
4388161847,2016-05-02,19,2.25,5.0
4388161847,2016-05-02,20,1.57,4.4
4388161847,2016-05-02,21,1.51,6.4
4388161847,2016-05-02,22,1.0,1.0
4388161847,2016-05-02,23,1.0,1.0
4388161847,2016-05-03,0,1.0,1.0
4388161847,2016-05-03,1,1.0,1.0
4388161847,2016-05-03,2,1.0,1.0
4388161847,2016-05-03,3,1.0,1.0
4388161847,2016-05-03,4,1.0,1.0
4388161847,2016-05-03,5,3.96,9.2
4388161847,2016-05-03,6,3.57,7.0
4388161847,2016-05-03,7,1.65,6.0
4388161847,2016-05-03,8,1.4,5.0
4388161847,2016-05-03,9,1.7,5.4
4388161847,2016-05-03,10,1.37,4.0
4388161847,2016-05-03,11,1.55,6.6
4388161847,2016-05-03,12,1.64,6.2
4388161847,2016-05-03,13,1.27,3.6
4388161847,2016-05-03,14,1.35,3.8
4388161847,2016-05-03,15,1.32,4.4
4388161847,2016-05-03,16,2.35,7.0
4388161847,2016-05-03,17,2.77,5.4
4388161847,2016-05-03,18,3.62,6.6
4388161847,2016-05-03,19,2.52,5.6
4388161847,2016-05-03,20,1.57,3.4
4388161847,2016-05-03,21,1.4,5.4
4388161847,2016-05-03,22,1.0,1.1
4388161847,2016-05-03,23,1.03,2.4
4388161847,2016-05-04,0,1.05,2.4
4388161847,2016-05-04,1,1.01,1.1
4388161847,2016-05-04,2,1.15,3.4
4388161847,2016-05-04,3,1.0,1.0
4388161847,2016-05-04,4,1.0,1.1
4388161847,2016-05-04,5,2.17,7.0
4388161847,2016-05-04,6,3.24,6.6
4388161847,2016-05-04,7,1.74,6.6
4388161847,2016-05-04,8,1.35,4.2
4388161847,2016-05-04,9,1.58,3.6
4388161847,2016-05-04,10,1.61,6.8
4388161847,2016-05-04,11,1.59,6.4
4388161847,2016-05-04,12,1.76,6.4
4388161847,2016-05-04,13,1.39,4.0
4388161847,2016-05-04,14,1.34,4.6
4388161847,2016-05-04,15,1.25,4.2
4388161847,2016-05-04,16,2.56,6.2
4388161847,2016-05-04,17,5.01,9.0
4388161847,2016-05-04,18,2.19,7.6
4388161847,2016-05-04,19,1.59,4.2
4388161847,2016-05-04,20,1.6,5.0
4388161847,2016-05-04,21,1.02,1.3
4388161847,2016-05-04,22,1.18,4.2
4388161847,2016-05-04,23,1.01,1.3
4388161847,2016-05-05,0,1.01,1.2
4388161847,2016-05-05,1,1.0,1.1
4388161847,2016-05-05,2,1.04,2.6
4388161847,2016-05-05,3,1.21,7.0
4388161847,2016-05-05,4,1.01,1.2
4388161847,2016-05-05,5,1.99,6.6
4388161847,2016-05-05,6,3.52,8.0
4388161847,2016-05-05,7,1.6,6.0
4388161847,2016-05-05,8,1.5,5.6
4388161847,2016-05-05,9,1.13,2.8
4388161847,2016-05-05,10,1.44,5.0
4388161847,2016-05-05,11,1.42,6.6
4388161847,2016-05-05,12,1.63,6.8
4388161847,2016-05-05,13,1.2,4.2
4388161847,2016-05-05,14,1.35,4.0
4388161847,2016-05-05,15,1.52,4.8
4388161847,2016-05-05,16,2.93,6.8
4388161847,2016-05-05,17,2.88,5.8
4388161847,2016-05-05,18,1.55,4.8
4388161847,2016-05-05,19,1.72,5.4
4388161847,2016-05-05,20,1.4,4.4
4388161847,2016-05-05,21,1.0,1.0
4388161847,2016-05-05,22,1.0,1.0
4388161847,2016-05-05,23,1.0,1.0
4388161847,2016-05-06,0,1.0,1.0
4388161847,2016-05-06,1,1.0,1.0
4388161847,2016-05-06,2,1.0,1.0
4388161847,2016-05-06,3,1.52,6.0
4388161847,2016-05-06,4,1.81,4.2
4388161847,2016-05-06,5,4.98,11.2
4388161847,2016-05-06,6,2.88,7.2
4388161847,2016-05-06,7,1.82,6.8
4388161847,2016-05-06,8,1.38,4.0
4388161847,2016-05-06,9,1.45,3.8
4388161847,2016-05-06,10,2.0,6.2
4388161847,2016-05-06,11,1.46,6.2
4388161847,2016-05-06,12,1.51,5.2
4388161847,2016-05-06,13,1.27,4.8
4388161847,2016-05-06,14,1.33,5.6
4388161847,2016-05-06,15,1.58,5.6
4388161847,2016-05-06,16,1.92,6.6
4388161847,2016-05-06,17,1.56,4.4
4388161847,2016-05-06,18,1.9,4.8
4388161847,2016-05-06,19,1.47,4.2
4388161847,2016-05-06,20,4.33,6.8
4388161847,2016-05-06,21,2.32,5.8
4388161847,2016-05-06,22,1.17,2.6
4388161847,2016-05-06,23,1.13,1.3
4388161847,2016-05-07,0,1.04,2.4
4388161847,2016-05-07,1,1.1,2.6
4388161847,2016-05-07,2,1.02,1.3
4388161847,2016-05-07,3,1.01,1.3
4388161847,2016-05-07,4,1.0,1.1
4388161847,2016-05-07,5,1.01,1.2
4388161847,2016-05-07,6,1.0,1.0
4388161847,2016-05-07,7,1.03,2.4
4388161847,2016-05-07,8,2.06,6.8
4388161847,2016-05-07,9,4.22,7.4
4388161847,2016-05-07,10,1.98,5.4
4388161847,2016-05-07,11,3.63,10.0
4388161847,2016-05-07,12,5.57,10.2
4388161847,2016-05-07,13,2.34,5.8
4388161847,2016-05-07,14,1.12,1.2
4388161847,2016-05-07,15,1.18,4.0
4388161847,2016-05-07,16,5.04,8.4
4388161847,2016-05-07,17,3.57,6.8
4388161847,2016-05-07,18,1.98,5.4
4388161847,2016-05-07,19,2.89,6.6
4388161847,2016-05-07,20,3.22,6.4
4388161847,2016-05-07,21,1.77,3.6
4388161847,2016-05-07,22,1.56,4.0
4388161847,2016-05-07,23,1.06,2.6
4388161847,2016-05-08,0,1.04,2.6
4388161847,2016-05-08,1,1.01,1.3
4388161847,2016-05-08,2,1.02,2.4
4388161847,2016-05-08,3,1.0,1.1
4388161847,2016-05-08,4,1.0,1.3
4388161847,2016-05-08,5,1.01,1.2
4388161847,2016-05-08,6,1.0,1.1
4388161847,2016-05-08,7,1.01,1.3
4388161847,2016-05-08,8,1.4,4.8
4388161847,2016-05-08,9,1.44,3.6
4388161847,2016-05-08,10,4.61,13.3
4388161847,2016-05-08,11,1.17,1.2
4388161847,2016-05-08,12,1.65,4.4
4388161847,2016-05-08,13,5.33,12.6
4388161847,2016-05-08,14,3.46,6.8
4388161847,2016-05-08,15,1.95,6.2
4388161847,2016-05-08,16,1.58,3.4
4388161847,2016-05-08,17,2.66,5.4
4388161847,2016-05-08,18,1.77,4.8
4388161847,2016-05-08,19,7.24,13.7
4388161847,2016-05-08,20,4.68,10.2
4388161847,2016-05-08,21,1.23,4.6
4388161847,2016-05-08,22,1.0,1.0
4388161847,2016-05-08,23,1.0,1.0
4388161847,2016-05-09,0,1.0,1.0
4388161847,2016-05-09,1,1.0,1.0
4388161847,2016-05-09,2,1.0,1.0
4388161847,2016-05-09,3,1.0,1.0
4388161847,2016-05-09,4,1.0,1.0
4388161847,2016-05-09,5,2.13,4.7
4388161847,2016-05-09,6,3.32,9.8
4388161847,2016-05-09,7,1.61,7.0
4388161847,2016-05-09,8,1.39,5.6
4388161847,2016-05-09,9,1.36,4.8
4388161847,2016-05-09,10,1.45,5.4
4388161847,2016-05-09,11,1.44,6.4
4388161847,2016-05-09,12,1.52,5.6
4388161847,2016-05-09,13,1.35,4.2
4388161847,2016-05-09,14,1.26,3.6
4388161847,2016-05-09,15,1.46,4.2
4388161847,2016-05-09,16,2.26,6.8
4388161847,2016-05-09,17,2.51,5.6
4388161847,2016-05-09,18,2.38,5.4
4388161847,2016-05-09,19,3.51,7.6
4388161847,2016-05-09,20,1.25,4.4
4388161847,2016-05-09,21,1.11,4.0
4388161847,2016-05-09,22,1.13,2.6
4388161847,2016-05-09,23,1.05,2.4
4388161847,2016-05-10,0,1.03,2.4
4388161847,2016-05-10,1,1.0,1.1
4388161847,2016-05-10,2,1.02,2.4
4388161847,2016-05-10,3,1.04,2.6
4388161847,2016-05-10,4,1.0,1.1
4388161847,2016-05-10,5,3.49,7.4
4388161847,2016-05-10,6,3.18,8.2
4388161847,2016-05-10,7,1.63,5.8
4388161847,2016-05-10,8,2.06,7.0
4388161847,2016-05-10,9,1.34,2.8
4388161847,2016-05-10,10,1.65,4.0
4388161847,2016-05-10,11,1.82,6.6
4388161847,2016-05-10,12,1.43,4.2
4388161847,2016-05-10,13,1.53,4.8
4388161847,2016-05-10,14,1.21,4.8
4388161847,2016-05-10,15,1.43,5.2
4388161847,2016-05-10,16,1.24,3.2
4388161847,2016-05-10,17,2.49,7.2
4388161847,2016-05-10,18,2.24,4.0
4388161847,2016-05-10,19,2.71,5.2
4388161847,2016-05-10,20,1.53,4.6
4388161847,2016-05-10,21,1.01,1.2
4388161847,2016-05-10,22,1.01,1.3
4388161847,2016-05-10,23,1.01,1.2
4388161847,2016-05-11,0,1.01,1.2
4388161847,2016-05-11,1,1.01,1.2
4388161847,2016-05-11,2,1.01,1.1
4388161847,2016-05-11,3,1.01,1.1
4388161847,2016-05-11,4,1.02,2.2
4388161847,2016-05-11,5,2.07,7.2
4388161847,2016-05-11,6,3.4,7.2
4388161847,2016-05-11,7,1.81,6.8
4388161847,2016-05-11,8,1.52,4.6
4388161847,2016-05-11,9,1.27,4.2
4388161847,2016-05-11,10,1.78,6.4
4388161847,2016-05-11,11,1.38,5.8
4388161847,2016-05-11,12,1.7,6.2
4388161847,2016-05-11,13,1.56,4.2
4388161847,2016-05-11,14,1.27,3.8
4388161847,2016-05-11,15,1.55,4.6
4388161847,2016-05-11,16,2.26,6.8
4388161847,2016-05-11,17,2.76,7.4
4388161847,2016-05-11,18,1.52,3.8
4388161847,2016-05-11,19,2.07,4.6
4388161847,2016-05-11,20,1.76,6.4
4388161847,2016-05-11,21,1.0,1.0
4388161847,2016-05-11,22,1.0,1.0
4388161847,2016-05-11,23,1.0,1.0
4388161847,2016-05-12,0,1.0,1.0
4388161847,2016-05-12,1,1.0,1.0
4388161847,2016-05-12,2,1.0,1.0
4388161847,2016-05-12,3,1.0,1.0
4388161847,2016-05-12,4,1.0,1.0
4388161847,2016-05-12,5,1.0,1.0
4388161847,2016-05-12,6,1.32,4.8
4388161847,2016-05-12,7,2.09,6.8
4388161847,2016-05-12,8,1.29,3.4
4388161847,2016-05-12,9,1.37,3.2
4388161847,2016-05-12,10,1.29,4.0
4388161847,2016-05-12,11,1.54,6.4
4388161847,2016-05-12,12,2.0,6.4
4388161847,2016-05-12,13,1.46,4.8
4388161847,2016-05-12,14,1.5,4.4
4445114986,2016-04-12,0,1.01,1.1
4445114986,2016-04-12,1,1.23,3.2
4445114986,2016-04-12,2,1.0,1.0
4445114986,2016-04-12,3,1.05,3.6
4445114986,2016-04-12,4,1.05,2.6
4445114986,2016-04-12,5,1.0,1.1
4445114986,2016-04-12,6,1.0,1.1
4445114986,2016-04-12,7,1.17,3.0
4445114986,2016-04-12,8,1.19,2.8
4445114986,2016-04-12,9,1.01,1.1
4445114986,2016-04-12,10,1.03,2.4
4445114986,2016-04-12,11,1.41,3.4
4445114986,2016-04-12,12,1.35,3.8
4445114986,2016-04-12,13,1.88,4.2
4445114986,2016-04-12,14,1.23,3.2
4445114986,2016-04-12,15,1.67,3.6
4445114986,2016-04-12,16,1.57,5.8
4445114986,2016-04-12,17,1.8,3.4
4445114986,2016-04-12,18,1.29,3.0
4445114986,2016-04-12,19,1.65,3.4
4445114986,2016-04-12,20,1.74,4.0
4445114986,2016-04-12,21,1.23,3.2
4445114986,2016-04-12,22,1.02,1.1
4445114986,2016-04-12,23,1.07,2.6
4445114986,2016-04-13,0,1.0,1.0
4445114986,2016-04-13,1,1.0,1.0
4445114986,2016-04-13,2,1.0,1.1
4445114986,2016-04-13,3,1.0,1.0
4445114986,2016-04-13,4,1.1,3.0
4445114986,2016-04-13,5,1.01,1.1
4445114986,2016-04-13,6,1.01,1.1
4445114986,2016-04-13,7,1.09,3.0
4445114986,2016-04-13,8,1.03,1.1
4445114986,2016-04-13,9,1.04,2.8
4445114986,2016-04-13,10,1.01,1.1
4445114986,2016-04-13,11,1.39,3.2
4445114986,2016-04-13,12,1.45,3.0
4445114986,2016-04-13,13,1.2,3.8
4445114986,2016-04-13,14,1.41,3.2
4445114986,2016-04-13,15,1.44,4.2
4445114986,2016-04-13,16,1.55,3.4
4445114986,2016-04-13,17,1.86,3.2
4445114986,2016-04-13,18,1.71,4.2
4445114986,2016-04-13,19,1.26,3.0
4445114986,2016-04-13,20,1.5,3.6
4445114986,2016-04-13,21,1.13,3.2
4445114986,2016-04-13,22,1.44,3.2
4445114986,2016-04-13,23,1.77,4.0
4445114986,2016-04-14,0,1.38,3.2
4445114986,2016-04-14,1,1.13,3.2
4445114986,2016-04-14,2,1.24,3.4
4445114986,2016-04-14,3,1.0,1.1
4445114986,2016-04-14,4,1.0,1.1
4445114986,2016-04-14,5,1.04,2.6
4445114986,2016-04-14,6,1.0,1.1
4445114986,2016-04-14,7,1.0,1.1
4445114986,2016-04-14,8,1.0,1.1
4445114986,2016-04-14,9,1.06,2.6
4445114986,2016-04-14,10,1.0,1.1
4445114986,2016-04-14,11,1.14,2.6
4445114986,2016-04-14,12,1.38,3.4
4445114986,2016-04-14,13,1.43,3.2
4445114986,2016-04-14,14,1.34,3.2
4445114986,2016-04-14,15,1.86,3.6
4445114986,2016-04-14,16,1.51,3.6
4445114986,2016-04-14,17,1.88,3.8
4445114986,2016-04-14,18,1.47,3.8
4445114986,2016-04-14,19,1.55,3.2
4445114986,2016-04-14,20,1.64,4.0
4445114986,2016-04-14,21,1.48,3.6
4445114986,2016-04-14,22,1.8,3.8
4445114986,2016-04-14,23,1.47,5.0
4445114986,2016-04-15,0,1.55,3.8
4445114986,2016-04-15,1,1.06,2.6
4445114986,2016-04-15,2,1.03,2.4
4445114986,2016-04-15,3,1.03,2.8
4445114986,2016-04-15,4,1.0,1.1
4445114986,2016-04-15,5,1.0,1.1
4445114986,2016-04-15,6,1.01,1.1
4445114986,2016-04-15,7,1.12,3.2
4445114986,2016-04-15,8,1.6,3.2
4445114986,2016-04-15,9,1.27,6.4
4445114986,2016-04-15,10,1.62,3.4
4445114986,2016-04-15,11,1.65,6.6
4445114986,2016-04-15,12,1.67,4.2
4445114986,2016-04-15,13,1.82,5.4
4445114986,2016-04-15,14,2.0,6.2
4445114986,2016-04-15,15,1.98,5.6
4445114986,2016-04-15,16,2.26,3.8
4445114986,2016-04-15,17,1.74,3.4
4445114986,2016-04-15,18,1.48,3.6
4445114986,2016-04-15,19,1.39,4.2
4445114986,2016-04-15,20,1.68,3.8
4445114986,2016-04-15,21,2.06,4.2
4445114986,2016-04-15,22,1.43,4.0
4445114986,2016-04-15,23,1.7,5.0
4445114986,2016-04-16,0,1.0,1.0
4445114986,2016-04-16,1,1.0,1.1
4445114986,2016-04-16,2,1.03,2.4
4445114986,2016-04-16,3,1.03,2.6
4445114986,2016-04-16,4,1.01,1.1
4445114986,2016-04-16,5,1.0,1.1
4445114986,2016-04-16,6,1.0,1.0
4445114986,2016-04-16,7,1.0,1.0
4445114986,2016-04-16,8,1.01,1.1
4445114986,2016-04-16,9,1.0,1.1
4445114986,2016-04-16,10,1.34,3.2
4445114986,2016-04-16,11,1.98,3.6
4445114986,2016-04-16,12,1.37,3.4
4445114986,2016-04-16,13,1.26,3.4
4445114986,2016-04-16,14,1.4,5.6
4445114986,2016-04-16,15,1.03,1.1
4445114986,2016-04-16,16,1.37,3.8
4445114986,2016-04-16,17,1.55,3.8
4445114986,2016-04-16,18,2.19,4.0
4445114986,2016-04-16,19,1.59,4.0
4445114986,2016-04-16,20,1.32,3.6
4445114986,2016-04-16,21,1.65,3.0
4445114986,2016-04-16,22,2.21,4.2
4445114986,2016-04-16,23,1.28,3.4
4445114986,2016-04-17,0,1.11,3.0
4445114986,2016-04-17,1,1.02,1.1
4445114986,2016-04-17,2,1.18,2.8
4445114986,2016-04-17,3,1.0,1.0
4445114986,2016-04-17,4,1.0,1.1
4445114986,2016-04-17,5,1.0,1.0
4445114986,2016-04-17,6,1.0,1.0
4445114986,2016-04-17,7,1.0,1.0
4445114986,2016-04-17,8,1.0,1.0
4445114986,2016-04-17,9,1.0,1.0
4445114986,2016-04-17,10,1.0,1.0
4445114986,2016-04-17,11,1.0,1.0
4445114986,2016-04-17,12,1.0,1.0
4445114986,2016-04-17,13,1.0,1.0
4445114986,2016-04-17,14,1.0,1.0
4445114986,2016-04-17,15,1.44,5.6
4445114986,2016-04-17,16,1.36,4.2
4445114986,2016-04-17,17,1.5,4.0
4445114986,2016-04-17,18,1.43,3.4
4445114986,2016-04-17,19,1.35,3.8
4445114986,2016-04-17,20,1.22,3.4
4445114986,2016-04-17,21,2.01,3.6
4445114986,2016-04-17,22,1.4,3.6
4445114986,2016-04-17,23,1.0,1.0
4445114986,2016-04-18,0,1.0,1.0
4445114986,2016-04-18,1,1.0,1.0
4445114986,2016-04-18,2,1.0,1.0
4445114986,2016-04-18,3,1.0,1.0
4445114986,2016-04-18,4,1.0,1.0
4445114986,2016-04-18,5,1.0,1.0
4445114986,2016-04-18,6,1.0,1.0
4445114986,2016-04-18,7,1.0,1.0
4445114986,2016-04-18,8,1.0,1.0
4445114986,2016-04-18,9,1.0,1.0
4445114986,2016-04-18,10,1.0,1.0
4445114986,2016-04-18,11,1.0,1.0
4445114986,2016-04-18,12,1.62,4.0
4445114986,2016-04-18,13,1.55,5.0
4445114986,2016-04-18,14,1.16,3.4
4445114986,2016-04-18,15,1.52,3.2
4445114986,2016-04-18,16,1.46,3.6
4445114986,2016-04-18,17,1.63,3.8
4445114986,2016-04-18,18,4.32,9.8
4445114986,2016-04-18,19,1.33,3.6
4445114986,2016-04-18,20,1.33,3.0
4445114986,2016-04-18,21,1.66,3.8
4445114986,2016-04-18,22,1.76,3.6
4445114986,2016-04-18,23,1.27,3.8
4445114986,2016-04-19,0,1.21,3.2
4445114986,2016-04-19,1,1.23,3.6
4445114986,2016-04-19,2,1.03,2.6
4445114986,2016-04-19,3,1.03,2.6
4445114986,2016-04-19,4,1.0,1.0
4445114986,2016-04-19,5,1.0,1.1
4445114986,2016-04-19,6,1.04,2.6
4445114986,2016-04-19,7,1.01,1.1
4445114986,2016-04-19,8,1.08,3.2
4445114986,2016-04-19,9,1.03,2.6
4445114986,2016-04-19,10,1.02,1.1
4445114986,2016-04-19,11,1.4,3.8
4445114986,2016-04-19,12,1.49,4.2
4445114986,2016-04-19,13,1.51,3.6
4445114986,2016-04-19,14,1.19,3.0
4445114986,2016-04-19,15,1.3,3.4
4445114986,2016-04-19,16,1.22,3.0
4445114986,2016-04-19,17,1.1,3.0
4445114986,2016-04-19,18,1.2,3.2
4445114986,2016-04-19,19,1.13,3.4
4445114986,2016-04-19,20,1.57,5.0
4445114986,2016-04-19,21,1.37,3.8
4445114986,2016-04-19,22,1.19,3.6
4445114986,2016-04-19,23,1.0,1.0
4445114986,2016-04-20,0,1.0,1.0
4445114986,2016-04-20,1,1.0,1.0
4445114986,2016-04-20,2,1.18,3.4
4445114986,2016-04-20,3,1.0,1.1
4445114986,2016-04-20,4,1.0,1.1
4445114986,2016-04-20,5,1.0,1.1
4445114986,2016-04-20,6,1.0,1.0
4445114986,2016-04-20,7,1.0,1.1
4445114986,2016-04-20,8,1.04,3.0
4445114986,2016-04-20,9,1.01,1.1
4445114986,2016-04-20,10,1.0,1.0
4445114986,2016-04-20,11,1.31,3.6
4445114986,2016-04-20,12,1.26,3.6
4445114986,2016-04-20,13,1.47,3.4
4445114986,2016-04-20,14,1.6,3.2
4445114986,2016-04-20,15,1.19,3.0
4445114986,2016-04-20,16,2.11,4.4
4445114986,2016-04-20,17,1.26,3.0
4445114986,2016-04-20,18,1.23,3.8
4445114986,2016-04-20,19,1.15,3.4
4445114986,2016-04-20,20,1.14,3.6
4445114986,2016-04-20,21,1.24,2.6
4445114986,2016-04-20,22,1.43,3.2
4445114986,2016-04-20,23,1.0,1.0
4445114986,2016-04-21,0,1.0,1.0
4445114986,2016-04-21,1,1.0,1.0
4445114986,2016-04-21,2,1.08,2.8
4445114986,2016-04-21,3,1.0,1.1
4445114986,2016-04-21,4,1.0,1.1
4445114986,2016-04-21,5,1.0,1.1
4445114986,2016-04-21,6,1.12,3.0
4445114986,2016-04-21,7,1.03,2.8
4445114986,2016-04-21,8,1.06,2.4
4445114986,2016-04-21,9,1.03,2.6
4445114986,2016-04-21,10,1.04,2.6
4445114986,2016-04-21,11,1.04,1.1
4445114986,2016-04-21,12,1.43,3.8
4445114986,2016-04-21,13,2.14,5.4
4445114986,2016-04-21,14,1.81,3.6
4445114986,2016-04-21,15,2.04,3.6
4445114986,2016-04-21,16,1.44,3.2
4445114986,2016-04-21,17,1.47,4.0
4445114986,2016-04-21,18,1.79,3.6
4445114986,2016-04-21,19,1.24,3.0
4445114986,2016-04-21,20,1.48,5.0
4445114986,2016-04-21,21,1.28,3.6
4445114986,2016-04-21,22,1.34,3.2
4445114986,2016-04-21,23,1.27,3.0
4445114986,2016-04-22,0,1.26,3.2
4445114986,2016-04-22,1,1.3,3.0
4445114986,2016-04-22,2,1.22,6.4
4445114986,2016-04-22,3,1.03,2.6
4445114986,2016-04-22,4,1.0,1.1
4445114986,2016-04-22,5,1.01,1.1
4445114986,2016-04-22,6,1.19,2.8
4445114986,2016-04-22,7,1.0,1.1
4445114986,2016-04-22,8,1.01,1.1
4445114986,2016-04-22,9,1.03,2.6
4445114986,2016-04-22,10,1.13,3.2
4445114986,2016-04-22,11,1.7,4.2
4445114986,2016-04-22,12,2.26,4.4
4445114986,2016-04-22,13,1.71,3.4
4445114986,2016-04-22,14,1.36,3.2
4445114986,2016-04-22,15,1.57,4.2
4445114986,2016-04-22,16,1.38,3.6
4445114986,2016-04-22,17,1.71,4.2
4445114986,2016-04-22,18,1.93,4.4
4445114986,2016-04-22,19,2.51,5.6
4445114986,2016-04-22,20,1.83,4.2
4445114986,2016-04-22,21,1.78,5.6
4445114986,2016-04-22,22,1.64,5.4
4445114986,2016-04-22,23,1.7,4.4
4445114986,2016-04-23,0,1.0,1.0
4445114986,2016-04-23,1,1.0,1.1
4445114986,2016-04-23,2,1.0,1.0
4445114986,2016-04-23,3,1.0,1.0
4445114986,2016-04-23,4,1.0,1.0
4445114986,2016-04-23,5,1.0,1.0
4445114986,2016-04-23,6,1.0,1.0
4445114986,2016-04-23,7,1.0,1.0
4445114986,2016-04-23,8,1.0,1.0
4445114986,2016-04-23,9,1.0,1.0
4445114986,2016-04-23,10,1.0,1.0
4445114986,2016-04-23,11,1.0,1.0
4445114986,2016-04-23,12,1.3,3.8
4445114986,2016-04-23,13,2.36,3.6
4445114986,2016-04-23,14,1.59,7.0
4445114986,2016-04-23,15,1.19,2.6
4445114986,2016-04-23,16,1.32,5.4
4445114986,2016-04-23,17,1.32,6.8
4445114986,2016-04-23,18,1.76,4.2
4445114986,2016-04-23,19,1.86,5.0
4445114986,2016-04-23,20,1.55,3.6
4445114986,2016-04-23,21,1.72,3.6
4445114986,2016-04-23,22,1.84,4.0
4445114986,2016-04-23,23,1.44,3.0
4445114986,2016-04-24,0,1.41,3.2
4445114986,2016-04-24,1,1.47,3.4
4445114986,2016-04-24,2,1.19,3.0
4445114986,2016-04-24,3,1.0,1.0
4445114986,2016-04-24,4,1.0,1.0
4445114986,2016-04-24,5,1.0,1.0
4445114986,2016-04-24,6,1.0,1.0
4445114986,2016-04-24,7,1.0,1.0
4445114986,2016-04-24,8,1.0,1.0
4445114986,2016-04-24,9,2.02,4.0
4445114986,2016-04-24,10,1.53,4.0
4445114986,2016-04-24,11,1.87,5.0
4445114986,2016-04-24,12,1.45,3.2
4445114986,2016-04-24,13,1.27,3.2
4445114986,2016-04-24,14,1.26,2.8
4445114986,2016-04-24,15,1.5,3.6
4445114986,2016-04-24,16,1.67,5.2
4445114986,2016-04-24,17,1.79,5.0
4445114986,2016-04-24,18,1.58,5.0
4445114986,2016-04-24,19,1.76,5.2
4445114986,2016-04-24,20,1.55,4.2
4445114986,2016-04-24,21,1.22,3.2
4445114986,2016-04-24,22,1.0,1.1
4445114986,2016-04-24,23,1.13,3.0
4445114986,2016-04-25,0,1.25,3.2
4445114986,2016-04-25,1,1.19,3.4
4445114986,2016-04-25,2,1.0,1.1
4445114986,2016-04-25,3,1.0,1.1
4445114986,2016-04-25,4,1.03,2.6
4445114986,2016-04-25,5,1.19,3.0
4445114986,2016-04-25,6,1.0,1.0
4445114986,2016-04-25,7,1.11,3.4
4445114986,2016-04-25,8,1.03,2.6
4445114986,2016-04-25,9,1.0,1.0
4445114986,2016-04-25,10,1.0,1.0
4445114986,2016-04-25,11,1.0,1.0
4445114986,2016-04-25,12,1.0,1.0
4445114986,2016-04-25,13,1.0,1.0
4445114986,2016-04-25,14,1.57,3.4
4445114986,2016-04-25,15,1.54,3.6
4445114986,2016-04-25,16,1.6,4.0
4445114986,2016-04-25,17,2.0,4.0
4445114986,2016-04-25,18,1.2,3.8
4445114986,2016-04-25,19,1.59,5.4
4445114986,2016-04-25,20,1.34,3.2
4445114986,2016-04-25,21,1.35,3.6
4445114986,2016-04-25,22,1.62,4.2
4445114986,2016-04-25,23,1.51,3.6
4445114986,2016-04-26,0,1.02,1.1
4445114986,2016-04-26,1,1.46,3.2
4445114986,2016-04-26,2,1.0,1.1
4445114986,2016-04-26,3,1.0,1.0
4445114986,2016-04-26,4,1.03,2.6
4445114986,2016-04-26,5,1.04,2.8
4445114986,2016-04-26,6,1.0,1.1
4445114986,2016-04-26,7,1.07,2.8
4445114986,2016-04-26,8,1.01,1.1
4445114986,2016-04-26,9,1.0,1.0
4445114986,2016-04-26,10,1.27,3.2
4445114986,2016-04-26,11,1.73,3.6
4445114986,2016-04-26,12,1.62,3.6
4445114986,2016-04-26,13,1.49,3.6
4445114986,2016-04-26,14,1.31,3.4
4445114986,2016-04-26,15,1.36,3.4
4445114986,2016-04-26,16,1.06,2.6
4445114986,2016-04-26,17,1.39,3.2
4445114986,2016-04-26,18,1.67,3.6
4445114986,2016-04-26,19,4.58,9.6
4445114986,2016-04-26,20,1.28,3.2
4445114986,2016-04-26,21,1.06,2.8
4445114986,2016-04-26,22,1.21,3.2
4445114986,2016-04-26,23,1.67,4.0
4445114986,2016-04-27,0,1.04,2.6
4445114986,2016-04-27,1,1.16,3.2
4445114986,2016-04-27,2,1.33,3.0
4445114986,2016-04-27,3,1.07,2.8
4445114986,2016-04-27,4,1.0,1.0
4445114986,2016-04-27,5,1.04,3.0
4445114986,2016-04-27,6,1.03,2.6
4445114986,2016-04-27,7,1.0,1.1
4445114986,2016-04-27,8,1.01,1.1
4445114986,2016-04-27,9,1.02,1.1
4445114986,2016-04-27,10,1.07,3.6
4445114986,2016-04-27,11,1.21,2.8
4445114986,2016-04-27,12,1.58,5.4
4445114986,2016-04-27,13,1.4,3.4
4445114986,2016-04-27,14,1.31,3.0
4445114986,2016-04-27,15,1.28,3.2
4445114986,2016-04-27,16,1.54,3.6
4445114986,2016-04-27,17,1.58,3.8
4445114986,2016-04-27,18,4.92,9.7
4445114986,2016-04-27,19,1.62,5.8
4445114986,2016-04-27,20,1.49,3.4
4445114986,2016-04-27,21,1.63,4.8
4445114986,2016-04-27,22,1.2,2.8
4445114986,2016-04-27,23,1.83,3.6
4445114986,2016-04-28,0,1.01,1.1
4445114986,2016-04-28,1,1.42,3.4
4445114986,2016-04-28,2,1.07,2.8
4445114986,2016-04-28,3,1.06,2.6
4445114986,2016-04-28,4,1.06,2.8
4445114986,2016-04-28,5,1.0,1.0
4445114986,2016-04-28,6,1.01,1.1
4445114986,2016-04-28,7,1.03,2.6
4445114986,2016-04-28,8,1.03,2.6
4445114986,2016-04-28,9,1.0,1.1
4445114986,2016-04-28,10,1.03,2.4
4445114986,2016-04-28,11,1.39,4.0
4445114986,2016-04-28,12,1.69,4.0
4445114986,2016-04-28,13,1.26,3.6
4445114986,2016-04-28,14,1.72,5.0
4445114986,2016-04-28,15,1.64,4.2
4445114986,2016-04-28,16,1.91,3.6
4445114986,2016-04-28,17,1.1,2.4
4445114986,2016-04-28,18,1.78,3.8
4445114986,2016-04-28,19,1.84,4.0
4445114986,2016-04-28,20,1.5,3.4
4445114986,2016-04-28,21,1.27,3.6
4445114986,2016-04-28,22,1.56,5.4
4445114986,2016-04-28,23,1.66,3.4
4445114986,2016-04-29,0,1.0,1.1
4445114986,2016-04-29,1,1.22,3.0
4445114986,2016-04-29,2,1.0,1.1
4445114986,2016-04-29,3,1.0,1.1
4445114986,2016-04-29,4,1.12,3.8
4445114986,2016-04-29,5,1.01,1.1
4445114986,2016-04-29,6,1.0,1.1
4445114986,2016-04-29,7,1.09,3.2
4445114986,2016-04-29,8,1.06,2.6
4445114986,2016-04-29,9,1.0,1.1
4445114986,2016-04-29,10,1.0,1.0
4445114986,2016-04-29,11,1.0,1.0
4445114986,2016-04-29,12,1.0,1.0
4445114986,2016-04-29,13,1.43,4.2
4445114986,2016-04-29,14,1.38,3.2
4445114986,2016-04-29,15,1.32,3.8
4445114986,2016-04-29,16,1.71,4.2
4445114986,2016-04-29,17,2.11,3.8
4445114986,2016-04-29,18,2.0,4.0
4445114986,2016-04-29,19,1.43,4.0
4445114986,2016-04-29,20,1.72,3.8
4445114986,2016-04-29,21,1.58,4.8
4445114986,2016-04-29,22,1.98,5.0
4445114986,2016-04-29,23,1.74,5.0
4445114986,2016-04-30,0,1.22,4.2
4445114986,2016-04-30,1,1.15,3.2
4445114986,2016-04-30,2,1.0,1.0
4445114986,2016-04-30,3,1.0,1.1
4445114986,2016-04-30,4,1.0,1.1
4445114986,2016-04-30,5,1.07,2.8
4445114986,2016-04-30,6,1.01,1.1
4445114986,2016-04-30,7,1.0,1.0
4445114986,2016-04-30,8,1.9,3.8
4445114986,2016-04-30,9,1.61,5.8
4445114986,2016-04-30,10,1.17,3.6
4445114986,2016-04-30,11,1.25,3.4
4445114986,2016-04-30,12,1.75,3.4
4445114986,2016-04-30,13,1.75,3.8
4445114986,2016-04-30,14,1.15,3.2
4445114986,2016-04-30,15,2.06,5.6
4445114986,2016-04-30,16,2.0,5.6
4445114986,2016-04-30,17,1.75,5.0
4445114986,2016-04-30,18,1.94,4.8
4445114986,2016-04-30,19,2.09,3.8
4445114986,2016-04-30,20,1.11,2.8
4445114986,2016-04-30,21,1.36,3.0
4445114986,2016-04-30,22,1.62,4.2
4445114986,2016-04-30,23,1.42,3.4
4445114986,2016-05-01,0,1.27,3.0
4445114986,2016-05-01,1,1.06,3.0
4445114986,2016-05-01,2,1.01,1.1
4445114986,2016-05-01,3,1.0,1.0
4445114986,2016-05-01,4,1.0,1.0
4445114986,2016-05-01,5,1.0,1.0
4445114986,2016-05-01,6,1.0,1.1
4445114986,2016-05-01,7,1.1,2.8
4445114986,2016-05-01,8,1.07,3.8
4445114986,2016-05-01,9,1.06,2.6
4445114986,2016-05-01,10,1.04,2.6
4445114986,2016-05-01,11,1.16,3.2
4445114986,2016-05-01,12,1.51,3.4
4445114986,2016-05-01,13,2.28,4.0
4445114986,2016-05-01,14,1.57,4.2
4445114986,2016-05-01,15,2.53,6.2
4445114986,2016-05-01,16,1.38,4.4
4445114986,2016-05-01,17,1.5,4.2
4445114986,2016-05-01,18,1.29,3.6
4445114986,2016-05-01,19,1.86,5.4
4445114986,2016-05-01,20,1.42,5.4
4445114986,2016-05-01,21,1.46,4.0
4445114986,2016-05-01,22,1.76,3.2
4445114986,2016-05-01,23,1.35,3.6
4445114986,2016-05-02,0,1.0,1.0
4445114986,2016-05-02,1,1.11,3.0
4445114986,2016-05-02,2,1.04,2.6
4445114986,2016-05-02,3,1.02,1.1
4445114986,2016-05-02,4,1.06,2.6
4445114986,2016-05-02,5,1.0,1.1
4445114986,2016-05-02,6,1.0,1.0
4445114986,2016-05-02,7,1.0,1.1
4445114986,2016-05-02,8,1.11,3.0
4445114986,2016-05-02,9,1.01,1.1
4445114986,2016-05-02,10,1.04,2.6
4445114986,2016-05-02,11,1.18,3.2
4445114986,2016-05-02,12,1.64,4.0
4445114986,2016-05-02,13,1.48,4.2
4445114986,2016-05-02,14,1.52,3.6
4445114986,2016-05-02,15,1.33,3.8
4445114986,2016-05-02,16,1.38,3.4
4445114986,2016-05-02,17,1.05,2.8
4445114986,2016-05-02,18,4.79,9.5
4445114986,2016-05-02,19,1.58,3.4
4445114986,2016-05-02,20,1.86,5.6
4445114986,2016-05-02,21,1.92,3.6
4445114986,2016-05-02,22,1.4,3.8
4445114986,2016-05-02,23,1.47,3.2
4445114986,2016-05-03,0,1.0,1.0
4445114986,2016-05-03,1,1.14,3.2
4445114986,2016-05-03,2,1.01,1.1
4445114986,2016-05-03,3,1.0,1.0
4445114986,2016-05-03,4,1.01,1.1
4445114986,2016-05-03,5,1.01,1.1
4445114986,2016-05-03,6,1.0,1.1
4445114986,2016-05-03,7,1.04,2.4
4445114986,2016-05-03,8,1.44,3.8
4445114986,2016-05-03,9,1.15,3.4
4445114986,2016-05-03,10,1.03,2.6
4445114986,2016-05-03,11,1.13,2.6
4445114986,2016-05-03,12,1.54,3.2
4445114986,2016-05-03,13,1.92,4.0
4445114986,2016-05-03,14,1.39,3.8
4445114986,2016-05-03,15,2.04,4.0
4445114986,2016-05-03,16,1.91,3.6
4445114986,2016-05-03,17,1.11,3.0
4445114986,2016-05-03,18,4.97,9.5
4445114986,2016-05-03,19,1.6,3.4
4445114986,2016-05-03,20,1.42,3.4
4445114986,2016-05-03,21,1.66,3.8
4445114986,2016-05-03,22,1.4,3.6
4445114986,2016-05-03,23,1.29,3.4
4445114986,2016-05-04,0,1.19,3.2
4445114986,2016-05-04,1,1.14,3.0
4445114986,2016-05-04,2,1.1,3.0
4445114986,2016-05-04,3,1.01,1.1
4445114986,2016-05-04,4,1.0,1.0
4445114986,2016-05-04,5,1.06,2.4
4445114986,2016-05-04,6,1.14,2.8
4445114986,2016-05-04,7,1.12,2.6
4445114986,2016-05-04,8,1.02,1.1
4445114986,2016-05-04,9,1.0,1.1
4445114986,2016-05-04,10,1.03,2.8
4445114986,2016-05-04,11,1.14,2.6
4445114986,2016-05-04,12,1.48,3.2
4445114986,2016-05-04,13,1.3,3.2
4445114986,2016-05-04,14,1.16,2.8
4445114986,2016-05-04,15,1.5,3.2
4445114986,2016-05-04,16,1.32,3.4
4445114986,2016-05-04,17,1.34,3.4
4445114986,2016-05-04,18,1.66,4.2
4445114986,2016-05-04,19,2.06,5.4
4445114986,2016-05-04,20,1.35,3.2
4445114986,2016-05-04,21,1.31,4.0
4445114986,2016-05-04,22,1.09,2.8
4445114986,2016-05-04,23,1.6,3.4
4445114986,2016-05-05,0,1.04,2.6
4445114986,2016-05-05,1,1.18,3.0
4445114986,2016-05-05,2,1.0,1.0
4445114986,2016-05-05,3,1.0,1.0
4445114986,2016-05-05,4,1.0,1.1
4445114986,2016-05-05,5,1.06,2.6
4445114986,2016-05-05,6,1.0,1.0
4445114986,2016-05-05,7,1.11,3.2
4445114986,2016-05-05,8,1.09,2.6
4445114986,2016-05-05,9,1.0,1.1
4445114986,2016-05-05,10,1.01,1.1
4445114986,2016-05-05,11,1.01,1.1
4445114986,2016-05-05,12,1.44,3.4
4445114986,2016-05-05,13,1.32,2.8
4445114986,2016-05-05,14,1.96,3.6
4445114986,2016-05-05,15,1.4,3.4
4445114986,2016-05-05,16,2.05,6.2
4445114986,2016-05-05,17,1.72,4.0
4445114986,2016-05-05,18,1.32,3.2
4445114986,2016-05-05,19,1.56,4.2
4445114986,2016-05-05,20,1.03,1.1
4445114986,2016-05-05,21,1.49,5.2
4445114986,2016-05-05,22,1.57,3.2
4445114986,2016-05-05,23,1.49,3.6
4445114986,2016-05-06,0,1.08,2.8
4445114986,2016-05-06,1,1.34,3.2
4445114986,2016-05-06,2,1.03,2.6
4445114986,2016-05-06,3,1.12,2.8
4445114986,2016-05-06,4,1.04,2.6
4445114986,2016-05-06,5,1.01,1.1
4445114986,2016-05-06,6,1.0,1.0
4445114986,2016-05-06,7,1.23,3.2
4445114986,2016-05-06,8,1.5,7.2
4445114986,2016-05-06,9,1.05,3.0
4445114986,2016-05-06,10,1.05,2.6
4445114986,2016-05-06,11,1.2,3.0
4445114986,2016-05-06,12,1.62,3.6
4445114986,2016-05-06,13,1.64,5.4
4445114986,2016-05-06,14,1.34,3.2
4445114986,2016-05-06,15,1.24,3.2
4445114986,2016-05-06,16,1.34,3.2
4445114986,2016-05-06,17,1.74,3.6
4445114986,2016-05-06,18,2.1,4.2
4445114986,2016-05-06,19,1.75,7.0
4445114986,2016-05-06,20,1.46,3.6
4445114986,2016-05-06,21,1.09,2.6
4445114986,2016-05-06,22,1.36,3.4
4445114986,2016-05-06,23,1.84,5.8
4445114986,2016-05-07,0,1.36,3.4
4445114986,2016-05-07,1,1.33,3.8
4445114986,2016-05-07,2,1.15,2.8
4445114986,2016-05-07,3,1.0,1.1
4445114986,2016-05-07,4,1.0,1.0
4445114986,2016-05-07,5,1.0,1.0
4445114986,2016-05-07,6,1.08,2.6
4445114986,2016-05-07,7,1.04,2.6
4445114986,2016-05-07,8,1.02,1.1
4445114986,2016-05-07,9,1.42,4.2
4445114986,2016-05-07,10,4.35,9.3
4445114986,2016-05-07,11,1.0,1.1
4445114986,2016-05-07,12,1.0,1.0
4445114986,2016-05-07,13,1.0,1.0
4445114986,2016-05-07,14,1.07,2.6
4445114986,2016-05-07,15,1.0,1.1
4445114986,2016-05-07,16,1.01,1.1
4445114986,2016-05-07,17,1.22,4.8
4445114986,2016-05-07,18,1.6,4.0
4445114986,2016-05-07,19,1.38,3.0
4445114986,2016-05-07,20,1.44,3.0
4445114986,2016-05-07,21,1.16,3.0
4445114986,2016-05-07,22,1.24,4.0
4445114986,2016-05-07,23,1.0,1.0
4445114986,2016-05-08,0,1.0,1.0
4445114986,2016-05-08,1,1.0,1.0
4445114986,2016-05-08,2,1.0,1.1
4445114986,2016-05-08,3,1.01,1.1
4445114986,2016-05-08,4,1.01,1.1
4445114986,2016-05-08,5,1.0,1.1
4445114986,2016-05-08,6,1.0,1.0
4445114986,2016-05-08,7,1.0,1.1
4445114986,2016-05-08,8,1.01,1.1
4445114986,2016-05-08,9,1.36,2.8
4445114986,2016-05-08,10,1.42,3.4
4445114986,2016-05-08,11,1.59,5.2
4445114986,2016-05-08,12,1.78,3.6
4445114986,2016-05-08,13,2.17,4.0
4445114986,2016-05-08,14,2.3,4.4
4445114986,2016-05-08,15,2.66,5.0
4445114986,2016-05-08,16,2.08,4.4
4445114986,2016-05-08,17,2.02,4.0
4445114986,2016-05-08,18,1.52,3.4
4445114986,2016-05-08,19,2.16,3.8
4445114986,2016-05-08,20,1.57,4.2
4445114986,2016-05-08,21,1.1,3.2
4445114986,2016-05-08,22,1.4,3.4
4445114986,2016-05-08,23,1.09,2.8
4445114986,2016-05-09,0,1.03,2.4
4445114986,2016-05-09,1,1.05,2.4
4445114986,2016-05-09,2,1.03,2.6
4445114986,2016-05-09,3,1.04,2.6
4445114986,2016-05-09,4,1.0,1.1
4445114986,2016-05-09,5,1.0,1.0
4445114986,2016-05-09,6,1.09,3.2
4445114986,2016-05-09,7,1.05,2.6
4445114986,2016-05-09,8,1.01,1.1
4445114986,2016-05-09,9,1.09,2.6
4445114986,2016-05-09,10,1.54,3.8
4445114986,2016-05-09,11,2.15,5.0
4445114986,2016-05-09,12,1.24,3.2
4445114986,2016-05-09,13,1.76,4.2
4445114986,2016-05-09,14,1.67,5.2
4445114986,2016-05-09,15,1.33,3.2
4445114986,2016-05-09,16,1.46,3.6
4445114986,2016-05-09,17,1.36,3.4
4445114986,2016-05-09,18,1.37,3.0
4445114986,2016-05-09,19,1.77,3.6
4445114986,2016-05-09,20,2.19,6.0
4445114986,2016-05-09,21,1.73,6.0
4445114986,2016-05-09,22,1.62,5.4
4445114986,2016-05-09,23,1.61,3.6
4445114986,2016-05-10,0,1.24,3.0
4445114986,2016-05-10,1,1.14,2.8
4445114986,2016-05-10,2,1.09,2.8
4445114986,2016-05-10,3,1.0,1.1
4445114986,2016-05-10,4,1.0,1.0
4445114986,2016-05-10,5,1.1,3.0
4445114986,2016-05-10,6,1.0,1.1
4445114986,2016-05-10,7,1.03,2.4
4445114986,2016-05-10,8,1.14,3.8
4445114986,2016-05-10,9,1.04,2.8
4445114986,2016-05-10,10,1.18,3.2
4445114986,2016-05-10,11,1.35,3.4
4445114986,2016-05-10,12,1.47,4.2
4445114986,2016-05-10,13,1.76,3.2
4445114986,2016-05-10,14,1.47,3.0
4445114986,2016-05-10,15,1.41,3.2
4445114986,2016-05-10,16,1.62,6.2
4445114986,2016-05-10,17,1.55,3.4
4445114986,2016-05-10,18,1.85,4.4
4445114986,2016-05-10,19,1.71,4.2
4445114986,2016-05-10,20,1.27,2.8
4445114986,2016-05-10,21,1.31,4.0
4445114986,2016-05-10,22,1.62,3.8
4445114986,2016-05-10,23,1.37,3.2
4445114986,2016-05-11,0,1.08,3.2
4445114986,2016-05-11,1,1.19,2.8
4445114986,2016-05-11,2,1.0,1.0
4445114986,2016-05-11,3,1.0,1.0
4445114986,2016-05-11,4,1.06,2.6
4445114986,2016-05-11,5,1.03,2.8
4445114986,2016-05-11,6,1.01,1.1
4445114986,2016-05-11,7,1.0,1.1
4445114986,2016-05-11,8,1.01,1.1
4445114986,2016-05-11,9,1.01,1.1
4445114986,2016-05-11,10,1.54,3.8
4445114986,2016-05-11,11,1.0,1.0
4445114986,2016-05-11,12,1.38,3.6
4445114986,2016-05-11,13,5.17,6.8
4445114986,2016-05-11,14,2.06,6.6
4445114986,2016-05-11,15,1.22,3.2
4445114986,2016-05-11,16,1.8,3.4
4445114986,2016-05-11,17,1.53,3.4
4445114986,2016-05-11,18,1.57,5.2
4445114986,2016-05-11,19,1.77,4.8
4445114986,2016-05-11,20,1.83,5.0
4445114986,2016-05-11,21,1.61,5.0
4445114986,2016-05-11,22,1.4,3.8
4445114986,2016-05-11,23,2.07,6.2
4445114986,2016-05-12,0,1.0,1.0
4445114986,2016-05-12,1,1.05,2.6
4445114986,2016-05-12,2,1.0,1.1
4445114986,2016-05-12,3,1.03,2.6
4445114986,2016-05-12,4,1.09,2.8
4445114986,2016-05-12,5,1.0,1.1
4445114986,2016-05-12,6,1.0,1.0
4445114986,2016-05-12,7,1.03,2.8
4445114986,2016-05-12,8,1.0,1.1
4445114986,2016-05-12,9,1.01,1.1
4445114986,2016-05-12,10,1.37,3.4
4445114986,2016-05-12,11,1.38,3.2
4445114986,2016-05-12,12,1.22,3.0
4558609924,2016-04-12,0,1.0,1.0
4558609924,2016-04-12,1,1.0,1.0
4558609924,2016-04-12,2,1.0,1.0
4558609924,2016-04-12,3,1.0,1.0
4558609924,2016-04-12,4,1.0,1.0
4558609924,2016-04-12,5,1.0,1.0
4558609924,2016-04-12,6,1.25,3.6
4558609924,2016-04-12,7,1.4,3.4
4558609924,2016-04-12,8,1.37,3.0
4558609924,2016-04-12,9,2.02,3.6
4558609924,2016-04-12,10,1.96,3.4
4558609924,2016-04-12,11,1.74,3.2
4558609924,2016-04-12,12,1.45,3.0
4558609924,2016-04-12,13,1.6,3.6
4558609924,2016-04-12,14,1.96,4.0
4558609924,2016-04-12,15,1.05,3.2
4558609924,2016-04-12,16,2.2,3.8
4558609924,2016-04-12,17,1.88,4.0
4558609924,2016-04-12,18,1.94,3.8
4558609924,2016-04-12,19,1.41,3.4
4558609924,2016-04-12,20,1.37,3.4
4558609924,2016-04-12,21,1.32,3.0
4558609924,2016-04-12,22,1.38,3.0
4558609924,2016-04-12,23,1.0,1.0
4558609924,2016-04-13,0,1.0,1.0
4558609924,2016-04-13,1,1.0,1.0
4558609924,2016-04-13,2,1.0,1.0
4558609924,2016-04-13,3,1.0,1.0
4558609924,2016-04-13,4,1.0,1.0
4558609924,2016-04-13,5,1.0,1.0
4558609924,2016-04-13,6,1.0,1.0
4558609924,2016-04-13,7,1.0,1.1
4558609924,2016-04-13,8,1.0,1.0
4558609924,2016-04-13,9,1.0,1.0
4558609924,2016-04-13,10,1.0,1.0
4558609924,2016-04-13,11,1.39,4.0
4558609924,2016-04-13,12,2.28,4.8
4558609924,2016-04-13,13,1.68,3.8
4558609924,2016-04-13,14,1.66,3.6
4558609924,2016-04-13,15,1.32,3.0
4558609924,2016-04-13,16,3.2,8.6
4558609924,2016-04-13,17,2.3,6.0
4558609924,2016-04-13,18,1.09,2.6
4558609924,2016-04-13,19,1.0,1.0
4558609924,2016-04-13,20,1.0,1.0
4558609924,2016-04-13,21,1.0,1.0
4558609924,2016-04-13,22,1.0,1.0
4558609924,2016-04-13,23,1.0,1.0
4558609924,2016-04-14,0,1.0,1.0
4558609924,2016-04-14,1,1.0,1.0
4558609924,2016-04-14,2,1.0,1.0
4558609924,2016-04-14,3,1.0,1.0
4558609924,2016-04-14,4,1.0,1.0
4558609924,2016-04-14,5,1.0,1.0
4558609924,2016-04-14,6,1.0,1.0
4558609924,2016-04-14,7,1.0,1.0
4558609924,2016-04-14,8,1.0,1.0
4558609924,2016-04-14,9,1.93,4.2
4558609924,2016-04-14,10,1.53,4.2
4558609924,2016-04-14,11,1.42,3.4
4558609924,2016-04-14,12,1.88,4.0
4558609924,2016-04-14,13,1.98,4.0
4558609924,2016-04-14,14,2.36,4.8
4558609924,2016-04-14,15,1.28,3.0
4558609924,2016-04-14,16,2.28,5.6
4558609924,2016-04-14,17,2.25,4.2
4558609924,2016-04-14,18,1.46,4.2
4558609924,2016-04-14,19,1.78,4.4
4558609924,2016-04-14,20,2.05,3.6
4558609924,2016-04-14,21,1.24,3.2
4558609924,2016-04-14,22,1.11,3.4
4558609924,2016-04-14,23,1.0,1.0
4558609924,2016-04-15,0,1.0,1.0
4558609924,2016-04-15,1,1.0,1.0
4558609924,2016-04-15,2,1.0,1.0
4558609924,2016-04-15,3,1.0,1.0
4558609924,2016-04-15,4,1.0,1.0
4558609924,2016-04-15,5,1.0,1.0
4558609924,2016-04-15,6,1.0,1.0
4558609924,2016-04-15,7,1.0,1.0
4558609924,2016-04-15,8,1.23,3.0
4558609924,2016-04-15,9,1.72,3.4
4558609924,2016-04-15,10,1.79,4.0
4558609924,2016-04-15,11,1.95,4.4
4558609924,2016-04-15,12,1.79,3.6
4558609924,2016-04-15,13,3.64,7.2
4558609924,2016-04-15,14,3.04,7.6
4558609924,2016-04-15,15,1.72,3.4
4558609924,2016-04-15,16,1.85,3.6
4558609924,2016-04-15,17,2.45,6.0
4558609924,2016-04-15,18,1.47,3.8
4558609924,2016-04-15,19,2.5,7.8
4558609924,2016-04-15,20,1.45,3.2
4558609924,2016-04-15,21,1.03,2.4
4558609924,2016-04-15,22,1.3,3.2
4558609924,2016-04-15,23,1.17,3.2
4558609924,2016-04-16,0,1.22,3.2
4558609924,2016-04-16,1,1.02,1.1
4558609924,2016-04-16,2,1.03,2.4
4558609924,2016-04-16,3,1.0,1.0
4558609924,2016-04-16,4,1.0,1.0
4558609924,2016-04-16,5,1.0,1.0
4558609924,2016-04-16,6,1.0,1.0
4558609924,2016-04-16,7,1.0,1.0
4558609924,2016-04-16,8,1.0,1.0
4558609924,2016-04-16,9,1.48,3.2
4558609924,2016-04-16,10,2.04,4.8
4558609924,2016-04-16,11,1.31,2.8
4558609924,2016-04-16,12,1.98,3.4
4558609924,2016-04-16,13,1.94,3.4
4558609924,2016-04-16,14,2.55,4.2
4558609924,2016-04-16,15,2.0,3.8
4558609924,2016-04-16,16,1.86,4.0
4558609924,2016-04-16,17,1.54,3.4
4558609924,2016-04-16,18,1.76,3.2
4558609924,2016-04-16,19,3.05,7.6
4558609924,2016-04-16,20,1.51,5.8
4558609924,2016-04-16,21,1.09,3.2
4558609924,2016-04-16,22,1.09,2.6
4558609924,2016-04-16,23,1.28,3.4
4558609924,2016-04-17,0,1.07,3.0
4558609924,2016-04-17,1,1.0,1.0
4558609924,2016-04-17,2,1.0,1.0
4558609924,2016-04-17,3,1.0,1.0
4558609924,2016-04-17,4,1.0,1.0
4558609924,2016-04-17,5,1.0,1.0
4558609924,2016-04-17,6,1.0,1.0
4558609924,2016-04-17,7,1.0,1.0
4558609924,2016-04-17,8,1.0,1.0
4558609924,2016-04-17,9,1.84,3.8
4558609924,2016-04-17,10,2.03,3.8
4558609924,2016-04-17,11,3.19,6.2
4558609924,2016-04-17,12,3.66,7.7
4558609924,2016-04-17,13,1.6,4.0
4558609924,2016-04-17,14,2.06,4.8
4558609924,2016-04-17,15,1.66,3.8
4558609924,2016-04-17,16,1.73,5.0
4558609924,2016-04-17,17,2.43,4.8
4558609924,2016-04-17,18,1.16,2.8
4558609924,2016-04-17,19,1.91,5.4
4558609924,2016-04-17,20,1.55,3.8
4558609924,2016-04-17,21,1.6,3.8
4558609924,2016-04-17,22,1.45,3.8
4558609924,2016-04-17,23,1.03,2.2
4558609924,2016-04-18,0,1.0,1.0
4558609924,2016-04-18,1,1.0,1.0
4558609924,2016-04-18,2,1.0,1.0
4558609924,2016-04-18,3,1.0,1.0
4558609924,2016-04-18,4,1.0,1.0
4558609924,2016-04-18,5,1.0,1.0
4558609924,2016-04-18,6,1.0,1.0
4558609924,2016-04-18,7,1.39,7.3
4558609924,2016-04-18,8,1.93,3.8
4558609924,2016-04-18,9,1.63,3.8
4558609924,2016-04-18,10,1.53,4.0
4558609924,2016-04-18,11,2.42,3.6
4558609924,2016-04-18,12,1.65,3.2
4558609924,2016-04-18,13,2.0,3.4
4558609924,2016-04-18,14,1.53,3.4
4558609924,2016-04-18,15,1.64,3.2
4558609924,2016-04-18,16,4.08,6.2
4558609924,2016-04-18,17,2.08,4.6
4558609924,2016-04-18,18,2.0,4.0
4558609924,2016-04-18,19,2.07,3.8
4558609924,2016-04-18,20,1.73,4.2
4558609924,2016-04-18,21,1.2,3.2
4558609924,2016-04-18,22,1.05,2.4
4558609924,2016-04-18,23,1.0,1.0
4558609924,2016-04-19,0,1.0,1.0
4558609924,2016-04-19,1,1.0,1.0
4558609924,2016-04-19,2,1.0,1.0
4558609924,2016-04-19,3,1.0,1.0
4558609924,2016-04-19,4,1.0,1.0
4558609924,2016-04-19,5,1.0,1.0
4558609924,2016-04-19,6,1.0,1.0
4558609924,2016-04-19,7,1.0,1.0
4558609924,2016-04-19,8,1.0,1.0
4558609924,2016-04-19,9,1.0,1.0
4558609924,2016-04-19,10,1.0,1.1
4558609924,2016-04-19,11,1.0,1.0
4558609924,2016-04-19,12,1.04,3.2
4558609924,2016-04-19,13,2.03,3.6
4558609924,2016-04-19,14,1.98,3.6
4558609924,2016-04-19,15,1.46,3.2
4558609924,2016-04-19,16,1.65,3.6
4558609924,2016-04-19,17,2.59,6.4
4558609924,2016-04-19,18,2.12,3.8
4558609924,2016-04-19,19,2.33,5.2
4558609924,2016-04-19,20,1.85,4.2
4558609924,2016-04-19,21,1.39,5.0
4558609924,2016-04-19,22,2.03,4.0
4558609924,2016-04-19,23,1.14,2.6
4558609924,2016-04-20,0,1.08,2.6
4558609924,2016-04-20,1,1.0,1.0
4558609924,2016-04-20,2,1.0,1.0
4558609924,2016-04-20,3,1.0,1.0
4558609924,2016-04-20,4,1.0,1.0
4558609924,2016-04-20,5,1.0,1.0
4558609924,2016-04-20,6,1.0,1.0
4558609924,2016-04-20,7,1.0,1.0
4558609924,2016-04-20,8,1.0,1.0
4558609924,2016-04-20,9,1.0,1.0
4558609924,2016-04-20,10,1.23,3.0
4558609924,2016-04-20,11,1.78,3.6
4558609924,2016-04-20,12,1.55,3.6
4558609924,2016-04-20,13,1.62,4.2
4558609924,2016-04-20,14,1.57,3.8
4558609924,2016-04-20,15,1.45,4.4
4558609924,2016-04-20,16,1.23,3.8
4558609924,2016-04-20,17,1.83,5.0
4558609924,2016-04-20,18,2.25,5.0
4558609924,2016-04-20,19,1.76,5.8
4558609924,2016-04-20,20,1.81,4.0
4558609924,2016-04-20,21,1.26,2.8
4558609924,2016-04-20,22,1.37,3.0
4558609924,2016-04-20,23,1.28,4.0
4558609924,2016-04-21,0,1.15,4.8
4558609924,2016-04-21,1,1.0,1.1
4558609924,2016-04-21,2,1.02,2.4
4558609924,2016-04-21,3,1.0,1.0
4558609924,2016-04-21,4,1.0,1.0
4558609924,2016-04-21,5,1.0,1.0
4558609924,2016-04-21,6,1.0,1.0
4558609924,2016-04-21,7,1.43,3.4
4558609924,2016-04-21,8,2.68,5.0
4558609924,2016-04-21,9,3.08,5.0
4558609924,2016-04-21,10,3.36,6.4
4558609924,2016-04-21,11,2.97,6.4
4558609924,2016-04-21,12,2.84,5.4
4558609924,2016-04-21,13,2.08,5.8
4558609924,2016-04-21,14,1.98,5.0
4558609924,2016-04-21,15,1.73,5.4
4558609924,2016-04-21,16,2.13,4.2
4558609924,2016-04-21,17,2.7,5.8
4558609924,2016-04-21,18,2.92,5.6
4558609924,2016-04-21,19,1.71,4.2
4558609924,2016-04-21,20,1.5,3.4
4558609924,2016-04-21,21,1.58,3.4
4558609924,2016-04-21,22,1.46,3.2
4558609924,2016-04-21,23,1.25,3.0
4558609924,2016-04-22,0,1.08,3.0
4558609924,2016-04-22,1,1.13,2.8
4558609924,2016-04-22,2,1.0,1.0
4558609924,2016-04-22,3,1.0,1.0
4558609924,2016-04-22,4,1.0,1.0
4558609924,2016-04-22,5,1.0,1.0
4558609924,2016-04-22,6,1.0,1.0
4558609924,2016-04-22,7,1.0,1.0
4558609924,2016-04-22,8,1.0,1.0
4558609924,2016-04-22,9,1.54,3.2
4558609924,2016-04-22,10,1.98,3.8
4558609924,2016-04-22,11,1.62,4.0
4558609924,2016-04-22,12,1.28,3.8
4558609924,2016-04-22,13,1.5,4.0
4558609924,2016-04-22,14,1.8,3.8
4558609924,2016-04-22,15,2.49,5.2
4558609924,2016-04-22,16,1.82,3.6
4558609924,2016-04-22,17,1.66,3.8
4558609924,2016-04-22,18,5.11,6.2
4558609924,2016-04-22,19,1.31,3.2
4558609924,2016-04-22,20,1.92,4.8
4558609924,2016-04-22,21,1.37,3.2
4558609924,2016-04-22,22,1.84,3.4
4558609924,2016-04-22,23,1.06,2.8
4558609924,2016-04-23,0,1.96,3.6
4558609924,2016-04-23,1,1.14,2.8
4558609924,2016-04-23,2,1.0,1.0
4558609924,2016-04-23,3,1.0,1.0
4558609924,2016-04-23,4,1.0,1.0
4558609924,2016-04-23,5,1.0,1.0
4558609924,2016-04-23,6,1.0,1.0
4558609924,2016-04-23,7,1.0,1.0
4558609924,2016-04-23,8,1.0,1.0
4558609924,2016-04-23,9,1.81,4.0
4558609924,2016-04-23,10,1.74,4.0
4558609924,2016-04-23,11,1.47,4.0
4558609924,2016-04-23,12,1.58,4.2
4558609924,2016-04-23,13,1.76,4.0
4558609924,2016-04-23,14,2.62,7.0
4558609924,2016-04-23,15,2.34,6.2
4558609924,2016-04-23,16,2.29,5.8
4558609924,2016-04-23,17,1.93,4.4
4558609924,2016-04-23,18,2.19,3.6
4558609924,2016-04-23,19,1.98,3.6
4558609924,2016-04-23,20,1.43,3.8
4558609924,2016-04-23,21,1.71,4.0
4558609924,2016-04-23,22,1.05,2.4
4558609924,2016-04-23,23,1.27,3.4
4558609924,2016-04-24,0,1.0,1.0
4558609924,2016-04-24,1,1.0,1.0
4558609924,2016-04-24,2,1.0,1.0
4558609924,2016-04-24,3,1.0,1.0
4558609924,2016-04-24,4,1.0,1.0
4558609924,2016-04-24,5,1.0,1.0
4558609924,2016-04-24,6,1.0,1.0
4558609924,2016-04-24,7,1.0,1.0
4558609924,2016-04-24,8,2.0,4.2
4558609924,2016-04-24,9,1.78,3.4
4558609924,2016-04-24,10,2.5,4.4
4558609924,2016-04-24,11,1.84,3.6
4558609924,2016-04-24,12,2.47,5.0
4558609924,2016-04-24,13,1.59,3.6
4558609924,2016-04-24,14,2.15,5.4
4558609924,2016-04-24,15,2.83,5.4
4558609924,2016-04-24,16,1.98,4.4
4558609924,2016-04-24,17,2.06,3.4
4558609924,2016-04-24,18,1.58,4.0
4558609924,2016-04-24,19,1.66,4.2
4558609924,2016-04-24,20,1.43,3.6
4558609924,2016-04-24,21,1.54,3.6
4558609924,2016-04-24,22,1.6,3.4
4558609924,2016-04-24,23,1.74,4.0
4558609924,2016-04-25,0,1.15,4.0
4558609924,2016-04-25,1,1.07,3.2
4558609924,2016-04-25,2,1.0,1.0
4558609924,2016-04-25,3,1.0,1.0
4558609924,2016-04-25,4,1.0,1.0
4558609924,2016-04-25,5,1.0,1.0
4558609924,2016-04-25,6,1.0,1.0
4558609924,2016-04-25,7,1.0,1.0
4558609924,2016-04-25,8,1.0,1.0
4558609924,2016-04-25,9,1.68,3.6
4558609924,2016-04-25,10,2.16,3.8
4558609924,2016-04-25,11,1.66,3.6
4558609924,2016-04-25,12,1.52,3.4
4558609924,2016-04-25,13,2.01,4.4
4558609924,2016-04-25,14,2.03,3.4
4558609924,2016-04-25,15,1.98,4.2
4558609924,2016-04-25,16,4.44,10.6
4558609924,2016-04-25,17,2.38,5.4
4558609924,2016-04-25,18,2.1,4.0
4558609924,2016-04-25,19,2.19,4.2
4558609924,2016-04-25,20,1.74,4.2
4558609924,2016-04-25,21,2.18,4.8
4558609924,2016-04-25,22,1.41,4.6
4558609924,2016-04-25,23,1.01,1.1
4558609924,2016-04-26,0,1.0,1.1
4558609924,2016-04-26,1,1.0,1.0
4558609924,2016-04-26,2,1.0,1.0
4558609924,2016-04-26,3,1.0,1.0
4558609924,2016-04-26,4,1.0,1.0
4558609924,2016-04-26,5,1.0,1.0
4558609924,2016-04-26,6,1.0,1.0
4558609924,2016-04-26,7,1.0,1.0
4558609924,2016-04-26,8,1.38,3.8
4558609924,2016-04-26,9,1.93,3.4
4558609924,2016-04-26,10,1.79,3.6
4558609924,2016-04-26,11,2.04,3.8
4558609924,2016-04-26,12,1.7,3.4
4558609924,2016-04-26,13,1.51,3.2
4558609924,2016-04-26,14,1.34,3.2
4558609924,2016-04-26,15,3.4,7.6
4558609924,2016-04-26,16,2.14,4.6
4558609924,2016-04-26,17,3.77,6.2
4558609924,2016-04-26,18,2.51,5.8
4558609924,2016-04-26,19,1.56,3.4
4558609924,2016-04-26,20,2.45,5.6
4558609924,2016-04-26,21,1.61,3.6
4558609924,2016-04-26,22,1.09,3.4
4558609924,2016-04-26,23,1.46,3.6
4558609924,2016-04-27,0,1.16,3.2
4558609924,2016-04-27,1,1.0,1.0
4558609924,2016-04-27,2,1.0,1.0
4558609924,2016-04-27,3,1.0,1.0
4558609924,2016-04-27,4,1.0,1.0
4558609924,2016-04-27,5,1.0,1.0
4558609924,2016-04-27,6,1.0,1.0
4558609924,2016-04-27,7,1.0,1.0
4558609924,2016-04-27,8,1.0,1.0
4558609924,2016-04-27,9,1.52,3.6
4558609924,2016-04-27,10,2.12,4.0
4558609924,2016-04-27,11,1.53,3.6
4558609924,2016-04-27,12,2.04,3.8
4558609924,2016-04-27,13,1.58,3.0
4558609924,2016-04-27,14,1.45,2.6
4558609924,2016-04-27,15,2.11,5.0
4558609924,2016-04-27,16,1.79,3.4
4558609924,2016-04-27,17,1.74,3.6
4558609924,2016-04-27,18,4.13,6.4
4558609924,2016-04-27,19,2.36,6.0
4558609924,2016-04-27,20,1.97,4.2
4558609924,2016-04-27,21,1.63,3.2
4558609924,2016-04-27,22,1.31,3.4
4558609924,2016-04-27,23,1.0,1.1
4558609924,2016-04-28,0,1.0,1.0
4558609924,2016-04-28,1,1.0,1.0
4558609924,2016-04-28,2,1.0,1.0
4558609924,2016-04-28,3,1.0,1.0
4558609924,2016-04-28,4,1.0,1.0
4558609924,2016-04-28,5,1.0,1.0
4558609924,2016-04-28,6,1.72,4.2
4558609924,2016-04-28,7,2.3,3.6
4558609924,2016-04-28,8,2.26,4.2
4558609924,2016-04-28,9,2.2,4.6
4558609924,2016-04-28,10,1.93,5.2
4558609924,2016-04-28,11,1.65,5.0
4558609924,2016-04-28,12,1.56,5.0
4558609924,2016-04-28,13,2.06,5.8
4558609924,2016-04-28,14,2.11,4.0
4558609924,2016-04-28,15,2.59,4.0
4558609924,2016-04-28,16,2.82,5.0
4558609924,2016-04-28,17,2.23,6.8
4558609924,2016-04-28,18,1.3,3.2
4558609924,2016-04-28,19,1.37,3.4
4558609924,2016-04-28,20,1.34,3.8
4558609924,2016-04-28,21,1.35,4.1
4558609924,2016-04-28,22,1.21,2.8
4558609924,2016-04-28,23,1.03,2.2
4558609924,2016-04-29,0,1.0,1.1
4558609924,2016-04-29,1,1.0,1.1
4558609924,2016-04-29,2,1.0,1.0
4558609924,2016-04-29,3,1.0,1.0
4558609924,2016-04-29,4,1.0,1.0
4558609924,2016-04-29,5,1.0,1.0
4558609924,2016-04-29,6,1.0,1.0
4558609924,2016-04-29,7,1.0,1.0
4558609924,2016-04-29,8,1.0,1.0
4558609924,2016-04-29,9,1.11,3.4
4558609924,2016-04-29,10,1.69,3.4
4558609924,2016-04-29,11,1.47,3.4
4558609924,2016-04-29,12,1.66,3.6
4558609924,2016-04-29,13,1.94,4.4
4558609924,2016-04-29,14,1.25,2.8
4558609924,2016-04-29,15,2.95,7.4
4558609924,2016-04-29,16,3.33,6.6
4558609924,2016-04-29,17,1.29,2.8
4558609924,2016-04-29,18,1.25,3.8
4558609924,2016-04-29,19,1.51,4.0
4558609924,2016-04-29,20,1.51,5.2
4558609924,2016-04-29,21,1.85,3.4
4558609924,2016-04-29,22,1.19,3.0
4558609924,2016-04-29,23,1.3,5.3
4558609924,2016-04-30,0,1.02,1.1
4558609924,2016-04-30,1,1.14,3.4
4558609924,2016-04-30,2,1.0,1.0
4558609924,2016-04-30,3,1.0,1.0
4558609924,2016-04-30,4,1.0,1.0
4558609924,2016-04-30,5,1.0,1.0
4558609924,2016-04-30,6,1.47,3.8
4558609924,2016-04-30,7,1.31,5.2
4558609924,2016-04-30,8,1.24,3.4
4558609924,2016-04-30,9,1.72,3.4
4558609924,2016-04-30,10,1.82,3.2
4558609924,2016-04-30,11,1.34,2.8
4558609924,2016-04-30,12,1.64,3.4
4558609924,2016-04-30,13,1.61,3.6
4558609924,2016-04-30,14,3.05,5.8
4558609924,2016-04-30,15,1.72,4.0
4558609924,2016-04-30,16,1.33,3.0
4558609924,2016-04-30,17,2.08,5.4
4558609924,2016-04-30,18,4.17,6.8
4558609924,2016-04-30,19,2.06,5.8
4558609924,2016-04-30,20,1.1,2.6
4558609924,2016-04-30,21,1.48,4.1
4558609924,2016-04-30,22,1.28,3.6
4558609924,2016-04-30,23,1.07,3.2
4558609924,2016-05-01,0,1.0,1.0
4558609924,2016-05-01,1,1.0,1.0
4558609924,2016-05-01,2,1.0,1.0
4558609924,2016-05-01,3,1.0,1.0
4558609924,2016-05-01,4,1.0,1.0
4558609924,2016-05-01,5,1.0,1.0
4558609924,2016-05-01,6,1.0,1.0
4558609924,2016-05-01,7,1.0,1.0
4558609924,2016-05-01,8,1.0,1.0
4558609924,2016-05-01,9,1.75,3.4
4558609924,2016-05-01,10,1.81,4.8
4558609924,2016-05-01,11,1.25,3.2
4558609924,2016-05-01,12,1.66,3.2
4558609924,2016-05-01,13,1.56,3.4
4558609924,2016-05-01,14,1.68,3.6
4558609924,2016-05-01,15,1.53,5.6
4558609924,2016-05-01,16,1.08,2.6
4558609924,2016-05-01,17,1.57,3.8
4558609924,2016-05-01,18,1.46,5.0
4558609924,2016-05-01,19,1.66,3.0
4558609924,2016-05-01,20,1.15,2.8
4558609924,2016-05-01,21,1.11,4.8
4558609924,2016-05-01,22,1.0,1.1
4558609924,2016-05-01,23,1.0,1.0
4558609924,2016-05-02,0,1.0,1.0
4558609924,2016-05-02,1,1.0,1.0
4558609924,2016-05-02,2,1.0,1.1
4558609924,2016-05-02,3,1.0,1.0
4558609924,2016-05-02,4,1.0,1.0
4558609924,2016-05-02,5,1.0,1.0
4558609924,2016-05-02,6,1.0,1.0
4558609924,2016-05-02,7,1.0,1.0
4558609924,2016-05-02,8,2.07,3.8
4558609924,2016-05-02,9,1.68,4.6
4558609924,2016-05-02,10,2.38,4.4
4558609924,2016-05-02,11,2.39,5.6
4558609924,2016-05-02,12,1.61,3.4
4558609924,2016-05-02,13,1.43,3.0
4558609924,2016-05-02,14,1.85,3.2
4558609924,2016-05-02,15,1.74,3.6
4558609924,2016-05-02,16,1.82,3.8
4558609924,2016-05-02,17,1.64,3.6
4558609924,2016-05-02,18,1.96,3.6
4558609924,2016-05-02,19,1.83,4.6
4558609924,2016-05-02,20,2.1,3.8
4558609924,2016-05-02,21,2.24,3.8
4558609924,2016-05-02,22,1.29,3.4
4558609924,2016-05-02,23,1.14,2.6
4558609924,2016-05-03,0,1.05,3.2
4558609924,2016-05-03,1,1.12,2.8
4558609924,2016-05-03,2,1.02,2.4
4558609924,2016-05-03,3,1.0,1.0
4558609924,2016-05-03,4,1.0,1.0
4558609924,2016-05-03,5,1.0,1.0
4558609924,2016-05-03,6,1.0,1.0
4558609924,2016-05-03,7,1.0,1.0
4558609924,2016-05-03,8,1.0,1.0
4558609924,2016-05-03,9,1.46,3.6
4558609924,2016-05-03,10,1.64,3.4
4558609924,2016-05-03,11,1.85,3.6
4558609924,2016-05-03,12,1.79,3.4
4558609924,2016-05-03,13,1.47,3.0
4558609924,2016-05-03,14,1.6,3.2
4558609924,2016-05-03,15,1.23,3.0
4558609924,2016-05-03,16,2.04,4.4
4558609924,2016-05-03,17,1.74,3.8
4558609924,2016-05-03,18,4.7,8.8
4558609924,2016-05-03,19,1.16,2.6
4558609924,2016-05-03,20,1.12,2.6
4558609924,2016-05-03,21,1.66,3.8
4558609924,2016-05-03,22,1.42,3.2
4558609924,2016-05-03,23,1.08,3.0
4558609924,2016-05-04,0,1.0,1.0
4558609924,2016-05-04,1,1.0,1.0
4558609924,2016-05-04,2,1.0,1.0
4558609924,2016-05-04,3,1.0,1.0
4558609924,2016-05-04,4,1.0,1.0
4558609924,2016-05-04,5,1.0,1.1
4558609924,2016-05-04,6,1.0,1.0
4558609924,2016-05-04,7,1.0,1.0
4558609924,2016-05-04,8,1.0,1.0
4558609924,2016-05-04,9,1.0,1.0
4558609924,2016-05-04,10,1.59,3.2
4558609924,2016-05-04,11,1.62,3.4
4558609924,2016-05-04,12,1.5,3.2
4558609924,2016-05-04,13,1.14,2.8
4558609924,2016-05-04,14,1.25,3.8
4558609924,2016-05-04,15,2.01,6.0
4558609924,2016-05-04,16,1.48,4.2
4558609924,2016-05-04,17,2.55,4.8
4558609924,2016-05-04,18,1.65,4.2
4558609924,2016-05-04,19,1.8,6.6
4558609924,2016-05-04,20,1.67,4.6
4558609924,2016-05-04,21,1.89,3.8
4558609924,2016-05-04,22,1.44,3.0
4558609924,2016-05-04,23,1.56,3.4
4558609924,2016-05-05,0,1.0,1.0
4558609924,2016-05-05,1,1.0,1.0
4558609924,2016-05-05,2,1.0,1.0
4558609924,2016-05-05,3,1.0,1.0
4558609924,2016-05-05,4,1.0,1.0
4558609924,2016-05-05,5,1.0,1.0
4558609924,2016-05-05,6,1.0,1.0
4558609924,2016-05-05,7,1.49,4.0
4558609924,2016-05-05,8,1.88,4.2
4558609924,2016-05-05,9,3.13,5.0
4558609924,2016-05-05,10,1.49,3.8
4558609924,2016-05-05,11,3.58,6.2
4558609924,2016-05-05,12,2.59,5.6
4558609924,2016-05-05,13,1.55,4.0
4558609924,2016-05-05,14,1.38,4.6
4558609924,2016-05-05,15,1.87,4.2
4558609924,2016-05-05,16,2.55,5.4
4558609924,2016-05-05,17,2.29,3.8
4558609924,2016-05-05,18,1.98,3.6
4558609924,2016-05-05,19,1.96,3.2
4558609924,2016-05-05,20,2.05,6.0
4558609924,2016-05-05,21,1.58,3.2
4558609924,2016-05-05,22,1.26,3.8
4558609924,2016-05-05,23,1.06,2.6
4558609924,2016-05-06,0,1.03,2.4
4558609924,2016-05-06,1,1.0,1.0
4558609924,2016-05-06,2,1.0,1.0
4558609924,2016-05-06,3,1.0,1.0
4558609924,2016-05-06,4,1.0,1.0
4558609924,2016-05-06,5,1.0,1.0
4558609924,2016-05-06,6,1.0,1.0
4558609924,2016-05-06,7,1.0,1.0
4558609924,2016-05-06,8,1.0,1.0
4558609924,2016-05-06,9,1.72,3.6
4558609924,2016-05-06,10,2.01,5.0
4558609924,2016-05-06,11,1.74,3.8
4558609924,2016-05-06,12,2.0,3.6
4558609924,2016-05-06,13,1.6,4.0
4558609924,2016-05-06,14,1.4,4.0
4558609924,2016-05-06,15,1.42,3.8
4558609924,2016-05-06,16,1.64,3.6
4558609924,2016-05-06,17,1.13,3.4
4558609924,2016-05-06,18,1.13,2.8
4558609924,2016-05-06,19,1.1,2.6
4558609924,2016-05-06,20,1.18,2.6
4558609924,2016-05-06,21,1.77,4.4
4558609924,2016-05-06,22,1.11,2.8
4558609924,2016-05-06,23,1.03,2.6
4558609924,2016-05-07,0,1.0,1.0
4558609924,2016-05-07,1,1.0,1.0
4558609924,2016-05-07,2,1.0,1.1
4558609924,2016-05-07,3,1.0,1.0
4558609924,2016-05-07,4,1.0,1.0
4558609924,2016-05-07,5,1.0,1.0
4558609924,2016-05-07,6,1.0,1.0
4558609924,2016-05-07,7,1.0,1.0
4558609924,2016-05-07,8,1.07,3.4
4558609924,2016-05-07,9,1.51,4.0
4558609924,2016-05-07,10,1.52,4.8
4558609924,2016-05-07,11,1.85,3.8
4558609924,2016-05-07,12,1.22,2.8
4558609924,2016-05-07,13,1.18,3.2
4558609924,2016-05-07,14,1.68,3.6
4558609924,2016-05-07,15,2.22,3.6
4558609924,2016-05-07,16,4.76,6.8
4558609924,2016-05-07,17,1.33,3.8
4558609924,2016-05-07,18,1.44,4.6
4558609924,2016-05-07,19,1.77,3.6
4558609924,2016-05-07,20,1.84,5.0
4558609924,2016-05-07,21,1.34,3.6
4558609924,2016-05-07,22,1.75,3.8
4558609924,2016-05-07,23,1.03,2.4
4558609924,2016-05-08,0,1.0,1.1
4558609924,2016-05-08,1,1.01,1.2
4558609924,2016-05-08,2,1.0,1.1
4558609924,2016-05-08,3,1.01,1.5
4558609924,2016-05-08,4,1.0,1.0
4558609924,2016-05-08,5,1.0,1.0
4558609924,2016-05-08,6,1.0,1.0
4558609924,2016-05-08,7,1.0,1.0
4558609924,2016-05-08,8,1.0,1.0
4558609924,2016-05-08,9,1.0,1.0
4558609924,2016-05-08,10,1.0,1.0
4558609924,2016-05-08,11,1.0,1.1
4558609924,2016-05-08,12,1.0,1.1
4558609924,2016-05-08,13,6.95,14.4
4558609924,2016-05-08,14,4.64,10.2
4558609924,2016-05-08,15,3.22,7.2
4558609924,2016-05-08,16,3.64,8.0
4558609924,2016-05-08,17,2.9,7.8
4558609924,2016-05-08,18,2.28,5.2
4558609924,2016-05-08,19,2.35,4.4
4558609924,2016-05-08,20,5.35,9.2
4558609924,2016-05-08,21,1.66,6.0
4558609924,2016-05-08,22,1.0,1.0
4558609924,2016-05-08,23,1.0,1.0
4558609924,2016-05-09,0,1.0,1.0
4558609924,2016-05-09,1,1.0,1.0
4558609924,2016-05-09,2,1.0,1.0
4558609924,2016-05-09,3,1.0,1.0
4558609924,2016-05-09,4,1.0,1.0
4558609924,2016-05-09,5,1.0,1.0
4558609924,2016-05-09,6,1.0,1.0
4558609924,2016-05-09,7,1.44,3.6
4558609924,2016-05-09,8,1.82,3.6
4558609924,2016-05-09,9,2.45,4.2
4558609924,2016-05-09,10,1.78,4.4
4558609924,2016-05-09,11,2.79,6.0
4558609924,2016-05-09,12,1.45,4.6
4558609924,2016-05-09,13,4.13,6.4
4558609924,2016-05-09,14,2.35,5.6
4558609924,2016-05-09,15,1.8,4.4
4558609924,2016-05-09,16,1.91,4.0
4558609924,2016-05-09,17,1.34,3.2
4558609924,2016-05-09,18,1.27,3.2
4558609924,2016-05-09,19,1.78,4.2
4558609924,2016-05-09,20,1.73,4.8
4558609924,2016-05-09,21,2.28,4.0
4558609924,2016-05-09,22,1.64,3.4
4558609924,2016-05-09,23,1.09,2.6
4558609924,2016-05-10,0,1.16,2.6
4558609924,2016-05-10,1,1.3,6.2
4558609924,2016-05-10,2,1.0,1.0
4558609924,2016-05-10,3,1.0,1.0
4558609924,2016-05-10,4,1.0,1.0
4558609924,2016-05-10,5,1.0,1.0
4558609924,2016-05-10,6,1.0,1.0
4558609924,2016-05-10,7,1.0,1.0
4558609924,2016-05-10,8,1.0,1.1
4558609924,2016-05-10,9,1.0,1.0
4558609924,2016-05-10,10,1.01,1.3
4558609924,2016-05-10,11,1.29,3.2
4558609924,2016-05-10,12,1.57,3.0
4558609924,2016-05-10,13,1.34,3.0
4558609924,2016-05-10,14,1.62,3.2
4558609924,2016-05-10,15,1.13,3.0
4558609924,2016-05-10,16,1.66,4.3
4558609924,2016-05-10,17,1.78,5.0
4558609924,2016-05-10,18,1.87,3.2
4558609924,2016-05-10,19,4.14,8.6
4558609924,2016-05-10,20,1.18,3.2
4558609924,2016-05-10,21,1.66,3.4
4558609924,2016-05-10,22,2.1,4.0
4558609924,2016-05-10,23,1.2,3.0
4558609924,2016-05-11,0,1.2,3.0
4558609924,2016-05-11,1,1.45,6.5
4558609924,2016-05-11,2,1.0,1.0
4558609924,2016-05-11,3,1.0,1.0
4558609924,2016-05-11,4,1.0,1.0
4558609924,2016-05-11,5,1.0,1.0
4558609924,2016-05-11,6,1.0,1.0
4558609924,2016-05-11,7,1.0,1.0
4558609924,2016-05-11,8,1.01,1.3
4558609924,2016-05-11,9,1.69,3.6
4558609924,2016-05-11,10,1.82,3.4
4558609924,2016-05-11,11,1.5,4.8
4558609924,2016-05-11,12,1.32,4.0
4558609924,2016-05-11,13,1.57,3.6
4558609924,2016-05-11,14,4.27,7.4
4558609924,2016-05-11,15,2.12,5.0
4558609924,2016-05-11,16,1.95,3.8
4558609924,2016-05-11,17,1.46,3.6
4558609924,2016-05-11,18,2.04,4.0
4558609924,2016-05-11,19,2.08,4.4
4558609924,2016-05-11,20,1.5,3.4
4558609924,2016-05-11,21,2.19,3.6
4558609924,2016-05-11,22,1.55,3.4
4558609924,2016-05-11,23,1.63,3.4
4558609924,2016-05-12,0,1.0,1.0
4558609924,2016-05-12,1,1.0,1.1
4558609924,2016-05-12,2,1.0,1.0
4558609924,2016-05-12,3,1.0,1.0
4558609924,2016-05-12,4,1.0,1.0
4558609924,2016-05-12,5,1.0,1.0
4558609924,2016-05-12,6,1.0,1.0
4558609924,2016-05-12,7,1.14,4.0
4558609924,2016-05-12,8,1.56,3.2
4558609924,2016-05-12,9,2.41,4.6
4558609924,2016-05-12,10,2.19,5.0
4558609924,2016-05-12,11,1.84,4.8
4558609924,2016-05-12,12,1.98,5.2
4558609924,2016-05-12,13,2.61,5.6
4558609924,2016-05-12,14,2.53,5.2
4558609924,2016-05-12,15,1.99,4.0
4702921684,2016-04-12,0,1.0,1.2
4702921684,2016-04-12,1,1.01,1.2
4702921684,2016-04-12,2,1.01,1.2
4702921684,2016-04-12,3,1.04,2.4
4702921684,2016-04-12,4,1.0,1.2
4702921684,2016-04-12,5,1.01,1.2
4702921684,2016-04-12,6,1.77,5.4
4702921684,2016-04-12,7,1.37,4.0
4702921684,2016-04-12,8,1.87,5.0
4702921684,2016-04-12,9,2.43,6.8
4702921684,2016-04-12,10,1.74,3.8
4702921684,2016-04-12,11,1.31,4.2
4702921684,2016-04-12,12,1.93,7.2
4702921684,2016-04-12,13,1.11,2.8
4702921684,2016-04-12,14,1.34,4.0
4702921684,2016-04-12,15,1.07,2.4
4702921684,2016-04-12,16,1.32,3.6
4702921684,2016-04-12,17,2.12,7.0
4702921684,2016-04-12,18,2.04,6.4
4702921684,2016-04-12,19,1.11,2.8
4702921684,2016-04-12,20,1.96,3.8
4702921684,2016-04-12,21,2.11,4.0
4702921684,2016-04-12,22,1.41,3.6
4702921684,2016-04-12,23,1.0,1.0
4702921684,2016-04-13,0,1.01,1.2
4702921684,2016-04-13,1,1.01,1.2
4702921684,2016-04-13,2,1.29,3.6
4702921684,2016-04-13,3,1.02,1.2
4702921684,2016-04-13,4,1.01,1.2
4702921684,2016-04-13,5,1.02,1.2
4702921684,2016-04-13,6,1.57,6.2
4702921684,2016-04-13,7,1.41,6.6
4702921684,2016-04-13,8,1.36,3.8
4702921684,2016-04-13,9,1.21,3.6
4702921684,2016-04-13,10,1.24,3.4
4702921684,2016-04-13,11,1.24,3.4
4702921684,2016-04-13,12,1.43,3.6
4702921684,2016-04-13,13,1.16,3.8
4702921684,2016-04-13,14,1.33,3.6
4702921684,2016-04-13,15,1.12,3.2
4702921684,2016-04-13,16,1.13,2.8
4702921684,2016-04-13,17,2.11,5.2
4702921684,2016-04-13,18,1.8,5.6
4702921684,2016-04-13,19,2.19,4.4
4702921684,2016-04-13,20,1.63,4.2
4702921684,2016-04-13,21,2.8,6.0
4702921684,2016-04-13,22,2.33,6.2
4702921684,2016-04-13,23,1.05,2.4
4702921684,2016-04-14,0,1.01,1.2
4702921684,2016-04-14,1,1.01,1.2
4702921684,2016-04-14,2,1.01,1.2
4702921684,2016-04-14,3,1.02,1.2
4702921684,2016-04-14,4,1.01,1.2
4702921684,2016-04-14,5,1.03,2.4
4702921684,2016-04-14,6,1.94,6.6
4702921684,2016-04-14,7,1.38,6.4
4702921684,2016-04-14,8,1.03,1.2
4702921684,2016-04-14,9,2.4,7.2
4702921684,2016-04-14,10,1.36,3.6
4702921684,2016-04-14,11,1.2,4.2
4702921684,2016-04-14,12,1.36,3.8
4702921684,2016-04-14,13,2.04,6.8
4702921684,2016-04-14,14,1.76,5.0
4702921684,2016-04-14,15,1.43,3.4
4702921684,2016-04-14,16,1.45,4.0
4702921684,2016-04-14,17,1.8,4.4
4702921684,2016-04-14,18,2.28,6.2
4702921684,2016-04-14,19,1.89,4.2
4702921684,2016-04-14,20,1.43,3.0
4702921684,2016-04-14,21,1.84,3.6
4702921684,2016-04-14,22,1.82,6.8
4702921684,2016-04-14,23,1.02,1.2
4702921684,2016-04-15,0,1.0,1.2
4702921684,2016-04-15,1,1.0,1.2
4702921684,2016-04-15,2,1.0,1.0
4702921684,2016-04-15,3,1.0,1.0
4702921684,2016-04-15,4,1.0,1.0
4702921684,2016-04-15,5,1.0,1.0
4702921684,2016-04-15,6,1.0,1.0
4702921684,2016-04-15,7,1.81,6.8
4702921684,2016-04-15,8,1.57,5.6
4702921684,2016-04-15,9,1.0,1.2
4702921684,2016-04-15,10,1.16,4.2
4702921684,2016-04-15,11,1.14,3.4
4702921684,2016-04-15,12,1.57,5.2
4702921684,2016-04-15,13,1.21,3.4
4702921684,2016-04-15,14,1.35,3.2
4702921684,2016-04-15,15,1.22,3.4
4702921684,2016-04-15,16,2.11,6.0
4702921684,2016-04-15,17,1.79,3.6
4702921684,2016-04-15,18,2.14,4.2
4702921684,2016-04-15,19,1.77,6.8
4702921684,2016-04-15,20,2.16,4.0
4702921684,2016-04-15,21,2.44,3.6
4702921684,2016-04-15,22,1.83,4.8
4702921684,2016-04-15,23,1.17,3.6
4702921684,2016-04-16,0,1.01,1.2
4702921684,2016-04-16,1,1.0,1.0
4702921684,2016-04-16,2,1.01,1.2
4702921684,2016-04-16,3,1.01,1.2
4702921684,2016-04-16,4,1.11,2.8
4702921684,2016-04-16,5,1.09,3.0
4702921684,2016-04-16,6,1.01,1.2
4702921684,2016-04-16,7,1.63,3.6
4702921684,2016-04-16,8,1.57,4.2
4702921684,2016-04-16,9,1.44,3.2
4702921684,2016-04-16,10,2.7,6.0
4702921684,2016-04-16,11,2.78,6.2
4702921684,2016-04-16,12,1.87,6.8
4702921684,2016-04-16,13,2.79,7.6
4702921684,2016-04-16,14,2.04,5.2
4702921684,2016-04-16,15,1.6,3.4
4702921684,2016-04-16,16,2.12,5.0
4702921684,2016-04-16,17,1.85,4.0
4702921684,2016-04-16,18,1.49,3.4
4702921684,2016-04-16,19,2.19,6.0
4702921684,2016-04-16,20,1.93,4.4
4702921684,2016-04-16,21,2.29,5.4
4702921684,2016-04-16,22,1.0,1.0
4702921684,2016-04-16,23,1.0,1.2
4702921684,2016-04-17,0,1.01,1.2
4702921684,2016-04-17,1,1.02,1.2
4702921684,2016-04-17,2,1.0,1.2
4702921684,2016-04-17,3,1.0,1.2
4702921684,2016-04-17,4,1.0,1.2
4702921684,2016-04-17,5,1.01,1.2
4702921684,2016-04-17,6,1.01,1.2
4702921684,2016-04-17,7,1.03,2.6
4702921684,2016-04-17,8,1.74,5.2
4702921684,2016-04-17,9,2.36,5.4
4702921684,2016-04-17,10,2.13,4.4
4702921684,2016-04-17,11,1.69,4.0
4702921684,2016-04-17,12,2.97,4.8
4702921684,2016-04-17,13,2.28,6.8
4702921684,2016-04-17,14,4.75,7.2
4702921684,2016-04-17,15,3.11,5.2
4702921684,2016-04-17,16,1.07,1.2
4702921684,2016-04-17,17,1.74,3.6
4702921684,2016-04-17,18,1.59,3.6
4702921684,2016-04-17,19,1.92,3.6
4702921684,2016-04-17,20,1.52,4.0
4702921684,2016-04-17,21,1.43,3.6
4702921684,2016-04-17,22,1.0,1.0
4702921684,2016-04-17,23,1.01,1.2
4702921684,2016-04-18,0,1.01,1.2
4702921684,2016-04-18,1,1.03,1.2
4702921684,2016-04-18,2,1.0,1.2
4702921684,2016-04-18,3,1.0,1.0
4702921684,2016-04-18,4,1.0,1.0
4702921684,2016-04-18,5,1.0,1.0
4702921684,2016-04-18,6,1.09,4.4
4702921684,2016-04-18,7,2.06,7.2
4702921684,2016-04-18,8,1.13,5.6
4702921684,2016-04-18,9,2.29,7.0
4702921684,2016-04-18,10,1.2,3.4
4702921684,2016-04-18,11,1.04,1.2
4702921684,2016-04-18,12,1.98,7.4
4702921684,2016-04-18,13,1.5,4.0
4702921684,2016-04-18,14,1.51,4.0
4702921684,2016-04-18,15,1.35,3.0
4702921684,2016-04-18,16,1.49,3.4
4702921684,2016-04-18,17,1.56,6.0
4702921684,2016-04-18,18,3.21,7.2
4702921684,2016-04-18,19,2.55,6.6
4702921684,2016-04-18,20,2.13,6.2
4702921684,2016-04-18,21,1.71,3.8
4702921684,2016-04-18,22,1.03,1.2
4702921684,2016-04-18,23,1.01,1.2
4702921684,2016-04-19,0,1.01,1.2
4702921684,2016-04-19,1,1.03,1.2
4702921684,2016-04-19,2,1.01,1.2
4702921684,2016-04-19,3,1.01,1.2
4702921684,2016-04-19,4,1.0,1.2
4702921684,2016-04-19,5,1.04,2.6
4702921684,2016-04-19,6,1.93,6.6
4702921684,2016-04-19,7,1.36,5.2
4702921684,2016-04-19,8,1.43,4.2
4702921684,2016-04-19,9,2.22,6.8
4702921684,2016-04-19,10,1.04,1.2
4702921684,2016-04-19,11,1.18,3.4
4702921684,2016-04-19,12,2.06,7.8
4702921684,2016-04-19,13,1.25,2.8
4702921684,2016-04-19,14,1.32,5.6
4702921684,2016-04-19,15,1.19,2.6
4702921684,2016-04-19,16,1.57,5.0
4702921684,2016-04-19,17,1.95,6.8
4702921684,2016-04-19,18,1.87,4.4
4702921684,2016-04-19,19,1.63,3.6
4702921684,2016-04-19,20,1.51,5.6
4702921684,2016-04-19,21,1.86,5.2
4702921684,2016-04-19,22,1.0,1.0
4702921684,2016-04-19,23,1.0,1.0
4702921684,2016-04-20,0,1.0,1.0
4702921684,2016-04-20,1,1.04,2.6
4702921684,2016-04-20,2,1.0,1.0
4702921684,2016-04-20,3,1.02,1.2
4702921684,2016-04-20,4,1.01,1.2
4702921684,2016-04-20,5,1.04,2.8
4702921684,2016-04-20,6,2.22,5.0
4702921684,2016-04-20,7,1.76,4.2
4702921684,2016-04-20,8,1.04,2.4
4702921684,2016-04-20,9,1.7,7.0
4702921684,2016-04-20,10,1.2,2.6
4702921684,2016-04-20,11,2.07,7.2
4702921684,2016-04-20,12,1.32,3.2
4702921684,2016-04-20,13,1.25,3.8
4702921684,2016-04-20,14,1.23,4.0
4702921684,2016-04-20,15,1.39,3.2
4702921684,2016-04-20,16,1.34,3.6
4702921684,2016-04-20,17,2.12,6.8
4702921684,2016-04-20,18,1.97,5.2
4702921684,2016-04-20,19,2.11,5.0
4702921684,2016-04-20,20,2.54,4.2
4702921684,2016-04-20,21,2.39,5.4
4702921684,2016-04-20,22,1.67,5.2
4702921684,2016-04-20,23,1.0,1.2
4702921684,2016-04-21,0,1.0,1.0
4702921684,2016-04-21,1,1.01,1.2
4702921684,2016-04-21,2,1.0,1.0
4702921684,2016-04-21,3,1.0,1.0
4702921684,2016-04-21,4,1.03,2.6
4702921684,2016-04-21,5,1.08,2.8
4702921684,2016-04-21,6,2.53,6.4
4702921684,2016-04-21,7,1.88,6.8
4702921684,2016-04-21,8,1.13,3.6
4702921684,2016-04-21,9,1.0,1.0
4702921684,2016-04-21,10,1.01,1.2
4702921684,2016-04-21,11,1.01,1.2
4702921684,2016-04-21,12,1.39,4.0
4702921684,2016-04-21,13,1.2,4.0
4702921684,2016-04-21,14,1.32,3.6
4702921684,2016-04-21,15,1.27,3.6
4702921684,2016-04-21,16,1.37,3.6
4702921684,2016-04-21,17,2.48,6.8
4702921684,2016-04-21,18,1.89,4.8
4702921684,2016-04-21,19,2.15,6.8
4702921684,2016-04-21,20,1.73,4.2
4702921684,2016-04-21,21,1.0,1.0
4702921684,2016-04-21,22,1.0,1.0
4702921684,2016-04-21,23,1.0,1.0
4702921684,2016-04-22,0,1.0,1.0
4702921684,2016-04-22,1,1.0,1.0
4702921684,2016-04-22,2,1.0,1.0
4702921684,2016-04-22,3,1.0,1.0
4702921684,2016-04-22,4,1.0,1.0
4702921684,2016-04-22,5,1.0,1.0
4702921684,2016-04-22,6,1.0,1.0
4702921684,2016-04-22,7,1.0,1.0
4702921684,2016-04-22,8,1.0,1.0
4702921684,2016-04-22,9,1.0,1.0
4702921684,2016-04-22,10,1.0,1.0
4702921684,2016-04-22,11,1.0,1.0
4702921684,2016-04-22,12,1.0,1.0
4702921684,2016-04-22,13,1.0,1.0
4702921684,2016-04-22,14,1.0,1.0
4702921684,2016-04-22,15,1.0,1.0
4702921684,2016-04-22,16,1.0,1.0
4702921684,2016-04-22,17,1.0,1.0
4702921684,2016-04-22,18,1.0,1.0
4702921684,2016-04-22,19,1.0,1.0
4702921684,2016-04-22,20,1.76,3.4
4702921684,2016-04-22,21,2.28,5.6
4702921684,2016-04-22,22,1.59,5.6
4702921684,2016-04-22,23,1.04,1.2
4702921684,2016-04-23,0,1.0,1.2
4702921684,2016-04-23,1,1.01,1.2
4702921684,2016-04-23,2,1.01,1.2
4702921684,2016-04-23,3,1.01,1.2
4702921684,2016-04-23,4,1.01,1.2
4702921684,2016-04-23,5,1.02,1.2
4702921684,2016-04-23,6,1.0,1.2
4702921684,2016-04-23,7,1.31,3.2
4702921684,2016-04-23,8,1.42,4.4
4702921684,2016-04-23,9,2.78,5.6
4702921684,2016-04-23,10,2.19,6.0
4702921684,2016-04-23,11,3.3,6.0
4702921684,2016-04-23,12,2.86,6.0
4702921684,2016-04-23,13,2.44,7.2
4702921684,2016-04-23,14,2.41,4.0
4702921684,2016-04-23,15,2.71,7.6
4702921684,2016-04-23,16,2.34,5.4
4702921684,2016-04-23,17,2.12,5.4
4702921684,2016-04-23,18,1.63,4.2
4702921684,2016-04-23,19,2.07,3.8
4702921684,2016-04-23,20,1.98,4.2
4702921684,2016-04-23,21,2.66,5.6
4702921684,2016-04-23,22,1.64,3.6
4702921684,2016-04-23,23,1.0,1.2
4702921684,2016-04-24,0,1.01,1.2
4702921684,2016-04-24,1,1.0,1.0
4702921684,2016-04-24,2,1.01,1.2
4702921684,2016-04-24,3,1.03,2.4
4702921684,2016-04-24,4,1.01,1.2
4702921684,2016-04-24,5,1.0,1.2
4702921684,2016-04-24,6,1.07,2.8
4702921684,2016-04-24,7,1.31,6.6
4702921684,2016-04-24,8,1.54,3.4
4702921684,2016-04-24,9,1.88,5.2
4702921684,2016-04-24,10,2.19,4.2
4702921684,2016-04-24,11,1.67,5.8
4702921684,2016-04-24,12,3.98,6.6
4702921684,2016-04-24,13,4.68,6.0
4702921684,2016-04-24,14,2.38,6.6
4702921684,2016-04-24,15,1.32,3.2
4702921684,2016-04-24,16,1.09,2.6
4702921684,2016-04-24,17,1.94,4.4
4702921684,2016-04-24,18,2.82,7.4
4702921684,2016-04-24,19,2.46,6.2
4702921684,2016-04-24,20,2.01,3.4
4702921684,2016-04-24,21,1.38,3.2
4702921684,2016-04-24,22,1.29,3.6
4702921684,2016-04-24,23,1.01,1.2
4702921684,2016-04-25,0,1.0,1.2
4702921684,2016-04-25,1,1.01,1.2
4702921684,2016-04-25,2,1.01,1.2
4702921684,2016-04-25,3,1.01,1.2
4702921684,2016-04-25,4,1.0,1.2
4702921684,2016-04-25,5,1.23,3.6
4702921684,2016-04-25,6,1.94,6.6
4702921684,2016-04-25,7,1.35,6.0
4702921684,2016-04-25,8,1.21,4.8
4702921684,2016-04-25,9,1.08,2.6
4702921684,2016-04-25,10,1.29,3.8
4702921684,2016-04-25,11,1.31,3.6
4702921684,2016-04-25,12,1.35,3.6
4702921684,2016-04-25,13,1.46,4.0
4702921684,2016-04-25,14,1.51,3.8
4702921684,2016-04-25,15,1.32,4.2
4702921684,2016-04-25,16,1.4,3.2
4702921684,2016-04-25,17,2.23,7.2
4702921684,2016-04-25,18,1.8,5.0
4702921684,2016-04-25,19,3.11,7.0
4702921684,2016-04-25,20,2.14,3.8
4702921684,2016-04-25,21,2.78,5.4
4702921684,2016-04-25,22,1.85,4.2
4702921684,2016-04-25,23,1.0,1.0
4702921684,2016-04-26,0,1.0,1.2
4702921684,2016-04-26,1,1.0,1.2
4702921684,2016-04-26,2,1.01,1.2
4702921684,2016-04-26,3,1.0,1.2
4702921684,2016-04-26,4,1.01,1.2
4702921684,2016-04-26,5,1.1,3.8
4702921684,2016-04-26,6,2.19,6.0
4702921684,2016-04-26,7,1.46,6.0
4702921684,2016-04-26,8,1.0,1.0
4702921684,2016-04-26,9,1.0,1.2
4702921684,2016-04-26,10,1.02,1.2
4702921684,2016-04-26,11,1.26,3.8
4702921684,2016-04-26,12,1.42,4.2
4702921684,2016-04-26,13,1.18,3.6
4702921684,2016-04-26,14,1.34,4.0
4702921684,2016-04-26,15,1.25,3.8
4702921684,2016-04-26,16,1.13,2.8
4702921684,2016-04-26,17,2.09,7.6
4702921684,2016-04-26,18,2.2,6.0
4702921684,2016-04-26,19,2.14,4.2
4702921684,2016-04-26,20,1.89,4.0
4702921684,2016-04-26,21,2.04,4.4
4702921684,2016-04-26,22,1.39,3.6
4702921684,2016-04-26,23,1.0,1.0
4702921684,2016-04-27,0,1.02,1.2
4702921684,2016-04-27,1,1.01,1.2
4702921684,2016-04-27,2,1.01,1.2
4702921684,2016-04-27,3,1.01,1.2
4702921684,2016-04-27,4,1.0,1.0
4702921684,2016-04-27,5,1.08,3.0
4702921684,2016-04-27,6,2.39,6.8
4702921684,2016-04-27,7,1.74,4.4
4702921684,2016-04-27,8,1.15,3.2
4702921684,2016-04-27,9,1.25,2.6
4702921684,2016-04-27,10,1.24,3.8
4702921684,2016-04-27,11,1.25,3.6
4702921684,2016-04-27,12,1.36,3.8
4702921684,2016-04-27,13,1.3,3.4
4702921684,2016-04-27,14,1.22,3.4
4702921684,2016-04-27,15,1.41,4.0
4702921684,2016-04-27,16,1.45,4.4
4702921684,2016-04-27,17,1.75,4.2
4702921684,2016-04-27,18,1.89,6.0
4702921684,2016-04-27,19,1.83,4.0
4702921684,2016-04-27,20,3.01,5.4
4702921684,2016-04-27,21,2.03,6.4
4702921684,2016-04-27,22,1.12,3.4
4702921684,2016-04-27,23,1.0,1.2
4702921684,2016-04-28,0,1.0,1.2
4702921684,2016-04-28,1,1.02,1.2
4702921684,2016-04-28,2,1.03,1.2
4702921684,2016-04-28,3,1.01,1.2
4702921684,2016-04-28,4,1.0,1.2
4702921684,2016-04-28,5,1.03,2.4
4702921684,2016-04-28,6,1.94,5.6
4702921684,2016-04-28,7,1.32,5.6
4702921684,2016-04-28,8,1.21,4.0
4702921684,2016-04-28,9,2.54,7.0
4702921684,2016-04-28,10,1.24,3.8
4702921684,2016-04-28,11,1.22,4.2
4702921684,2016-04-28,12,2.11,7.8
4702921684,2016-04-28,13,1.22,3.8
4702921684,2016-04-28,14,1.25,3.2
4702921684,2016-04-28,15,1.33,3.6
4702921684,2016-04-28,16,1.3,3.4
4702921684,2016-04-28,17,2.03,7.0
4702921684,2016-04-28,18,1.6,3.4
4702921684,2016-04-28,19,3.18,7.0
4702921684,2016-04-28,20,1.94,4.2
4702921684,2016-04-28,21,2.02,4.2
4702921684,2016-04-28,22,1.53,5.8
4702921684,2016-04-28,23,1.01,1.2
4702921684,2016-04-29,0,1.01,1.2
4702921684,2016-04-29,1,1.02,1.2
4702921684,2016-04-29,2,1.01,1.2
4702921684,2016-04-29,3,1.0,1.2
4702921684,2016-04-29,4,1.0,1.2
4702921684,2016-04-29,5,1.01,1.2
4702921684,2016-04-29,6,2.15,4.2
4702921684,2016-04-29,7,1.67,6.6
4702921684,2016-04-29,8,1.25,3.4
4702921684,2016-04-29,9,1.94,8.2
4702921684,2016-04-29,10,1.25,3.8
4702921684,2016-04-29,11,1.37,4.0
4702921684,2016-04-29,12,2.22,8.6
4702921684,2016-04-29,13,1.49,3.8
4702921684,2016-04-29,14,1.38,3.6
4702921684,2016-04-29,15,1.58,4.2
4702921684,2016-04-29,16,1.5,6.8
4702921684,2016-04-29,17,2.38,7.2
4702921684,2016-04-29,18,2.37,7.0
4702921684,2016-04-29,19,2.51,6.0
4702921684,2016-04-29,20,2.1,4.0
4702921684,2016-04-29,21,1.94,4.0
4702921684,2016-04-29,22,1.51,4.2
4702921684,2016-04-29,23,1.0,1.2
4702921684,2016-04-30,0,1.0,1.2
4702921684,2016-04-30,1,1.0,1.2
4702921684,2016-04-30,2,1.01,1.2
4702921684,2016-04-30,3,1.02,1.2
4702921684,2016-04-30,4,1.01,1.2
4702921684,2016-04-30,5,1.01,1.2
4702921684,2016-04-30,6,1.24,3.2
4702921684,2016-04-30,7,1.54,3.8
4702921684,2016-04-30,8,1.77,4.4
4702921684,2016-04-30,9,1.88,4.0
4702921684,2016-04-30,10,1.67,4.2
4702921684,2016-04-30,11,3.17,7.0
4702921684,2016-04-30,12,2.28,4.4
4702921684,2016-04-30,13,2.8,5.6
4702921684,2016-04-30,14,3.02,7.0
4702921684,2016-04-30,15,2.42,5.0
4702921684,2016-04-30,16,1.81,4.8
4702921684,2016-04-30,17,1.43,4.2
4702921684,2016-04-30,18,1.0,1.0
4702921684,2016-04-30,19,1.0,1.0
4702921684,2016-04-30,20,1.0,1.0
4702921684,2016-04-30,21,1.0,1.0
4702921684,2016-04-30,22,1.0,1.0
4702921684,2016-04-30,23,1.0,1.0
4702921684,2016-05-01,0,1.0,1.0
4702921684,2016-05-01,1,1.0,1.0
4702921684,2016-05-01,2,1.0,1.0
4702921684,2016-05-01,3,1.0,1.0
4702921684,2016-05-01,4,1.0,1.0
4702921684,2016-05-01,5,1.0,1.0
4702921684,2016-05-01,6,1.0,1.0
4702921684,2016-05-01,7,1.0,1.0
4702921684,2016-05-01,8,1.0,1.0
4702921684,2016-05-01,9,1.0,1.0
4702921684,2016-05-01,10,1.0,1.0
4702921684,2016-05-01,11,1.0,1.0
4702921684,2016-05-01,12,1.0,1.0
4702921684,2016-05-01,13,1.0,1.0
4702921684,2016-05-01,14,1.0,1.0
4702921684,2016-05-01,15,1.0,1.0
4702921684,2016-05-01,16,1.0,1.0
4702921684,2016-05-01,17,1.0,1.0
4702921684,2016-05-01,18,1.0,1.0
4702921684,2016-05-01,19,1.0,1.0
4702921684,2016-05-01,20,1.0,1.0
4702921684,2016-05-01,21,1.0,1.0
4702921684,2016-05-01,22,1.0,1.0
4702921684,2016-05-01,23,1.0,1.0
4702921684,2016-05-02,0,1.0,1.0
4702921684,2016-05-02,1,1.0,1.0
4702921684,2016-05-02,2,1.0,1.0
4702921684,2016-05-02,3,1.0,1.0
4702921684,2016-05-02,4,1.0,1.0
4702921684,2016-05-02,5,1.0,1.0
4702921684,2016-05-02,6,1.0,1.0
4702921684,2016-05-02,7,1.0,1.0
4702921684,2016-05-02,8,1.0,1.0
4702921684,2016-05-02,9,1.0,1.0
4702921684,2016-05-02,10,1.01,1.2
4702921684,2016-05-02,11,1.0,1.0
4702921684,2016-05-02,12,1.45,3.8
4702921684,2016-05-02,13,1.45,3.4
4702921684,2016-05-02,14,1.31,3.6
4702921684,2016-05-02,15,1.34,2.8
4702921684,2016-05-02,16,1.47,5.2
4702921684,2016-05-02,17,2.67,7.4
4702921684,2016-05-02,18,1.94,5.0
4702921684,2016-05-02,19,3.07,6.4
4702921684,2016-05-02,20,1.82,3.8
4702921684,2016-05-02,21,2.77,5.0
4702921684,2016-05-02,22,1.71,5.6
4702921684,2016-05-02,23,1.01,1.2
4702921684,2016-05-03,0,1.01,1.2
4702921684,2016-05-03,1,1.01,1.2
4702921684,2016-05-03,2,1.01,1.2
4702921684,2016-05-03,3,1.08,2.6
4702921684,2016-05-03,4,1.1,2.6
4702921684,2016-05-03,5,1.71,7.2
4702921684,2016-05-03,6,2.77,6.8
4702921684,2016-05-03,7,1.61,5.6
4702921684,2016-05-03,8,1.22,3.6
4702921684,2016-05-03,9,2.39,6.8
4702921684,2016-05-03,10,1.16,3.2
4702921684,2016-05-03,11,1.22,3.4
4702921684,2016-05-03,12,1.4,4.2
4702921684,2016-05-03,13,1.4,3.8
4702921684,2016-05-03,14,1.51,4.2
4702921684,2016-05-03,15,1.63,3.8
4702921684,2016-05-03,16,1.37,3.8
4702921684,2016-05-03,17,2.19,7.2
4702921684,2016-05-03,18,1.8,6.0
4702921684,2016-05-03,19,1.95,5.0
4702921684,2016-05-03,20,2.03,3.8
4702921684,2016-05-03,21,2.17,3.6
4702921684,2016-05-03,22,1.69,4.2
4702921684,2016-05-03,23,1.01,1.2
4702921684,2016-05-04,0,1.01,1.2
4702921684,2016-05-04,1,1.06,2.6
4702921684,2016-05-04,2,1.02,1.2
4702921684,2016-05-04,3,1.0,1.2
4702921684,2016-05-04,4,1.02,1.2
4702921684,2016-05-04,5,1.1,3.6
4702921684,2016-05-04,6,1.94,4.8
4702921684,2016-05-04,7,1.43,5.4
4702921684,2016-05-04,8,1.04,1.2
4702921684,2016-05-04,9,1.82,7.8
4702921684,2016-05-04,10,1.95,7.4
4702921684,2016-05-04,11,1.1,1.2
4702921684,2016-05-04,12,1.52,3.6
4702921684,2016-05-04,13,1.36,3.6
4702921684,2016-05-04,14,1.52,3.8
4702921684,2016-05-04,15,1.0,1.0
4702921684,2016-05-04,16,1.06,2.6
4702921684,2016-05-04,17,2.56,6.8
4702921684,2016-05-04,18,2.03,5.6
4702921684,2016-05-04,19,2.11,6.2
4702921684,2016-05-04,20,1.98,5.0
4702921684,2016-05-04,21,2.42,4.2
4702921684,2016-05-04,22,1.7,3.6
4702921684,2016-05-04,23,1.0,1.0
4702921684,2016-05-05,0,1.01,1.2
4702921684,2016-05-05,1,1.01,1.2
4702921684,2016-05-05,2,1.03,2.6
4702921684,2016-05-05,3,1.01,1.2
4702921684,2016-05-05,4,1.02,1.2
4702921684,2016-05-05,5,1.03,2.6
4702921684,2016-05-05,6,2.25,6.0
4702921684,2016-05-05,7,1.33,5.0
4702921684,2016-05-05,8,1.27,4.2
4702921684,2016-05-05,9,2.42,7.0
4702921684,2016-05-05,10,1.31,3.4
4702921684,2016-05-05,11,1.26,3.4
4702921684,2016-05-05,12,2.3,7.6
4702921684,2016-05-05,13,1.17,3.2
4702921684,2016-05-05,14,1.24,3.4
4702921684,2016-05-05,15,1.07,1.2
4702921684,2016-05-05,16,1.22,4.4
4702921684,2016-05-05,17,2.15,6.4
4702921684,2016-05-05,18,1.95,5.6
4702921684,2016-05-05,19,1.9,4.2
4702921684,2016-05-05,20,2.12,4.8
4702921684,2016-05-05,21,2.23,6.0
4702921684,2016-05-05,22,1.45,3.8
4702921684,2016-05-05,23,1.0,1.2
4702921684,2016-05-06,0,1.03,2.6
4702921684,2016-05-06,1,1.01,1.2
4702921684,2016-05-06,2,1.08,2.6
4702921684,2016-05-06,3,1.06,2.6
4702921684,2016-05-06,4,1.02,1.2
4702921684,2016-05-06,5,1.01,1.2
4702921684,2016-05-06,6,2.05,6.2
4702921684,2016-05-06,7,1.61,5.6
4702921684,2016-05-06,8,1.32,4.0
4702921684,2016-05-06,9,2.2,7.0
4702921684,2016-05-06,10,1.2,4.0
4702921684,2016-05-06,11,1.34,3.6
4702921684,2016-05-06,12,1.61,6.4
4702921684,2016-05-06,13,1.29,4.0
4702921684,2016-05-06,14,1.35,4.0
4702921684,2016-05-06,15,1.29,3.8
4702921684,2016-05-06,16,1.91,6.2
4702921684,2016-05-06,17,1.95,4.4
4702921684,2016-05-06,18,2.04,5.6
4702921684,2016-05-06,19,1.85,4.4
4702921684,2016-05-06,20,1.45,3.2
4702921684,2016-05-06,21,1.29,4.2
4702921684,2016-05-06,22,1.02,1.2
4702921684,2016-05-06,23,1.0,1.2
4702921684,2016-05-07,0,1.03,2.6
4702921684,2016-05-07,1,1.01,1.2
4702921684,2016-05-07,2,1.01,1.2
4702921684,2016-05-07,3,1.01,1.2
4702921684,2016-05-07,4,1.0,1.2
4702921684,2016-05-07,5,1.01,1.2
4702921684,2016-05-07,6,1.53,4.2
4702921684,2016-05-07,7,2.12,4.8
4702921684,2016-05-07,8,2.52,4.0
4702921684,2016-05-07,9,1.9,5.0
4702921684,2016-05-07,10,2.54,5.8
4702921684,2016-05-07,11,2.75,6.2
4702921684,2016-05-07,12,2.84,6.2
4702921684,2016-05-07,13,2.13,6.4
4702921684,2016-05-07,14,2.31,5.2
4702921684,2016-05-07,15,2.36,6.6
4702921684,2016-05-07,16,2.18,5.0
4702921684,2016-05-07,17,1.86,4.2
4702921684,2016-05-07,18,2.5,5.2
4702921684,2016-05-07,19,1.6,3.4
4702921684,2016-05-07,20,2.85,5.4
4702921684,2016-05-07,21,1.63,3.6
4702921684,2016-05-07,22,1.1,2.4
4702921684,2016-05-07,23,1.01,1.2
4702921684,2016-05-08,0,1.0,1.0
4702921684,2016-05-08,1,1.0,1.0
4702921684,2016-05-08,2,1.0,1.0
4702921684,2016-05-08,3,1.0,1.0
4702921684,2016-05-08,4,1.0,1.0
4702921684,2016-05-08,5,1.0,1.0
4702921684,2016-05-08,6,1.0,1.0
4702921684,2016-05-08,7,1.0,1.0
4702921684,2016-05-08,8,1.0,1.0
4702921684,2016-05-08,9,1.12,2.8
4702921684,2016-05-08,10,1.55,4.2
4702921684,2016-05-08,11,2.77,5.8
4702921684,2016-05-08,12,4.04,6.4
4702921684,2016-05-08,13,2.47,5.4
4702921684,2016-05-08,14,3.34,6.0
4702921684,2016-05-08,15,2.19,5.6
4702921684,2016-05-08,16,3.33,6.4
4702921684,2016-05-08,17,1.46,2.8
4702921684,2016-05-08,18,1.68,3.8
4702921684,2016-05-08,19,1.62,3.8
4702921684,2016-05-08,20,1.24,3.6
4702921684,2016-05-08,21,1.14,3.2
4702921684,2016-05-08,22,1.16,3.4
4702921684,2016-05-08,23,1.01,1.2
4702921684,2016-05-09,0,1.02,1.2
4702921684,2016-05-09,1,1.0,1.2
4702921684,2016-05-09,2,1.0,1.2
4702921684,2016-05-09,3,1.01,1.2
4702921684,2016-05-09,4,1.0,1.2
4702921684,2016-05-09,5,1.02,1.2
4702921684,2016-05-09,6,2.19,6.8
4702921684,2016-05-09,7,1.74,5.0
4702921684,2016-05-09,8,1.02,1.2
4702921684,2016-05-09,9,2.32,6.8
4702921684,2016-05-09,10,1.33,3.0
4702921684,2016-05-09,11,1.26,3.6
4702921684,2016-05-09,12,1.49,4.0
4702921684,2016-05-09,13,1.4,4.2
4702921684,2016-05-09,14,1.26,3.0
4702921684,2016-05-09,15,1.45,3.6
4702921684,2016-05-09,16,1.46,3.6
4702921684,2016-05-09,17,2.26,6.8
4702921684,2016-05-09,18,2.28,5.0
4702921684,2016-05-09,19,1.67,5.0
4702921684,2016-05-09,20,2.03,5.6
4702921684,2016-05-09,21,1.86,5.6
4702921684,2016-05-09,22,1.45,3.4
4702921684,2016-05-09,23,1.05,2.4
4702921684,2016-05-10,0,1.01,1.2
4702921684,2016-05-10,1,1.02,1.2
4702921684,2016-05-10,2,1.02,1.2
4702921684,2016-05-10,3,1.0,1.0
4702921684,2016-05-10,4,1.01,1.2
4702921684,2016-05-10,5,1.01,1.2
4702921684,2016-05-10,6,2.55,6.4
4702921684,2016-05-10,7,1.54,6.4
4702921684,2016-05-10,8,2.37,7.0
4702921684,2016-05-10,9,1.22,3.6
4702921684,2016-05-10,10,1.2,4.0
4702921684,2016-05-10,11,1.23,4.0
4702921684,2016-05-10,12,2.37,7.6
4702921684,2016-05-10,13,1.2,3.2
4702921684,2016-05-10,14,1.16,3.0
4702921684,2016-05-10,15,1.32,3.6
4702921684,2016-05-10,16,1.31,4.2
4702921684,2016-05-10,17,2.04,6.6
4702921684,2016-05-10,18,1.58,5.0
4702921684,2016-05-10,19,3.06,5.4
4702921684,2016-05-10,20,2.02,4.2
4702921684,2016-05-10,21,3.0,6.6
4702921684,2016-05-10,22,1.5,4.0
4702921684,2016-05-10,23,1.0,1.2
4702921684,2016-05-11,0,1.0,1.0
4702921684,2016-05-11,1,1.0,1.0
4702921684,2016-05-11,2,1.02,1.2
4702921684,2016-05-11,3,1.01,1.2
4702921684,2016-05-11,4,1.01,1.2
4702921684,2016-05-11,5,1.12,2.8
4702921684,2016-05-11,6,1.93,6.6
4702921684,2016-05-11,7,1.1,4.4
4702921684,2016-05-11,8,2.36,6.6
4702921684,2016-05-11,9,1.19,3.2
4702921684,2016-05-11,10,1.26,3.8
4702921684,2016-05-11,11,1.38,4.0
4702921684,2016-05-11,12,1.27,4.2
4702921684,2016-05-11,13,1.32,3.8
4702921684,2016-05-11,14,1.57,4.2
4702921684,2016-05-11,15,1.21,3.6
4702921684,2016-05-11,16,2.18,7.2
4702921684,2016-05-11,17,1.88,5.8
4702921684,2016-05-11,18,3.47,6.0
4702921684,2016-05-11,19,1.65,5.8
4702921684,2016-05-11,20,1.45,3.4
4702921684,2016-05-11,21,2.45,5.0
4702921684,2016-05-11,22,1.68,3.8
4702921684,2016-05-11,23,1.01,1.2
4702921684,2016-05-12,0,1.01,1.2
4702921684,2016-05-12,1,1.05,2.6
4702921684,2016-05-12,2,1.02,1.2
4702921684,2016-05-12,3,1.02,1.2
4702921684,2016-05-12,4,1.03,2.4
4702921684,2016-05-12,5,1.01,1.2
4702921684,2016-05-12,6,1.96,7.0
4702921684,2016-05-12,7,1.31,5.2
4702921684,2016-05-12,8,1.23,4.0
4702921684,2016-05-12,9,1.95,6.4
4702921684,2016-05-12,10,1.94,6.4
5553957443,2016-04-12,0,1.02,2.2
5553957443,2016-04-12,1,1.01,1.1
5553957443,2016-04-12,2,1.01,1.1
5553957443,2016-04-12,3,1.01,1.1
5553957443,2016-04-12,4,1.01,1.1
5553957443,2016-04-12,5,1.0,1.1
5553957443,2016-04-12,6,1.5,3.4
5553957443,2016-04-12,7,2.85,6.2
5553957443,2016-04-12,8,1.98,6.0
5553957443,2016-04-12,9,1.1,3.6
5553957443,2016-04-12,10,1.1,3.6
5553957443,2016-04-12,11,1.08,3.2
5553957443,2016-04-12,12,1.67,5.6
5553957443,2016-04-12,13,1.55,6.4
5553957443,2016-04-12,14,1.03,1.1
5553957443,2016-04-12,15,1.12,3.0
5553957443,2016-04-12,16,2.86,6.2
5553957443,2016-04-12,17,2.24,6.0
5553957443,2016-04-12,18,1.69,3.0
5553957443,2016-04-12,19,1.84,5.4
5553957443,2016-04-12,20,1.64,3.4
5553957443,2016-04-12,21,1.9,6.6
5553957443,2016-04-12,22,1.62,5.8
5553957443,2016-04-12,23,2.02,3.4
5553957443,2016-04-13,0,1.09,3.2
5553957443,2016-04-13,1,1.0,1.1
5553957443,2016-04-13,2,1.0,1.1
5553957443,2016-04-13,3,1.0,1.1
5553957443,2016-04-13,4,1.01,1.1
5553957443,2016-04-13,5,1.0,1.1
5553957443,2016-04-13,6,1.0,1.1
5553957443,2016-04-13,7,1.0,1.1
5553957443,2016-04-13,8,1.21,3.2
5553957443,2016-04-13,9,1.23,3.4
5553957443,2016-04-13,10,1.35,3.4
5553957443,2016-04-13,11,1.08,2.6
5553957443,2016-04-13,12,1.17,3.2
5553957443,2016-04-13,13,1.14,2.6
5553957443,2016-04-13,14,1.12,2.4
5553957443,2016-04-13,15,1.78,3.8
5553957443,2016-04-13,16,1.56,4.0
5553957443,2016-04-13,17,1.45,4.0
5553957443,2016-04-13,18,1.33,2.8
5553957443,2016-04-13,19,2.23,4.6
5553957443,2016-04-13,20,2.34,6.6
5553957443,2016-04-13,21,1.64,3.2
5553957443,2016-04-13,22,1.52,3.2
5553957443,2016-04-13,23,1.0,1.1
5553957443,2016-04-14,0,1.03,2.6
5553957443,2016-04-14,1,1.03,2.4
5553957443,2016-04-14,2,1.06,2.4
5553957443,2016-04-14,3,1.05,2.2
5553957443,2016-04-14,4,1.03,2.4
5553957443,2016-04-14,5,1.26,3.0
5553957443,2016-04-14,6,2.58,6.2
5553957443,2016-04-14,7,2.82,6.4
5553957443,2016-04-14,8,1.03,1.1
5553957443,2016-04-14,9,1.01,1.1
5553957443,2016-04-14,10,1.14,3.4
5553957443,2016-04-14,11,1.02,1.1
5553957443,2016-04-14,12,1.13,4.0
5553957443,2016-04-14,13,1.55,4.2
5553957443,2016-04-14,14,4.52,7.8
5553957443,2016-04-14,15,1.41,3.6
5553957443,2016-04-14,16,2.47,6.0
5553957443,2016-04-14,17,5.53,6.4
5553957443,2016-04-14,18,1.4,4.0
5553957443,2016-04-14,19,1.3,3.2
5553957443,2016-04-14,20,1.85,6.0
5553957443,2016-04-14,21,2.51,6.4
5553957443,2016-04-14,22,1.45,3.8
5553957443,2016-04-14,23,1.1,2.6
5553957443,2016-04-15,0,1.02,2.2
5553957443,2016-04-15,1,1.0,1.1
5553957443,2016-04-15,2,1.0,1.1
5553957443,2016-04-15,3,1.03,2.4
5553957443,2016-04-15,4,1.0,1.1
5553957443,2016-04-15,5,1.03,2.4
5553957443,2016-04-15,6,2.26,3.6
5553957443,2016-04-15,7,2.4,6.4
5553957443,2016-04-15,8,1.17,5.0
5553957443,2016-04-15,9,1.16,3.4
5553957443,2016-04-15,10,3.27,6.4
5553957443,2016-04-15,11,2.62,6.8
5553957443,2016-04-15,12,1.72,6.2
5553957443,2016-04-15,13,1.05,2.4
5553957443,2016-04-15,14,3.95,6.6
5553957443,2016-04-15,15,1.4,4.4
5553957443,2016-04-15,16,3.67,6.4
5553957443,2016-04-15,17,2.02,6.2
5553957443,2016-04-15,18,1.86,6.2
5553957443,2016-04-15,19,1.5,6.4
5553957443,2016-04-15,20,1.01,1.1
5553957443,2016-04-15,21,1.3,3.6
5553957443,2016-04-15,22,1.52,3.2
5553957443,2016-04-15,23,1.03,2.6
5553957443,2016-04-16,0,1.0,1.1
5553957443,2016-04-16,1,1.03,2.4
5553957443,2016-04-16,2,1.02,1.1
5553957443,2016-04-16,3,1.04,2.6
5553957443,2016-04-16,4,1.06,2.4
5553957443,2016-04-16,5,1.03,2.4
5553957443,2016-04-16,6,1.03,2.4
5553957443,2016-04-16,7,1.03,2.4
5553957443,2016-04-16,8,1.0,1.1
5553957443,2016-04-16,9,1.13,3.0
5553957443,2016-04-16,10,1.72,4.0
5553957443,2016-04-16,11,1.07,2.6
5553957443,2016-04-16,12,1.07,2.8
5553957443,2016-04-16,13,1.47,3.6
5553957443,2016-04-16,14,1.9,3.8
5553957443,2016-04-16,15,1.88,3.4
5553957443,2016-04-16,16,2.27,3.8
5553957443,2016-04-16,17,2.25,4.6
5553957443,2016-04-16,18,1.6,4.0
5553957443,2016-04-16,19,1.7,3.8
5553957443,2016-04-16,20,1.8,3.8
5553957443,2016-04-16,21,1.34,2.6
5553957443,2016-04-16,22,1.44,2.8
5553957443,2016-04-16,23,1.42,2.8
5553957443,2016-04-17,0,1.11,2.4
5553957443,2016-04-17,1,1.59,3.6
5553957443,2016-04-17,2,1.31,3.0
5553957443,2016-04-17,3,1.0,1.1
5553957443,2016-04-17,4,1.0,1.1
5553957443,2016-04-17,5,1.07,2.8
5553957443,2016-04-17,6,1.0,1.1
5553957443,2016-04-17,7,1.01,1.1
5553957443,2016-04-17,8,1.01,1.1
5553957443,2016-04-17,9,1.07,3.2
5553957443,2016-04-17,10,1.0,1.0
5553957443,2016-04-17,11,1.0,1.0
5553957443,2016-04-17,12,1.0,1.0
5553957443,2016-04-17,13,1.0,1.0
5553957443,2016-04-17,14,1.0,1.0
5553957443,2016-04-17,15,1.0,1.0
5553957443,2016-04-17,16,1.0,1.0
5553957443,2016-04-17,17,1.0,1.0
5553957443,2016-04-17,18,1.0,1.0
5553957443,2016-04-17,19,1.0,1.0
5553957443,2016-04-17,20,1.0,1.0
5553957443,2016-04-17,21,1.0,1.0
5553957443,2016-04-17,22,1.2,2.8
5553957443,2016-04-17,23,1.05,2.4
5553957443,2016-04-18,0,1.01,1.1
5553957443,2016-04-18,1,1.01,1.1
5553957443,2016-04-18,2,1.01,1.1
5553957443,2016-04-18,3,1.03,2.4
5553957443,2016-04-18,4,1.03,2.4
5553957443,2016-04-18,5,1.02,2.2
5553957443,2016-04-18,6,1.18,3.0
5553957443,2016-04-18,7,1.29,3.2
5553957443,2016-04-18,8,1.03,2.6
5553957443,2016-04-18,9,1.14,3.4
5553957443,2016-04-18,10,1.57,4.0
5553957443,2016-04-18,11,1.64,3.8
5553957443,2016-04-18,12,1.74,3.4
5553957443,2016-04-18,13,1.2,3.4
5553957443,2016-04-18,14,1.01,1.2
5553957443,2016-04-18,15,1.78,3.4
5553957443,2016-04-18,16,1.1,2.2
5553957443,2016-04-18,17,1.98,3.4
5553957443,2016-04-18,18,1.49,5.2
5553957443,2016-04-18,19,1.0,1.1
5553957443,2016-04-18,20,1.8,3.2
5553957443,2016-04-18,21,1.54,3.8
5553957443,2016-04-18,22,1.03,2.4
5553957443,2016-04-18,23,1.0,1.1
5553957443,2016-04-19,0,1.01,1.1
5553957443,2016-04-19,1,1.01,1.1
5553957443,2016-04-19,2,1.19,3.4
5553957443,2016-04-19,3,1.01,1.1
5553957443,2016-04-19,4,1.03,2.4
5553957443,2016-04-19,5,1.01,1.3
5553957443,2016-04-19,6,2.03,4.5
5553957443,2016-04-19,7,2.78,6.6
5553957443,2016-04-19,8,1.82,6.2
5553957443,2016-04-19,9,1.25,3.2
5553957443,2016-04-19,10,1.04,2.4
5553957443,2016-04-19,11,1.08,3.8
5553957443,2016-04-19,12,2.99,6.4
5553957443,2016-04-19,13,2.97,6.6
5553957443,2016-04-19,14,1.05,2.4
5553957443,2016-04-19,15,4.43,7.2
5553957443,2016-04-19,16,2.06,5.2
5553957443,2016-04-19,17,3.16,6.2
5553957443,2016-04-19,18,1.78,5.8
5553957443,2016-04-19,19,1.54,3.4
5553957443,2016-04-19,20,1.27,2.8
5553957443,2016-04-19,21,1.8,4.0
5553957443,2016-04-19,22,1.26,2.8
5553957443,2016-04-19,23,1.0,1.1
5553957443,2016-04-20,0,1.0,1.1
5553957443,2016-04-20,1,1.03,2.4
5553957443,2016-04-20,2,1.06,2.4
5553957443,2016-04-20,3,1.0,1.1
5553957443,2016-04-20,4,1.05,2.6
5553957443,2016-04-20,5,1.03,2.4
5553957443,2016-04-20,6,1.15,3.2
5553957443,2016-04-20,7,1.0,1.1
5553957443,2016-04-20,8,1.06,2.4
5553957443,2016-04-20,9,1.0,1.1
5553957443,2016-04-20,10,1.19,3.4
5553957443,2016-04-20,11,1.18,3.4
5553957443,2016-04-20,12,1.64,4.0
5553957443,2016-04-20,13,1.74,5.2
5553957443,2016-04-20,14,1.28,3.0
5553957443,2016-04-20,15,1.11,2.6
5553957443,2016-04-20,16,1.19,3.2
5553957443,2016-04-20,17,1.17,3.2
5553957443,2016-04-20,18,1.06,3.2
5553957443,2016-04-20,19,1.12,2.6
5553957443,2016-04-20,20,1.63,3.6
5553957443,2016-04-20,21,1.38,3.4
5553957443,2016-04-20,22,1.45,3.0
5553957443,2016-04-20,23,1.04,2.4
5553957443,2016-04-21,0,1.01,1.1
5553957443,2016-04-21,1,1.0,1.1
5553957443,2016-04-21,2,1.18,3.6
5553957443,2016-04-21,3,1.01,1.1
5553957443,2016-04-21,4,1.0,1.0
5553957443,2016-04-21,5,1.06,2.4
5553957443,2016-04-21,6,1.71,3.6
5553957443,2016-04-21,7,1.74,6.4
5553957443,2016-04-21,8,2.52,6.4
5553957443,2016-04-21,9,1.12,3.6
5553957443,2016-04-21,10,1.06,2.4
5553957443,2016-04-21,11,1.22,4.6
5553957443,2016-04-21,12,1.36,3.8
5553957443,2016-04-21,13,1.27,4.8
5553957443,2016-04-21,14,1.06,2.4
5553957443,2016-04-21,15,1.01,1.1
5553957443,2016-04-21,16,1.01,1.1
5553957443,2016-04-21,17,4.26,6.8
5553957443,2016-04-21,18,3.72,6.0
5553957443,2016-04-21,19,1.85,6.2
5553957443,2016-04-21,20,1.07,2.4
5553957443,2016-04-21,21,2.46,6.4
5553957443,2016-04-21,22,1.11,2.6
5553957443,2016-04-21,23,1.79,4.0
5553957443,2016-04-22,0,1.0,1.1
5553957443,2016-04-22,1,1.01,1.1
5553957443,2016-04-22,2,1.04,2.6
5553957443,2016-04-22,3,1.0,1.1
5553957443,2016-04-22,4,1.0,1.1
5553957443,2016-04-22,5,1.25,3.0
5553957443,2016-04-22,6,2.52,6.6
5553957443,2016-04-22,7,2.42,6.2
5553957443,2016-04-22,8,1.32,4.4
5553957443,2016-04-22,9,1.31,5.0
5553957443,2016-04-22,10,1.12,4.4
5553957443,2016-04-22,11,1.12,3.4
5553957443,2016-04-22,12,1.42,5.6
5553957443,2016-04-22,13,1.45,5.2
5553957443,2016-04-22,14,1.59,6.2
5553957443,2016-04-22,15,2.4,6.2
5553957443,2016-04-22,16,3.58,7.2
5553957443,2016-04-22,17,1.57,5.8
5553957443,2016-04-22,18,1.64,6.0
5553957443,2016-04-22,19,2.42,6.0
5553957443,2016-04-22,20,1.57,6.2
5553957443,2016-04-22,21,1.9,5.6
5553957443,2016-04-22,22,1.21,2.4
5553957443,2016-04-22,23,1.43,3.8
5553957443,2016-04-23,0,1.49,3.0
5553957443,2016-04-23,1,1.05,2.4
5553957443,2016-04-23,2,1.03,2.4
5553957443,2016-04-23,3,1.01,1.1
5553957443,2016-04-23,4,1.01,1.1
5553957443,2016-04-23,5,1.1,3.0
5553957443,2016-04-23,6,1.03,2.4
5553957443,2016-04-23,7,1.01,1.1
5553957443,2016-04-23,8,1.01,1.1
5553957443,2016-04-23,9,1.03,2.4
5553957443,2016-04-23,10,1.06,2.8
5553957443,2016-04-23,11,1.14,3.4
5553957443,2016-04-23,12,1.25,2.8
5553957443,2016-04-23,13,1.06,2.6
5553957443,2016-04-23,14,1.0,1.1
5553957443,2016-04-23,15,1.24,2.8
5553957443,2016-04-23,16,1.81,3.2
5553957443,2016-04-23,17,1.76,3.8
5553957443,2016-04-23,18,2.08,3.8
5553957443,2016-04-23,19,2.07,3.6
5553957443,2016-04-23,20,1.89,3.8
5553957443,2016-04-23,21,1.74,3.6
5553957443,2016-04-23,22,1.59,3.2
5553957443,2016-04-23,23,1.87,3.2
5553957443,2016-04-24,0,1.29,3.4
5553957443,2016-04-24,1,1.0,1.1
5553957443,2016-04-24,2,1.0,1.1
5553957443,2016-04-24,3,1.03,2.8
5553957443,2016-04-24,4,1.14,3.2
5553957443,2016-04-24,5,1.07,2.4
5553957443,2016-04-24,6,1.06,2.6
5553957443,2016-04-24,7,1.03,2.4
5553957443,2016-04-24,8,1.01,1.1
5553957443,2016-04-24,9,1.05,2.2
5553957443,2016-04-24,10,1.35,3.6
5553957443,2016-04-24,11,1.22,3.6
5553957443,2016-04-24,12,1.21,3.2
5553957443,2016-04-24,13,1.08,2.8
5553957443,2016-04-24,14,1.13,3.4
5553957443,2016-04-24,15,1.01,1.1
5553957443,2016-04-24,16,1.08,2.8
5553957443,2016-04-24,17,1.39,3.8
5553957443,2016-04-24,18,1.14,3.0
5553957443,2016-04-24,19,1.07,2.6
5553957443,2016-04-24,20,1.5,3.2
5553957443,2016-04-24,21,1.52,3.4
5553957443,2016-04-24,22,1.03,2.8
5553957443,2016-04-24,23,1.0,1.1
5553957443,2016-04-25,0,1.01,1.1
5553957443,2016-04-25,1,1.01,1.1
5553957443,2016-04-25,2,1.01,1.1
5553957443,2016-04-25,3,1.01,1.1
5553957443,2016-04-25,4,1.0,1.1
5553957443,2016-04-25,5,1.08,2.6
5553957443,2016-04-25,6,1.86,6.2
5553957443,2016-04-25,7,3.23,6.8
5553957443,2016-04-25,8,1.06,2.4
5553957443,2016-04-25,9,1.08,2.6
5553957443,2016-04-25,10,1.13,3.8
5553957443,2016-04-25,11,1.24,3.2
5553957443,2016-04-25,12,1.07,2.8
5553957443,2016-04-25,13,4.29,7.0
5553957443,2016-04-25,14,2.01,5.0
5553957443,2016-04-25,15,1.32,4.8
5553957443,2016-04-25,16,1.21,3.2
5553957443,2016-04-25,17,2.56,6.2
5553957443,2016-04-25,18,2.24,6.0
5553957443,2016-04-25,19,1.64,3.2
5553957443,2016-04-25,20,1.16,2.6
5553957443,2016-04-25,21,1.66,3.6
5553957443,2016-04-25,22,1.11,2.6
5553957443,2016-04-25,23,1.0,1.1
5553957443,2016-04-26,0,1.0,1.1
5553957443,2016-04-26,1,1.0,1.1
5553957443,2016-04-26,2,1.03,2.2
5553957443,2016-04-26,3,1.03,2.6
5553957443,2016-04-26,4,1.01,1.1
5553957443,2016-04-26,5,1.03,2.4
5553957443,2016-04-26,6,2.26,5.6
5553957443,2016-04-26,7,3.12,6.4
5553957443,2016-04-26,8,1.07,2.4
5553957443,2016-04-26,9,1.23,4.6
5553957443,2016-04-26,10,1.16,2.6
5553957443,2016-04-26,11,1.15,4.4
5553957443,2016-04-26,12,4.2,7.0
5553957443,2016-04-26,13,2.24,6.0
5553957443,2016-04-26,14,1.15,3.6
5553957443,2016-04-26,15,1.0,1.0
5553957443,2016-04-26,16,1.0,1.0
5553957443,2016-04-26,17,3.0,6.6
5553957443,2016-04-26,18,1.73,5.4
5553957443,2016-04-26,19,1.62,4.4
5553957443,2016-04-26,20,1.5,3.2
5553957443,2016-04-26,21,1.38,3.4
5553957443,2016-04-26,22,2.03,5.2
5553957443,2016-04-26,23,1.16,2.8
5553957443,2016-04-27,0,1.0,1.1
5553957443,2016-04-27,1,1.0,1.1
5553957443,2016-04-27,2,1.04,2.4
5553957443,2016-04-27,3,1.01,1.1
5553957443,2016-04-27,4,1.03,2.2
5553957443,2016-04-27,5,1.02,2.4
5553957443,2016-04-27,6,2.29,5.2
5553957443,2016-04-27,7,2.25,6.4
5553957443,2016-04-27,8,1.4,4.0
5553957443,2016-04-27,9,1.2,6.8
5553957443,2016-04-27,10,1.16,4.6
5553957443,2016-04-27,11,1.5,5.2
5553957443,2016-04-27,12,1.52,6.8
5553957443,2016-04-27,13,1.42,5.4
5553957443,2016-04-27,14,1.16,3.8
5553957443,2016-04-27,15,1.54,6.2
5553957443,2016-04-27,16,1.13,4.6
5553957443,2016-04-27,17,3.94,6.2
5553957443,2016-04-27,18,2.31,6.0
5553957443,2016-04-27,19,1.06,2.4
5553957443,2016-04-27,20,1.55,3.2
5553957443,2016-04-27,21,1.41,3.4
5553957443,2016-04-27,22,1.01,1.1
5553957443,2016-04-27,23,1.01,1.1
5553957443,2016-04-28,0,1.0,1.1
5553957443,2016-04-28,1,1.0,1.1
5553957443,2016-04-28,2,1.05,2.4
5553957443,2016-04-28,3,1.05,2.4
5553957443,2016-04-28,4,1.01,1.1
5553957443,2016-04-28,5,1.01,1.1
5553957443,2016-04-28,6,1.18,3.0
5553957443,2016-04-28,7,2.92,7.0
5553957443,2016-04-28,8,1.76,6.2
5553957443,2016-04-28,9,1.26,4.6
5553957443,2016-04-28,10,1.27,3.8
5553957443,2016-04-28,11,1.16,2.8
5553957443,2016-04-28,12,1.2,3.6
5553957443,2016-04-28,13,1.58,6.0
5553957443,2016-04-28,14,5.17,8.8
5553957443,2016-04-28,15,1.08,3.4
5553957443,2016-04-28,16,2.7,6.0
5553957443,2016-04-28,17,2.11,5.8
5553957443,2016-04-28,18,1.09,2.6
5553957443,2016-04-28,19,1.19,2.8
5553957443,2016-04-28,20,1.18,3.2
5553957443,2016-04-28,21,1.4,3.2
5553957443,2016-04-28,22,1.0,1.1
5553957443,2016-04-28,23,1.02,2.4
5553957443,2016-04-29,0,1.0,1.1
5553957443,2016-04-29,1,1.0,1.1
5553957443,2016-04-29,2,1.02,2.4
5553957443,2016-04-29,3,1.13,2.8
5553957443,2016-04-29,4,1.05,2.4
5553957443,2016-04-29,5,1.01,1.1
5553957443,2016-04-29,6,2.1,3.6
5553957443,2016-04-29,7,3.27,6.2
5553957443,2016-04-29,8,1.2,4.0
5553957443,2016-04-29,9,1.05,1.1
5553957443,2016-04-29,10,1.47,3.6
5553957443,2016-04-29,11,4.61,6.6
5553957443,2016-04-29,12,1.65,5.6
5553957443,2016-04-29,13,1.5,5.6
5553957443,2016-04-29,14,1.17,3.2
5553957443,2016-04-29,15,1.36,4.0
5553957443,2016-04-29,16,3.5,9.0
5553957443,2016-04-29,17,1.94,4.0
5553957443,2016-04-29,18,1.91,4.4
5553957443,2016-04-29,19,1.37,3.2
5553957443,2016-04-29,20,1.35,3.0
5553957443,2016-04-29,21,1.22,3.8
5553957443,2016-04-29,22,1.07,2.4
5553957443,2016-04-29,23,1.52,3.6
5553957443,2016-04-30,0,1.0,1.1
5553957443,2016-04-30,1,1.01,1.1
5553957443,2016-04-30,2,1.0,1.1
5553957443,2016-04-30,3,1.0,1.1
5553957443,2016-04-30,4,1.0,1.1
5553957443,2016-04-30,5,1.03,2.4
5553957443,2016-04-30,6,1.06,2.8
5553957443,2016-04-30,7,1.02,1.1
5553957443,2016-04-30,8,1.01,1.1
5553957443,2016-04-30,9,1.0,1.1
5553957443,2016-04-30,10,1.03,2.4
5553957443,2016-04-30,11,1.25,3.2
5553957443,2016-04-30,12,1.27,3.2
5553957443,2016-04-30,13,1.02,1.2
5553957443,2016-04-30,14,1.08,3.2
5553957443,2016-04-30,15,1.08,3.0
5553957443,2016-04-30,16,1.03,2.6
5553957443,2016-04-30,17,1.08,2.4
5553957443,2016-04-30,18,1.13,3.0
5553957443,2016-04-30,19,1.67,3.0
5553957443,2016-04-30,20,1.1,2.8
5553957443,2016-04-30,21,1.19,3.2
5553957443,2016-04-30,22,1.38,3.0
5553957443,2016-04-30,23,1.16,2.8
5553957443,2016-05-01,0,1.0,1.1
5553957443,2016-05-01,1,1.01,1.1
5553957443,2016-05-01,2,1.0,1.1
5553957443,2016-05-01,3,1.01,1.1
5553957443,2016-05-01,4,1.0,1.0
5553957443,2016-05-01,5,1.14,2.8
5553957443,2016-05-01,6,1.03,2.4
5553957443,2016-05-01,7,1.0,1.1
5553957443,2016-05-01,8,1.06,2.4
5553957443,2016-05-01,9,1.38,3.0
5553957443,2016-05-01,10,2.08,6.0
5553957443,2016-05-01,11,1.67,3.4
5553957443,2016-05-01,12,2.42,4.6
5553957443,2016-05-01,13,1.86,4.0
5553957443,2016-05-01,14,1.29,3.8
5553957443,2016-05-01,15,1.01,1.3
5553957443,2016-05-01,16,1.23,3.4
5553957443,2016-05-01,17,1.54,4.6
5553957443,2016-05-01,18,1.41,6.0
5553957443,2016-05-01,19,1.94,3.4
5553957443,2016-05-01,20,1.45,3.8
5553957443,2016-05-01,21,1.12,3.2
5553957443,2016-05-01,22,1.15,3.0
5553957443,2016-05-01,23,1.0,1.1
5553957443,2016-05-02,0,1.0,1.1
5553957443,2016-05-02,1,1.01,1.1
5553957443,2016-05-02,2,1.03,2.4
5553957443,2016-05-02,3,1.0,1.1
5553957443,2016-05-02,4,1.01,1.1
5553957443,2016-05-02,5,1.05,2.6
5553957443,2016-05-02,6,2.16,6.2
5553957443,2016-05-02,7,2.48,6.6
5553957443,2016-05-02,8,1.36,5.0
5553957443,2016-05-02,9,1.33,4.2
5553957443,2016-05-02,10,1.37,5.8
5553957443,2016-05-02,11,1.4,3.8
5553957443,2016-05-02,12,1.19,4.0
5553957443,2016-05-02,13,1.16,3.6
5553957443,2016-05-02,14,1.12,3.6
5553957443,2016-05-02,15,1.14,3.8
5553957443,2016-05-02,16,3.99,6.8
5553957443,2016-05-02,17,3.4,6.6
5553957443,2016-05-02,18,2.26,6.0
5553957443,2016-05-02,19,1.37,2.8
5553957443,2016-05-02,20,1.3,3.4
5553957443,2016-05-02,21,1.27,3.0
5553957443,2016-05-02,22,1.06,2.8
5553957443,2016-05-02,23,1.0,1.1
5553957443,2016-05-03,0,1.09,2.4
5553957443,2016-05-03,1,1.03,2.4
5553957443,2016-05-03,2,1.03,2.4
5553957443,2016-05-03,3,1.03,2.4
5553957443,2016-05-03,4,1.0,1.1
5553957443,2016-05-03,5,1.4,3.2
5553957443,2016-05-03,6,2.68,6.2
5553957443,2016-05-03,7,1.82,6.0
5553957443,2016-05-03,8,1.01,1.1
5553957443,2016-05-03,9,1.17,4.6
5553957443,2016-05-03,10,1.25,4.0
5553957443,2016-05-03,11,1.13,3.4
5553957443,2016-05-03,12,1.68,5.8
5553957443,2016-05-03,13,1.06,4.2
5553957443,2016-05-03,14,1.02,1.1
5553957443,2016-05-03,15,1.06,2.6
5553957443,2016-05-03,16,3.21,8.0
5553957443,2016-05-03,17,3.56,6.6
5553957443,2016-05-03,18,1.94,5.8
5553957443,2016-05-03,19,2.43,5.8
5553957443,2016-05-03,20,2.48,6.6
5553957443,2016-05-03,21,1.23,2.6
5553957443,2016-05-03,22,1.94,6.2
5553957443,2016-05-03,23,1.38,5.0
5553957443,2016-05-04,0,1.36,3.6
5553957443,2016-05-04,1,1.0,1.1
5553957443,2016-05-04,2,1.03,2.4
5553957443,2016-05-04,3,1.01,1.1
5553957443,2016-05-04,4,1.01,1.1
5553957443,2016-05-04,5,1.01,1.1
5553957443,2016-05-04,6,1.12,3.0
5553957443,2016-05-04,7,1.02,1.1
5553957443,2016-05-04,8,1.16,2.8
5553957443,2016-05-04,9,1.1,3.2
5553957443,2016-05-04,10,1.16,3.4
5553957443,2016-05-04,11,1.05,2.8
5553957443,2016-05-04,12,1.23,3.4
5553957443,2016-05-04,13,1.25,2.8
5553957443,2016-05-04,14,1.58,3.4
5553957443,2016-05-04,15,1.81,4.6
5553957443,2016-05-04,16,1.6,5.8
5553957443,2016-05-04,17,1.82,3.8
5553957443,2016-05-04,18,1.81,5.4
5553957443,2016-05-04,19,1.91,4.0
5553957443,2016-05-04,20,1.2,3.0
5553957443,2016-05-04,21,1.57,3.4
5553957443,2016-05-04,22,1.2,3.2
5553957443,2016-05-04,23,1.0,1.1
5553957443,2016-05-05,0,1.0,1.1
5553957443,2016-05-05,1,1.03,2.4
5553957443,2016-05-05,2,1.0,1.1
5553957443,2016-05-05,3,1.01,1.1
5553957443,2016-05-05,4,1.01,1.1
5553957443,2016-05-05,5,1.02,2.2
5553957443,2016-05-05,6,1.55,3.4
5553957443,2016-05-05,7,2.36,6.4
5553957443,2016-05-05,8,2.58,10.8
5553957443,2016-05-05,9,1.4,5.4
5553957443,2016-05-05,10,1.08,3.0
5553957443,2016-05-05,11,1.12,3.4
5553957443,2016-05-05,12,1.33,3.8
5553957443,2016-05-05,13,1.27,4.8
5553957443,2016-05-05,14,1.6,5.0
5553957443,2016-05-05,15,1.12,3.6
5553957443,2016-05-05,16,3.7,7.7
5553957443,2016-05-05,17,3.99,7.7
5553957443,2016-05-05,18,1.82,6.0
5553957443,2016-05-05,19,1.8,6.0
5553957443,2016-05-05,20,2.4,5.8
5553957443,2016-05-05,21,1.56,3.4
5553957443,2016-05-05,22,1.6,3.2
5553957443,2016-05-05,23,1.03,2.6
5553957443,2016-05-06,0,1.0,1.1
5553957443,2016-05-06,1,1.01,1.1
5553957443,2016-05-06,2,1.0,1.1
5553957443,2016-05-06,3,1.03,2.6
5553957443,2016-05-06,4,1.12,3.0
5553957443,2016-05-06,5,1.02,2.4
5553957443,2016-05-06,6,1.37,3.2
5553957443,2016-05-06,7,2.61,6.0
5553957443,2016-05-06,8,2.69,6.2
5553957443,2016-05-06,9,1.09,2.4
5553957443,2016-05-06,10,1.06,2.2
5553957443,2016-05-06,11,1.13,3.2
5553957443,2016-05-06,12,1.32,4.0
5553957443,2016-05-06,13,1.08,3.2
5553957443,2016-05-06,14,1.52,4.0
5553957443,2016-05-06,15,1.1,3.8
5553957443,2016-05-06,16,1.01,1.1
5553957443,2016-05-06,17,2.82,7.2
5553957443,2016-05-06,18,2.17,6.2
5553957443,2016-05-06,19,2.36,7.0
5553957443,2016-05-06,20,1.62,3.4
5553957443,2016-05-06,21,1.06,2.8
5553957443,2016-05-06,22,1.76,4.0
5553957443,2016-05-06,23,1.01,1.1
5553957443,2016-05-07,0,1.0,1.1
5553957443,2016-05-07,1,1.03,2.6
5553957443,2016-05-07,2,1.01,1.1
5553957443,2016-05-07,3,1.01,1.1
5553957443,2016-05-07,4,1.0,1.1
5553957443,2016-05-07,5,1.01,1.1
5553957443,2016-05-07,6,1.01,1.1
5553957443,2016-05-07,7,1.2,3.8
5553957443,2016-05-07,8,1.0,1.0
5553957443,2016-05-07,9,1.0,1.0
5553957443,2016-05-07,10,1.0,1.0
5553957443,2016-05-07,11,1.0,1.0
5553957443,2016-05-07,12,1.0,1.0
5553957443,2016-05-07,13,1.0,1.0
5553957443,2016-05-07,14,1.09,4.4
5553957443,2016-05-07,15,1.0,1.1
5553957443,2016-05-07,16,1.0,1.0
5553957443,2016-05-07,17,1.36,8.1
5553957443,2016-05-07,18,1.72,6.0
5553957443,2016-05-07,19,1.28,3.0
5553957443,2016-05-07,20,1.21,2.6
5553957443,2016-05-07,21,1.39,6.0
5553957443,2016-05-07,22,1.6,3.4
5553957443,2016-05-07,23,1.38,3.2
5553957443,2016-05-08,0,1.0,1.0
5553957443,2016-05-08,1,1.0,1.0
5553957443,2016-05-08,2,1.0,1.1
5553957443,2016-05-08,3,1.01,1.1
5553957443,2016-05-08,4,1.09,2.8
5553957443,2016-05-08,5,1.02,2.4
5553957443,2016-05-08,6,1.04,2.4
5553957443,2016-05-08,7,1.0,1.1
5553957443,2016-05-08,8,1.0,1.1
5553957443,2016-05-08,9,1.23,3.2
5553957443,2016-05-08,10,1.68,3.2
5553957443,2016-05-08,11,1.07,2.4
5553957443,2016-05-08,12,2.75,6.8
5553957443,2016-05-08,13,1.87,6.4
5553957443,2016-05-08,14,1.19,2.6
5553957443,2016-05-08,15,1.28,3.0
5553957443,2016-05-08,16,1.58,3.2
5553957443,2016-05-08,17,1.43,3.4
5553957443,2016-05-08,18,1.85,4.6
5553957443,2016-05-08,19,2.2,4.4
5553957443,2016-05-08,20,1.32,3.4
5553957443,2016-05-08,21,1.54,3.8
5553957443,2016-05-08,22,1.02,2.4
5553957443,2016-05-08,23,1.0,1.1
5553957443,2016-05-09,0,1.09,2.8
5553957443,2016-05-09,1,1.03,2.4
5553957443,2016-05-09,2,1.01,1.1
5553957443,2016-05-09,3,1.03,2.4
5553957443,2016-05-09,4,1.01,1.1
5553957443,2016-05-09,5,1.01,1.1
5553957443,2016-05-09,6,1.9,3.6
5553957443,2016-05-09,7,2.74,7.2
5553957443,2016-05-09,8,2.25,6.4
5553957443,2016-05-09,9,1.07,2.8
5553957443,2016-05-09,10,1.35,3.8
5553957443,2016-05-09,11,1.22,3.6
5553957443,2016-05-09,12,1.22,3.8
5553957443,2016-05-09,13,1.08,2.4
5553957443,2016-05-09,14,1.05,2.2
5553957443,2016-05-09,15,1.03,1.1
5553957443,2016-05-09,16,4.26,9.2
5553957443,2016-05-09,17,4.75,8.7
5553957443,2016-05-09,18,3.25,6.2
5553957443,2016-05-09,19,2.77,4.2
5553957443,2016-05-09,20,1.77,3.6
5553957443,2016-05-09,21,1.39,3.8
5553957443,2016-05-09,22,1.24,3.0
5553957443,2016-05-09,23,1.0,1.1
5553957443,2016-05-10,0,1.0,1.1
5553957443,2016-05-10,1,1.0,1.0
5553957443,2016-05-10,2,1.0,1.1
5553957443,2016-05-10,3,1.12,3.0
5553957443,2016-05-10,4,1.0,1.1
5553957443,2016-05-10,5,1.0,1.1
5553957443,2016-05-10,6,2.18,3.8
5553957443,2016-05-10,7,3.27,6.4
5553957443,2016-05-10,8,1.08,2.4
5553957443,2016-05-10,9,1.02,1.1
5553957443,2016-05-10,10,1.04,2.4
5553957443,2016-05-10,11,4.32,7.2
5553957443,2016-05-10,12,4.53,7.4
5553957443,2016-05-10,13,1.33,3.0
5553957443,2016-05-10,14,1.01,1.1
5553957443,2016-05-10,15,1.11,2.8
5553957443,2016-05-10,16,1.29,3.0
5553957443,2016-05-10,17,2.92,6.2
5553957443,2016-05-10,18,2.19,6.2
5553957443,2016-05-10,19,1.57,3.6
5553957443,2016-05-10,20,1.79,5.0
5553957443,2016-05-10,21,2.12,6.2
5553957443,2016-05-10,22,2.09,6.0
5553957443,2016-05-10,23,1.69,5.2
5553957443,2016-05-11,0,1.16,3.4
5553957443,2016-05-11,1,1.01,1.1
5553957443,2016-05-11,2,1.03,2.4
5553957443,2016-05-11,3,1.01,1.1
5553957443,2016-05-11,4,1.0,1.1
5553957443,2016-05-11,5,1.0,1.1
5553957443,2016-05-11,6,1.02,2.2
5553957443,2016-05-11,7,1.0,1.1
5553957443,2016-05-11,8,1.52,4.8
5553957443,2016-05-11,9,1.16,3.0
5553957443,2016-05-11,10,1.66,3.4
5553957443,2016-05-11,11,1.26,2.6
5553957443,2016-05-11,12,1.64,3.4
5553957443,2016-05-11,13,1.05,2.4
5553957443,2016-05-11,14,1.81,5.2
5553957443,2016-05-11,15,1.66,5.8
5553957443,2016-05-11,16,1.36,5.0
5553957443,2016-05-11,17,1.05,2.6
5553957443,2016-05-11,18,1.69,4.6
5553957443,2016-05-11,19,1.68,6.0
5553957443,2016-05-11,20,1.5,5.6
5553957443,2016-05-11,21,1.6,3.6
5553957443,2016-05-11,22,1.0,1.1
5553957443,2016-05-11,23,1.04,3.4
5553957443,2016-05-12,0,1.02,2.4
5553957443,2016-05-12,1,1.03,2.4
5553957443,2016-05-12,2,1.09,2.4
5553957443,2016-05-12,3,1.0,1.1
5553957443,2016-05-12,4,1.0,1.1
5553957443,2016-05-12,5,1.09,2.8
5553957443,2016-05-12,6,1.62,3.6
5553957443,2016-05-12,7,3.2,6.4
5553957443,2016-05-12,8,1.0,1.0
5553957443,2016-05-12,9,1.0,1.0
5577150313,2016-04-12,0,1.01,1.2
5577150313,2016-04-12,1,1.0,1.1
5577150313,2016-04-12,2,1.0,1.1
5577150313,2016-04-12,3,1.01,1.1
5577150313,2016-04-12,4,1.01,1.2
5577150313,2016-04-12,5,1.08,2.6
5577150313,2016-04-12,6,5.89,9.6
5577150313,2016-04-12,7,1.85,7.2
5577150313,2016-04-12,8,1.59,5.4
5577150313,2016-04-12,9,1.57,4.1
5577150313,2016-04-12,10,2.43,7.4
5577150313,2016-04-12,11,3.41,11.6
5577150313,2016-04-12,12,1.38,3.4
5577150313,2016-04-12,13,1.41,4.0
5577150313,2016-04-12,14,1.3,3.0
5577150313,2016-04-12,15,1.52,5.6
5577150313,2016-04-12,16,3.4,12.4
5577150313,2016-04-12,17,1.81,9.6
5577150313,2016-04-12,18,1.46,4.8
5577150313,2016-04-12,19,3.92,9.2
5577150313,2016-04-12,20,1.66,7.2
5577150313,2016-04-12,21,1.27,3.6
5577150313,2016-04-12,22,1.08,3.0
5577150313,2016-04-12,23,1.0,1.1
5577150313,2016-04-13,0,1.01,1.2
5577150313,2016-04-13,1,1.01,1.2
5577150313,2016-04-13,2,1.03,2.4
5577150313,2016-04-13,3,1.02,2.4
5577150313,2016-04-13,4,1.08,3.6
5577150313,2016-04-13,5,1.11,2.8
5577150313,2016-04-13,6,3.12,6.2
5577150313,2016-04-13,7,1.37,3.4
5577150313,2016-04-13,8,1.46,4.0
5577150313,2016-04-13,9,1.18,3.0
5577150313,2016-04-13,10,1.51,4.2
5577150313,2016-04-13,11,1.52,5.8
5577150313,2016-04-13,12,1.0,1.0
5577150313,2016-04-13,13,1.0,1.0
5577150313,2016-04-13,14,1.0,1.0
5577150313,2016-04-13,15,1.0,1.0
5577150313,2016-04-13,16,1.0,1.0
5577150313,2016-04-13,17,2.21,7.0
5577150313,2016-04-13,18,1.16,1.3
5577150313,2016-04-13,19,1.49,4.6
5577150313,2016-04-13,20,3.53,8.4
5577150313,2016-04-13,21,1.18,3.2
5577150313,2016-04-13,22,1.0,1.1
5577150313,2016-04-13,23,1.01,1.2
5577150313,2016-04-14,0,1.1,3.2
5577150313,2016-04-14,1,1.0,1.1
5577150313,2016-04-14,2,1.0,1.1
5577150313,2016-04-14,3,1.01,1.2
5577150313,2016-04-14,4,1.03,2.4
5577150313,2016-04-14,5,1.38,3.6
5577150313,2016-04-14,6,5.36,9.6
5577150313,2016-04-14,7,2.14,6.6
5577150313,2016-04-14,8,1.42,5.6
5577150313,2016-04-14,9,1.46,4.4
5577150313,2016-04-14,10,1.2,1.3
5577150313,2016-04-14,11,4.58,13.8
5577150313,2016-04-14,12,1.82,4.8
5577150313,2016-04-14,13,1.57,6.1
5577150313,2016-04-14,14,7.43,12.8
5577150313,2016-04-14,15,3.92,10.0
5577150313,2016-04-14,16,3.79,7.0
5577150313,2016-04-14,17,1.85,6.4
5577150313,2016-04-14,18,1.39,4.2
5577150313,2016-04-14,19,3.1,10.0
5577150313,2016-04-14,20,2.0,5.0
5577150313,2016-04-14,21,1.39,4.2
5577150313,2016-04-14,22,1.06,2.8
5577150313,2016-04-14,23,1.0,1.1
5577150313,2016-04-15,0,1.09,3.0
5577150313,2016-04-15,1,1.03,1.3
5577150313,2016-04-15,2,1.03,2.4
5577150313,2016-04-15,3,1.02,2.2
5577150313,2016-04-15,4,1.05,2.4
5577150313,2016-04-15,5,2.02,12.1
5577150313,2016-04-15,6,5.6,10.0
5577150313,2016-04-15,7,2.28,7.4
5577150313,2016-04-15,8,1.56,4.2
5577150313,2016-04-15,9,1.66,5.6
5577150313,2016-04-15,10,1.53,5.8
5577150313,2016-04-15,11,3.03,10.4
5577150313,2016-04-15,12,2.24,6.6
5577150313,2016-04-15,13,2.09,7.0
5577150313,2016-04-15,14,2.38,8.0
5577150313,2016-04-15,15,3.75,8.6
5577150313,2016-04-15,16,2.11,7.8
5577150313,2016-04-15,17,1.23,3.8
5577150313,2016-04-15,18,3.02,9.4
5577150313,2016-04-15,19,5.0,12.0
5577150313,2016-04-15,20,4.57,9.6
5577150313,2016-04-15,21,1.25,2.6
5577150313,2016-04-15,22,1.23,2.8
5577150313,2016-04-15,23,1.0,1.1
5577150313,2016-04-16,0,1.14,3.2
5577150313,2016-04-16,1,1.03,2.2
5577150313,2016-04-16,2,1.12,3.2
5577150313,2016-04-16,3,1.02,2.2
5577150313,2016-04-16,4,1.01,1.2
5577150313,2016-04-16,5,1.01,1.1
5577150313,2016-04-16,6,3.75,10.0
5577150313,2016-04-16,7,4.89,7.6
5577150313,2016-04-16,8,1.23,3.4
5577150313,2016-04-16,9,1.1,2.4
5577150313,2016-04-16,10,4.42,10.0
5577150313,2016-04-16,11,2.97,7.8
5577150313,2016-04-16,12,2.23,7.4
5577150313,2016-04-16,13,5.56,9.2
5577150313,2016-04-16,14,8.06,9.8
5577150313,2016-04-16,15,2.04,6.8
5577150313,2016-04-16,16,1.41,3.8
5577150313,2016-04-16,17,2.07,6.5
5577150313,2016-04-16,18,3.12,10.0
5577150313,2016-04-16,19,2.61,8.4
5577150313,2016-04-16,20,1.46,4.2
5577150313,2016-04-16,21,1.0,1.1
5577150313,2016-04-16,22,1.03,2.4
5577150313,2016-04-16,23,1.01,1.1
5577150313,2016-04-17,0,1.03,2.4
5577150313,2016-04-17,1,1.0,1.1
5577150313,2016-04-17,2,1.09,2.8
5577150313,2016-04-17,3,1.0,1.1
5577150313,2016-04-17,4,1.03,2.4
5577150313,2016-04-17,5,1.03,2.4
5577150313,2016-04-17,6,3.29,8.0
5577150313,2016-04-17,7,6.12,13.8
5577150313,2016-04-17,8,1.98,5.8
5577150313,2016-04-17,9,3.39,9.2
5577150313,2016-04-17,10,3.12,8.8
5577150313,2016-04-17,11,4.68,9.2
5577150313,2016-04-17,12,7.41,10.6
5577150313,2016-04-17,13,5.34,8.8
5577150313,2016-04-17,14,2.49,8.8
5577150313,2016-04-17,15,1.85,7.8
5577150313,2016-04-17,16,1.3,2.8
5577150313,2016-04-17,17,1.28,2.6
5577150313,2016-04-17,18,2.27,7.8
5577150313,2016-04-17,19,1.4,4.8
5577150313,2016-04-17,20,2.14,6.8
5577150313,2016-04-17,21,3.75,9.2
5577150313,2016-04-17,22,1.03,2.6
5577150313,2016-04-17,23,1.01,1.1
5577150313,2016-04-18,0,1.0,1.2
5577150313,2016-04-18,1,1.0,1.1
5577150313,2016-04-18,2,1.0,1.1
5577150313,2016-04-18,3,1.0,1.0
5577150313,2016-04-18,4,1.01,1.2
5577150313,2016-04-18,5,1.03,2.4
5577150313,2016-04-18,6,1.01,1.2
5577150313,2016-04-18,7,1.52,3.4
5577150313,2016-04-18,8,1.32,3.4
5577150313,2016-04-18,9,5.6,9.6
5577150313,2016-04-18,10,7.17,10.2
5577150313,2016-04-18,11,1.69,7.6
5577150313,2016-04-18,12,1.49,4.2
5577150313,2016-04-18,13,1.07,2.6
5577150313,2016-04-18,14,2.49,8.6
5577150313,2016-04-18,15,2.54,12.2
5577150313,2016-04-18,16,1.96,7.6
5577150313,2016-04-18,17,1.47,5.4
5577150313,2016-04-18,18,2.94,8.2
5577150313,2016-04-18,19,3.54,7.7
5577150313,2016-04-18,20,1.92,5.0
5577150313,2016-04-18,21,1.82,6.2
5577150313,2016-04-18,22,1.09,1.3
5577150313,2016-04-18,23,1.12,3.2
5577150313,2016-04-19,0,1.05,1.2
5577150313,2016-04-19,1,1.04,1.3
5577150313,2016-04-19,2,1.06,1.5
5577150313,2016-04-19,3,1.0,1.1
5577150313,2016-04-19,4,1.01,1.2
5577150313,2016-04-19,5,1.01,1.1
5577150313,2016-04-19,6,1.15,2.8
5577150313,2016-04-19,7,4.73,7.8
5577150313,2016-04-19,8,3.26,8.8
5577150313,2016-04-19,9,1.34,3.2
5577150313,2016-04-19,10,1.63,6.0
5577150313,2016-04-19,11,1.4,4.5
5577150313,2016-04-19,12,2.47,7.4
5577150313,2016-04-19,13,1.83,5.2
5577150313,2016-04-19,14,4.14,9.8
5577150313,2016-04-19,15,2.68,11.4
5577150313,2016-04-19,16,2.2,10.6
5577150313,2016-04-19,17,1.33,1.5
5577150313,2016-04-19,18,1.5,3.8
5577150313,2016-04-19,19,1.35,4.0
5577150313,2016-04-19,20,5.46,12.4
5577150313,2016-04-19,21,1.37,3.2
5577150313,2016-04-19,22,1.08,2.8
5577150313,2016-04-19,23,1.07,2.6
5577150313,2016-04-20,0,1.03,1.3
5577150313,2016-04-20,1,1.0,1.1
5577150313,2016-04-20,2,1.03,2.4
5577150313,2016-04-20,3,1.02,2.4
5577150313,2016-04-20,4,1.03,2.6
5577150313,2016-04-20,5,1.0,1.1
5577150313,2016-04-20,6,1.0,1.1
5577150313,2016-04-20,7,1.0,1.0
5577150313,2016-04-20,8,5.66,9.8
5577150313,2016-04-20,9,3.17,9.8
5577150313,2016-04-20,10,2.88,9.2
5577150313,2016-04-20,11,1.96,8.0
5577150313,2016-04-20,12,2.23,8.8
5577150313,2016-04-20,13,1.95,6.2
5577150313,2016-04-20,14,1.82,6.6
5577150313,2016-04-20,15,1.25,2.6
5577150313,2016-04-20,16,1.97,7.4
5577150313,2016-04-20,17,1.4,3.0
5577150313,2016-04-20,18,1.93,7.2
5577150313,2016-04-20,19,2.51,7.2
5577150313,2016-04-20,20,1.78,7.6
5577150313,2016-04-20,21,1.1,3.0
5577150313,2016-04-20,22,1.26,4.2
5577150313,2016-04-20,23,1.08,3.2
5577150313,2016-04-21,0,1.05,1.3
5577150313,2016-04-21,1,1.0,1.1
5577150313,2016-04-21,2,1.04,2.4
5577150313,2016-04-21,3,1.03,2.4
5577150313,2016-04-21,4,1.01,1.3
5577150313,2016-04-21,5,1.04,2.4
5577150313,2016-04-21,6,6.74,10.0
5577150313,2016-04-21,7,2.4,7.8
5577150313,2016-04-21,8,1.79,7.0
5577150313,2016-04-21,9,1.72,4.6
5577150313,2016-04-21,10,1.28,1.5
5577150313,2016-04-21,11,4.4,13.4
5577150313,2016-04-21,12,1.43,3.4
5577150313,2016-04-21,13,1.96,7.8
5577150313,2016-04-21,14,3.18,8.4
5577150313,2016-04-21,15,4.43,8.4
5577150313,2016-04-21,16,3.8,9.0
5577150313,2016-04-21,17,3.5,8.2
5577150313,2016-04-21,18,1.47,4.6
5577150313,2016-04-21,19,3.59,9.0
5577150313,2016-04-21,20,1.72,6.8
5577150313,2016-04-21,21,1.06,2.6
5577150313,2016-04-21,22,1.35,3.2
5577150313,2016-04-21,23,1.01,1.1
5577150313,2016-04-22,0,1.02,2.4
5577150313,2016-04-22,1,1.01,1.2
5577150313,2016-04-22,2,1.02,1.3
5577150313,2016-04-22,3,1.28,3.6
5577150313,2016-04-22,4,1.01,1.1
5577150313,2016-04-22,5,1.8,6.8
5577150313,2016-04-22,6,6.02,9.4
5577150313,2016-04-22,7,2.15,5.6
5577150313,2016-04-22,8,2.0,8.2
5577150313,2016-04-22,9,1.84,7.2
5577150313,2016-04-22,10,1.74,5.8
5577150313,2016-04-22,11,2.04,6.8
5577150313,2016-04-22,12,2.03,6.6
5577150313,2016-04-22,13,1.12,3.0
5577150313,2016-04-22,14,1.1,3.0
5577150313,2016-04-22,15,1.06,2.4
5577150313,2016-04-22,16,1.19,3.2
5577150313,2016-04-22,17,1.72,4.8
5577150313,2016-04-22,18,2.16,7.4
5577150313,2016-04-22,19,2.13,7.0
5577150313,2016-04-22,20,2.44,8.6
5577150313,2016-04-22,21,1.08,6.0
5577150313,2016-04-22,22,2.92,9.0
5577150313,2016-04-22,23,1.39,4.2
5577150313,2016-04-23,0,1.03,2.4
5577150313,2016-04-23,1,1.04,1.3
5577150313,2016-04-23,2,1.03,2.4
5577150313,2016-04-23,3,1.03,1.3
5577150313,2016-04-23,4,1.09,3.2
5577150313,2016-04-23,5,1.0,1.1
5577150313,2016-04-23,6,1.46,5.6
5577150313,2016-04-23,7,2.44,7.0
5577150313,2016-04-23,8,1.18,2.8
5577150313,2016-04-23,9,1.59,5.0
5577150313,2016-04-23,10,3.2,7.8
5577150313,2016-04-23,11,2.11,7.6
5577150313,2016-04-23,12,1.61,6.6
5577150313,2016-04-23,13,2.03,6.8
5577150313,2016-04-23,14,1.16,5.6
5577150313,2016-04-23,15,3.47,7.8
5577150313,2016-04-23,16,1.54,5.2
5577150313,2016-04-23,17,2.62,6.8
5577150313,2016-04-23,18,2.86,10.4
5577150313,2016-04-23,19,2.72,12.6
5577150313,2016-04-23,20,2.15,7.2
5577150313,2016-04-23,21,1.15,5.0
5577150313,2016-04-23,22,1.04,2.4
5577150313,2016-04-23,23,1.02,2.4
5577150313,2016-04-24,0,1.01,1.2
5577150313,2016-04-24,1,1.18,3.8
5577150313,2016-04-24,2,1.11,3.0
5577150313,2016-04-24,3,1.01,1.3
5577150313,2016-04-24,4,1.01,1.3
5577150313,2016-04-24,5,1.0,1.1
5577150313,2016-04-24,6,1.03,2.6
5577150313,2016-04-24,7,1.77,7.0
5577150313,2016-04-24,8,1.8,7.0
5577150313,2016-04-24,9,1.61,4.6
5577150313,2016-04-24,10,4.88,7.6
5577150313,2016-04-24,11,6.75,9.0
5577150313,2016-04-24,12,1.71,6.2
5577150313,2016-04-24,13,1.72,8.2
5577150313,2016-04-24,14,2.47,8.8
5577150313,2016-04-24,15,6.93,9.6
5577150313,2016-04-24,16,4.42,8.0
5577150313,2016-04-24,17,5.89,9.4
5577150313,2016-04-24,18,2.49,7.4
5577150313,2016-04-24,19,3.16,8.0
5577150313,2016-04-24,20,1.5,6.4
5577150313,2016-04-24,21,1.34,3.6
5577150313,2016-04-24,22,1.06,2.6
5577150313,2016-04-24,23,1.07,2.8
5577150313,2016-04-25,0,1.03,2.4
5577150313,2016-04-25,1,1.0,1.0
5577150313,2016-04-25,2,1.0,1.2
5577150313,2016-04-25,3,1.03,2.4
5577150313,2016-04-25,4,1.03,2.6
5577150313,2016-04-25,5,1.19,3.2
5577150313,2016-04-25,6,5.38,9.2
5577150313,2016-04-25,7,2.41,5.7
5577150313,2016-04-25,8,1.58,4.6
5577150313,2016-04-25,9,1.43,4.2
5577150313,2016-04-25,10,3.82,8.4
5577150313,2016-04-25,11,2.52,7.8
5577150313,2016-04-25,12,2.57,5.4
5577150313,2016-04-25,13,2.56,5.6
5577150313,2016-04-25,14,1.58,5.9
5577150313,2016-04-25,15,1.5,4.4
5577150313,2016-04-25,16,2.19,4.6
5577150313,2016-04-25,17,1.7,5.6
5577150313,2016-04-25,18,1.28,3.4
5577150313,2016-04-25,19,2.81,8.4
5577150313,2016-04-25,20,1.56,6.6
5577150313,2016-04-25,21,1.22,3.4
5577150313,2016-04-25,22,1.09,2.4
5577150313,2016-04-25,23,1.0,1.1
5577150313,2016-04-26,0,1.05,3.4
5577150313,2016-04-26,1,1.0,1.1
5577150313,2016-04-26,2,1.01,1.2
5577150313,2016-04-26,3,1.0,1.1
5577150313,2016-04-26,4,1.07,2.4
5577150313,2016-04-26,5,3.03,7.8
5577150313,2016-04-26,6,3.91,8.2
5577150313,2016-04-26,7,1.64,5.4
5577150313,2016-04-26,8,2.04,6.8
5577150313,2016-04-26,9,1.35,4.4
5577150313,2016-04-26,10,1.47,5.4
5577150313,2016-04-26,11,1.69,4.9
5577150313,2016-04-26,12,2.23,5.4
5577150313,2016-04-26,13,2.6,6.7
5577150313,2016-04-26,14,1.95,6.2
5577150313,2016-04-26,15,1.47,3.8
5577150313,2016-04-26,16,1.51,4.4
5577150313,2016-04-26,17,1.13,1.3
5577150313,2016-04-26,18,1.52,6.6
5577150313,2016-04-26,19,2.0,6.6
5577150313,2016-04-26,20,2.79,6.4
5577150313,2016-04-26,21,1.23,3.0
5577150313,2016-04-26,22,1.01,1.1
5577150313,2016-04-26,23,1.04,3.0
5577150313,2016-04-27,0,1.01,1.3
5577150313,2016-04-27,1,1.03,2.4
5577150313,2016-04-27,2,1.01,1.2
5577150313,2016-04-27,3,1.0,1.0
5577150313,2016-04-27,4,1.0,1.1
5577150313,2016-04-27,5,1.43,4.0
5577150313,2016-04-27,6,5.67,9.2
5577150313,2016-04-27,7,1.86,6.8
5577150313,2016-04-27,8,1.69,4.8
5577150313,2016-04-27,9,2.2,7.1
5577150313,2016-04-27,10,1.42,3.6
5577150313,2016-04-27,11,1.81,5.2
5577150313,2016-04-27,12,1.53,4.6
5577150313,2016-04-27,13,1.43,4.4
5577150313,2016-04-27,14,1.3,3.2
5577150313,2016-04-27,15,2.48,7.2
5577150313,2016-04-27,16,1.98,7.6
5577150313,2016-04-27,17,1.5,4.6
5577150313,2016-04-27,18,2.27,9.2
5577150313,2016-04-27,19,5.1,9.0
5577150313,2016-04-27,20,1.19,4.2
5577150313,2016-04-27,21,1.31,4.0
5577150313,2016-04-27,22,1.2,3.2
5577150313,2016-04-27,23,1.03,2.4
5577150313,2016-04-28,0,1.06,2.6
5577150313,2016-04-28,1,1.05,1.3
5577150313,2016-04-28,2,1.03,2.4
5577150313,2016-04-28,3,1.01,1.3
5577150313,2016-04-28,4,1.01,1.1
5577150313,2016-04-28,5,2.23,9.1
5577150313,2016-04-28,6,5.03,9.4
5577150313,2016-04-28,7,2.81,7.4
5577150313,2016-04-28,8,1.9,6.6
5577150313,2016-04-28,9,1.32,4.4
5577150313,2016-04-28,10,1.46,6.2
5577150313,2016-04-28,11,4.12,13.2
5577150313,2016-04-28,12,1.0,1.0
5577150313,2016-04-28,13,2.5,8.0
5577150313,2016-04-28,14,2.62,5.2
5577150313,2016-04-28,15,2.46,8.4
5577150313,2016-04-28,16,1.44,6.1
5577150313,2016-04-28,17,2.29,7.8
5577150313,2016-04-28,18,1.39,4.2
5577150313,2016-04-28,19,4.37,9.0
5577150313,2016-04-28,20,1.74,7.4
5577150313,2016-04-28,21,1.4,4.6
5577150313,2016-04-28,22,1.0,1.1
5577150313,2016-04-28,23,1.01,1.2
5577150313,2016-04-29,0,1.01,1.2
5577150313,2016-04-29,1,1.08,3.2
5577150313,2016-04-29,2,1.01,1.2
5577150313,2016-04-29,3,1.01,1.1
5577150313,2016-04-29,4,1.0,1.1
5577150313,2016-04-29,5,1.07,2.8
5577150313,2016-04-29,6,5.42,8.4
5577150313,2016-04-29,7,3.15,8.8
5577150313,2016-04-29,8,1.54,5.4
5577150313,2016-04-29,9,2.02,6.4
5577150313,2016-04-29,10,1.8,5.3
5577150313,2016-04-29,11,2.03,5.8
5577150313,2016-04-29,12,1.98,6.6
5577150313,2016-04-29,13,1.15,3.6
5577150313,2016-04-29,14,1.23,3.8
5577150313,2016-04-29,15,1.35,5.0
5577150313,2016-04-29,16,1.48,6.2
5577150313,2016-04-29,17,1.2,4.8
5577150313,2016-04-29,18,1.87,5.6
5577150313,2016-04-29,19,4.91,9.2
5577150313,2016-04-29,20,6.1,10.6
5577150313,2016-04-29,21,1.16,2.8
5577150313,2016-04-29,22,1.18,3.2
5577150313,2016-04-29,23,1.0,1.1
5577150313,2016-04-30,0,1.01,1.2
5577150313,2016-04-30,1,1.01,1.1
5577150313,2016-04-30,2,1.02,1.2
5577150313,2016-04-30,3,1.0,1.1
5577150313,2016-04-30,4,1.0,1.1
5577150313,2016-04-30,5,1.04,2.6
5577150313,2016-04-30,6,1.18,3.4
5577150313,2016-04-30,7,1.47,5.6
5577150313,2016-04-30,8,1.65,7.4
5577150313,2016-04-30,9,1.29,3.2
5577150313,2016-04-30,10,5.14,9.0
5577150313,2016-04-30,11,6.84,9.8
5577150313,2016-04-30,12,3.33,10.2
5577150313,2016-04-30,13,4.38,7.6
5577150313,2016-04-30,14,3.94,8.4
5577150313,2016-04-30,15,1.72,6.6
5577150313,2016-04-30,16,1.15,2.6
5577150313,2016-04-30,17,2.03,9.0
5577150313,2016-04-30,18,7.72,9.2
5577150313,2016-04-30,19,5.4,9.1
5577150313,2016-04-30,20,1.83,7.4
5577150313,2016-04-30,21,1.67,5.6
5577150313,2016-04-30,22,1.34,6.8
5577150313,2016-04-30,23,1.18,3.0
5577150313,2016-05-01,0,1.01,1.1
5577150313,2016-05-01,1,1.03,2.6
5577150313,2016-05-01,2,1.06,2.6
5577150313,2016-05-01,3,1.02,1.2
5577150313,2016-05-01,4,1.01,1.1
5577150313,2016-05-01,5,1.01,1.1
5577150313,2016-05-01,6,1.38,6.0
5577150313,2016-05-01,7,1.13,2.6
5577150313,2016-05-01,8,4.42,8.6
5577150313,2016-05-01,9,4.94,7.4
5577150313,2016-05-01,10,6.91,8.8
5577150313,2016-05-01,11,6.16,8.4
5577150313,2016-05-01,12,2.1,9.0
5577150313,2016-05-01,13,2.04,6.4
5577150313,2016-05-01,14,2.34,5.6
5577150313,2016-05-01,15,1.8,5.2
5577150313,2016-05-01,16,4.07,7.4
5577150313,2016-05-01,17,1.71,5.2
5577150313,2016-05-01,18,4.89,9.4
5577150313,2016-05-01,19,5.2,10.6
5577150313,2016-05-01,20,1.4,5.4
5577150313,2016-05-01,21,1.27,3.6
5577150313,2016-05-01,22,1.0,1.1
5577150313,2016-05-01,23,1.06,2.4
5577150313,2016-05-02,0,1.0,1.1
5577150313,2016-05-02,1,1.01,1.1
5577150313,2016-05-02,2,1.1,3.4
5577150313,2016-05-02,3,1.01,1.3
5577150313,2016-05-02,4,1.0,1.1
5577150313,2016-05-02,5,1.05,2.4
5577150313,2016-05-02,6,5.45,9.6
5577150313,2016-05-02,7,3.22,8.6
5577150313,2016-05-02,8,1.54,5.0
5577150313,2016-05-02,9,1.4,4.6
5577150313,2016-05-02,10,2.46,7.0
5577150313,2016-05-02,11,1.7,4.2
5577150313,2016-05-02,12,1.38,4.0
5577150313,2016-05-02,13,1.8,6.2
5577150313,2016-05-02,14,1.78,5.4
5577150313,2016-05-02,15,1.91,3.8
5577150313,2016-05-02,16,1.52,5.4
5577150313,2016-05-02,17,1.24,3.8
5577150313,2016-05-02,18,1.42,5.0
5577150313,2016-05-02,19,1.44,6.0
5577150313,2016-05-02,20,1.92,4.2
5577150313,2016-05-02,21,1.14,3.0
5577150313,2016-05-02,22,1.1,2.8
5577150313,2016-05-02,23,1.17,6.8
5577150313,2016-05-03,0,2.64,7.4
5577150313,2016-05-03,1,3.78,9.0
5577150313,2016-05-03,2,2.81,6.8
5577150313,2016-05-03,3,1.4,4.4
5577150313,2016-05-03,4,2.76,7.8
5577150313,2016-05-03,5,2.65,6.4
5577150313,2016-05-03,6,1.86,6.0
5577150313,2016-05-03,7,2.28,7.6
5577150313,2016-05-03,8,2.11,7.0
5577150313,2016-05-03,9,3.22,9.0
5577150313,2016-05-03,10,6.53,11.2
5577150313,2016-05-03,11,1.42,4.0
5577150313,2016-05-03,12,1.06,2.6
5577150313,2016-05-03,13,1.03,2.6
5577150313,2016-05-03,14,1.01,1.1
5577150313,2016-05-03,15,1.07,3.2
5577150313,2016-05-03,16,1.0,1.1
5577150313,2016-05-03,17,1.01,1.1
5577150313,2016-05-03,18,1.01,1.3
5577150313,2016-05-03,19,1.03,2.4
5577150313,2016-05-03,20,1.08,2.6
5577150313,2016-05-03,21,2.46,9.2
5577150313,2016-05-03,22,3.38,9.2
5577150313,2016-05-03,23,1.48,2.8
5577150313,2016-05-04,0,1.95,5.8
5577150313,2016-05-04,1,1.23,2.6
5577150313,2016-05-04,2,1.73,5.8
5577150313,2016-05-04,3,1.3,3.6
5577150313,2016-05-04,4,2.14,7.8
5577150313,2016-05-04,5,1.66,5.4
5577150313,2016-05-04,6,1.72,6.1
5577150313,2016-05-04,7,1.79,7.8
5577150313,2016-05-04,8,2.38,7.8
5577150313,2016-05-04,9,3.04,11.0
5577150313,2016-05-04,10,2.03,8.0
5577150313,2016-05-04,11,1.0,1.2
5577150313,2016-05-04,12,1.04,2.4
5577150313,2016-05-04,13,1.01,1.2
5577150313,2016-05-04,14,1.0,1.1
5577150313,2016-05-04,15,1.02,1.2
5577150313,2016-05-04,16,1.01,1.2
5577150313,2016-05-04,17,1.0,1.1
5577150313,2016-05-04,18,1.01,1.3
5577150313,2016-05-04,19,1.01,1.1
5577150313,2016-05-04,20,1.02,2.2
5577150313,2016-05-04,21,1.47,7.2
5577150313,2016-05-04,22,2.29,8.8
5577150313,2016-05-04,23,1.43,3.4
5577150313,2016-05-05,0,2.0,5.4
5577150313,2016-05-05,1,1.0,1.0
5577150313,2016-05-05,2,1.0,1.0
5577150313,2016-05-05,3,1.0,1.0
5577150313,2016-05-05,4,1.0,1.0
5577150313,2016-05-05,5,1.0,1.0
5577150313,2016-05-05,6,1.0,1.0
5577150313,2016-05-05,7,1.0,1.0
5577150313,2016-05-05,8,1.0,1.0
5577150313,2016-05-05,9,1.01,1.2
5577150313,2016-05-05,10,1.59,9.0
5577150313,2016-05-05,11,2.22,7.2
5577150313,2016-05-05,12,3.64,8.2
5577150313,2016-05-05,13,1.1,2.6
5577150313,2016-05-05,14,2.34,10.2
5577150313,2016-05-05,15,1.22,2.6
5577150313,2016-05-05,16,1.37,2.6
5577150313,2016-05-05,17,2.52,10.4
5577150313,2016-05-05,18,1.33,4.0
5577150313,2016-05-05,19,3.1,9.6
5577150313,2016-05-05,20,2.41,6.4
5577150313,2016-05-05,21,3.78,8.6
5577150313,2016-05-05,22,1.0,1.0
5577150313,2016-05-05,23,1.0,1.0
5577150313,2016-05-06,0,1.0,1.0
5577150313,2016-05-06,1,1.0,1.0
5577150313,2016-05-06,2,1.0,1.0
5577150313,2016-05-06,3,1.0,1.0
5577150313,2016-05-06,4,1.0,1.0
5577150313,2016-05-06,5,1.0,1.0
5577150313,2016-05-06,6,1.07,5.4
5577150313,2016-05-06,7,4.21,9.2
5577150313,2016-05-06,8,2.5,8.4
5577150313,2016-05-06,9,1.09,2.4
5577150313,2016-05-06,10,2.44,9.6
5577150313,2016-05-06,11,3.45,9.0
5577150313,2016-05-06,12,2.37,8.2
5577150313,2016-05-06,13,1.24,3.6
5577150313,2016-05-06,14,1.27,3.8
5577150313,2016-05-06,15,1.03,1.2
5577150313,2016-05-06,16,1.18,5.0
5577150313,2016-05-06,17,1.0,1.0
5577150313,2016-05-06,18,1.0,1.0
5577150313,2016-05-06,19,1.0,1.0
5577150313,2016-05-06,20,1.0,1.0
5577150313,2016-05-06,21,1.0,1.0
5577150313,2016-05-06,22,1.0,1.0
5577150313,2016-05-06,23,1.0,1.0
5577150313,2016-05-07,0,1.0,1.0
5577150313,2016-05-07,1,1.0,1.0
5577150313,2016-05-07,2,1.0,1.0
5577150313,2016-05-07,3,1.0,1.0
5577150313,2016-05-07,4,1.0,1.0
5577150313,2016-05-07,5,1.0,1.0
5577150313,2016-05-07,6,1.0,1.0
5577150313,2016-05-07,7,1.0,1.0
5577150313,2016-05-07,8,1.0,1.0
5577150313,2016-05-07,9,1.0,1.0
5577150313,2016-05-07,10,1.0,1.0
5577150313,2016-05-07,11,1.0,1.0
5577150313,2016-05-07,12,1.0,1.0
5577150313,2016-05-07,13,1.0,1.0
5577150313,2016-05-07,14,1.0,1.0
5577150313,2016-05-07,15,1.0,1.0
5577150313,2016-05-07,16,1.0,1.0
5577150313,2016-05-07,17,1.0,1.0
5577150313,2016-05-07,18,1.0,1.0
5577150313,2016-05-07,19,1.0,1.0
5577150313,2016-05-07,20,1.0,1.0
5577150313,2016-05-07,21,1.0,1.0
5577150313,2016-05-07,22,1.0,1.0
5577150313,2016-05-07,23,1.0,1.0
5577150313,2016-05-08,0,1.0,1.0
5577150313,2016-05-08,1,1.0,1.0
5577150313,2016-05-08,2,1.0,1.0
5577150313,2016-05-08,3,1.0,1.0
5577150313,2016-05-08,4,1.0,1.0
5577150313,2016-05-08,5,1.0,1.0
5577150313,2016-05-08,6,1.0,1.0
5577150313,2016-05-08,7,1.0,1.0
5577150313,2016-05-08,8,1.0,1.0
5577150313,2016-05-08,9,1.0,1.0
5577150313,2016-05-08,10,1.0,1.0
5577150313,2016-05-08,11,1.0,1.0
5577150313,2016-05-08,12,1.0,1.0
5577150313,2016-05-08,13,1.0,1.0
5577150313,2016-05-08,14,1.0,1.0
5577150313,2016-05-08,15,1.0,1.0
5577150313,2016-05-08,16,1.0,1.0
5577150313,2016-05-08,17,1.0,1.0
5577150313,2016-05-08,18,1.0,1.0
5577150313,2016-05-08,19,1.0,1.0
5577150313,2016-05-08,20,1.0,1.0
5577150313,2016-05-08,21,1.0,1.0
5577150313,2016-05-08,22,1.0,1.0
5577150313,2016-05-08,23,1.0,1.0
5577150313,2016-05-09,0,1.0,1.0
5577150313,2016-05-09,1,1.0,1.0
5577150313,2016-05-09,2,1.0,1.0
5577150313,2016-05-09,3,1.0,1.0
5577150313,2016-05-09,4,1.0,1.0
5577150313,2016-05-09,5,1.0,1.0
5577150313,2016-05-09,6,1.0,1.0
5577150313,2016-05-09,7,1.0,1.0
5577150313,2016-05-09,8,1.0,1.0
5577150313,2016-05-09,9,1.0,1.0
5577150313,2016-05-09,10,1.0,1.0
5577150313,2016-05-09,11,1.1,4.4
5577150313,2016-05-09,12,2.62,9.6
5577150313,2016-05-09,13,1.46,4.4
5577150313,2016-05-09,14,2.62,6.0
5577150313,2016-05-09,15,1.72,6.6
5577150313,2016-05-09,16,1.29,4.6
5577150313,2016-05-09,17,1.53,4.2
5577150313,2016-05-09,18,1.56,5.4
5577150313,2016-05-09,19,3.35,8.4
5577150313,2016-05-09,20,1.26,6.2
5577150313,2016-05-09,21,1.19,3.0
5577150313,2016-05-09,22,1.0,1.1
5577150313,2016-05-09,23,1.14,3.0
5577150313,2016-05-10,0,1.05,2.4
5577150313,2016-05-10,1,1.0,1.1
5577150313,2016-05-10,2,1.03,2.2
5577150313,2016-05-10,3,1.0,1.1
5577150313,2016-05-10,4,1.01,1.1
5577150313,2016-05-10,5,1.27,3.6
5577150313,2016-05-10,6,5.24,9.0
5577150313,2016-05-10,7,2.12,7.8
5577150313,2016-05-10,8,3.17,7.7
5577150313,2016-05-10,9,2.75,6.8
5577150313,2016-05-10,10,1.6,5.6
5577150313,2016-05-10,11,4.05,13.6
5577150313,2016-05-10,12,1.34,3.8
5577150313,2016-05-10,13,1.7,5.8
5577150313,2016-05-10,14,4.35,9.4
5577150313,2016-05-10,15,2.51,8.6
5577150313,2016-05-10,16,1.82,5.8
5577150313,2016-05-10,17,2.52,7.8
5577150313,2016-05-10,18,1.58,5.2
5577150313,2016-05-10,19,4.25,7.8
5577150313,2016-05-10,20,1.7,9.1
5577150313,2016-05-10,21,1.45,3.6
5577150313,2016-05-10,22,1.06,2.4
5577150313,2016-05-10,23,1.1,3.4
5577150313,2016-05-11,0,1.01,1.3
5577150313,2016-05-11,1,1.04,1.3
5577150313,2016-05-11,2,1.05,2.4
5577150313,2016-05-11,3,1.0,1.1
5577150313,2016-05-11,4,1.04,2.6
5577150313,2016-05-11,5,1.11,2.6
5577150313,2016-05-11,6,5.48,9.8
5577150313,2016-05-11,7,2.11,6.2
5577150313,2016-05-11,8,1.52,5.0
5577150313,2016-05-11,9,1.77,5.2
5577150313,2016-05-11,10,1.43,6.4
5577150313,2016-05-11,11,3.19,13.8
6117666160,2016-04-12,0,1.0,1.0
6117666160,2016-04-12,1,1.0,1.0
6117666160,2016-04-12,2,1.0,1.0
6117666160,2016-04-12,3,1.0,1.0
6117666160,2016-04-12,4,1.0,1.0
6117666160,2016-04-12,5,1.0,1.0
6117666160,2016-04-12,6,1.0,1.0
6117666160,2016-04-12,7,1.0,1.0
6117666160,2016-04-12,8,1.0,1.0
6117666160,2016-04-12,9,1.0,1.0
6117666160,2016-04-12,10,1.0,1.0
6117666160,2016-04-12,11,1.0,1.0
6117666160,2016-04-12,12,1.0,1.0
6117666160,2016-04-12,13,1.0,1.0
6117666160,2016-04-12,14,1.0,1.0
6117666160,2016-04-12,15,1.0,1.0
6117666160,2016-04-12,16,1.0,1.0
6117666160,2016-04-12,17,1.0,1.0
6117666160,2016-04-12,18,1.0,1.0
6117666160,2016-04-12,19,1.0,1.0
6117666160,2016-04-12,20,1.0,1.0
6117666160,2016-04-12,21,1.0,1.0
6117666160,2016-04-12,22,1.0,1.0
6117666160,2016-04-12,23,1.0,1.0
6117666160,2016-04-13,0,1.0,1.0
6117666160,2016-04-13,1,1.0,1.0
6117666160,2016-04-13,2,1.0,1.0
6117666160,2016-04-13,3,1.0,1.0
6117666160,2016-04-13,4,1.0,1.0
6117666160,2016-04-13,5,1.0,1.0
6117666160,2016-04-13,6,1.0,1.0
6117666160,2016-04-13,7,1.0,1.0
6117666160,2016-04-13,8,1.0,1.0
6117666160,2016-04-13,9,1.0,1.0
6117666160,2016-04-13,10,1.0,1.0
6117666160,2016-04-13,11,1.0,1.0
6117666160,2016-04-13,12,1.0,1.0
6117666160,2016-04-13,13,1.0,1.0
6117666160,2016-04-13,14,1.0,1.0
6117666160,2016-04-13,15,1.0,1.0
6117666160,2016-04-13,16,1.0,1.0
6117666160,2016-04-13,17,1.0,1.0
6117666160,2016-04-13,18,1.0,1.0
6117666160,2016-04-13,19,1.0,1.0
6117666160,2016-04-13,20,1.0,1.0
6117666160,2016-04-13,21,1.0,1.0
6117666160,2016-04-13,22,1.0,1.0
6117666160,2016-04-13,23,1.0,1.0
6117666160,2016-04-14,0,1.0,1.0
6117666160,2016-04-14,1,1.0,1.0
6117666160,2016-04-14,2,1.0,1.0
6117666160,2016-04-14,3,1.0,1.0
6117666160,2016-04-14,4,1.0,1.0
6117666160,2016-04-14,5,1.0,1.0
6117666160,2016-04-14,6,1.0,1.0
6117666160,2016-04-14,7,1.0,1.0
6117666160,2016-04-14,8,1.0,1.0
6117666160,2016-04-14,9,1.0,1.0
6117666160,2016-04-14,10,1.0,1.0
6117666160,2016-04-14,11,1.0,1.0
6117666160,2016-04-14,12,1.0,1.0
6117666160,2016-04-14,13,1.0,1.0
6117666160,2016-04-14,14,1.0,1.0
6117666160,2016-04-14,15,1.0,1.0
6117666160,2016-04-14,16,1.0,1.0
6117666160,2016-04-14,17,1.0,1.0
6117666160,2016-04-14,18,1.0,1.0
6117666160,2016-04-14,19,1.0,1.0
6117666160,2016-04-14,20,1.0,1.0
6117666160,2016-04-14,21,1.0,1.0
6117666160,2016-04-14,22,1.0,1.0
6117666160,2016-04-14,23,1.0,1.0
6117666160,2016-04-15,0,1.0,1.0
6117666160,2016-04-15,1,1.0,1.0
6117666160,2016-04-15,2,1.0,1.0
6117666160,2016-04-15,3,1.0,1.0
6117666160,2016-04-15,4,1.0,1.0
6117666160,2016-04-15,5,1.0,1.0
6117666160,2016-04-15,6,1.0,1.0
6117666160,2016-04-15,7,1.0,1.0
6117666160,2016-04-15,8,1.0,1.0
6117666160,2016-04-15,9,1.0,1.0
6117666160,2016-04-15,10,1.0,1.0
6117666160,2016-04-15,11,2.38,5.8
6117666160,2016-04-15,12,3.28,5.6
6117666160,2016-04-15,13,2.76,4.0
6117666160,2016-04-15,14,2.79,5.0
6117666160,2016-04-15,15,2.78,4.2
6117666160,2016-04-15,16,3.1,5.6
6117666160,2016-04-15,17,3.41,4.6
6117666160,2016-04-15,18,2.95,4.4
6117666160,2016-04-15,19,2.97,4.6
6117666160,2016-04-15,20,3.5,4.8
6117666160,2016-04-15,21,2.03,4.6
6117666160,2016-04-15,22,1.31,3.4
6117666160,2016-04-15,23,1.68,3.8
6117666160,2016-04-16,0,1.21,3.6
6117666160,2016-04-16,1,1.0,1.1
6117666160,2016-04-16,2,1.03,2.6
6117666160,2016-04-16,3,1.04,2.8
6117666160,2016-04-16,4,1.0,1.1
6117666160,2016-04-16,5,1.0,1.1
6117666160,2016-04-16,6,1.0,1.1
6117666160,2016-04-16,7,1.34,3.6
6117666160,2016-04-16,8,2.91,4.6
6117666160,2016-04-16,9,2.42,5.0
6117666160,2016-04-16,10,2.94,4.6
6117666160,2016-04-16,11,2.69,4.0
6117666160,2016-04-16,12,2.92,4.2
6117666160,2016-04-16,13,2.79,4.4
6117666160,2016-04-16,14,1.96,4.2
6117666160,2016-04-16,15,2.63,4.4
6117666160,2016-04-16,16,2.03,3.8
6117666160,2016-04-16,17,2.07,4.6
6117666160,2016-04-16,18,1.82,5.0
6117666160,2016-04-16,19,1.62,4.2
6117666160,2016-04-16,20,2.63,7.8
6117666160,2016-04-16,21,1.23,2.6
6117666160,2016-04-16,22,2.33,5.2
6117666160,2016-04-16,23,1.76,5.2
6117666160,2016-04-17,0,1.51,3.4
6117666160,2016-04-17,1,1.94,5.8
6117666160,2016-04-17,2,1.15,2.6
6117666160,2016-04-17,3,1.29,3.2
6117666160,2016-04-17,4,1.02,1.2
6117666160,2016-04-17,5,1.06,3.6
6117666160,2016-04-17,6,1.05,1.2
6117666160,2016-04-17,7,1.02,1.2
6117666160,2016-04-17,8,1.38,4.4
6117666160,2016-04-17,9,1.28,4.2
6117666160,2016-04-17,10,1.18,3.0
6117666160,2016-04-17,11,1.48,3.2
6117666160,2016-04-17,12,1.62,5.2
6117666160,2016-04-17,13,3.09,5.4
6117666160,2016-04-17,14,1.78,3.8
6117666160,2016-04-17,15,1.72,3.6
6117666160,2016-04-17,16,1.0,1.1
6117666160,2016-04-17,17,2.36,4.2
6117666160,2016-04-17,18,1.75,3.8
6117666160,2016-04-17,19,1.11,2.8
6117666160,2016-04-17,20,1.05,2.4
6117666160,2016-04-17,21,2.08,4.0
6117666160,2016-04-17,22,1.77,4.0
6117666160,2016-04-17,23,1.0,1.1
6117666160,2016-04-18,0,1.5,4.2
6117666160,2016-04-18,1,1.03,2.6
6117666160,2016-04-18,2,1.03,2.4
6117666160,2016-04-18,3,1.0,1.1
6117666160,2016-04-18,4,1.0,1.1
6117666160,2016-04-18,5,1.0,1.1
6117666160,2016-04-18,6,1.01,1.1
6117666160,2016-04-18,7,1.64,4.0
6117666160,2016-04-18,8,1.85,4.2
6117666160,2016-04-18,9,1.34,4.2
6117666160,2016-04-18,10,1.0,1.0
6117666160,2016-04-18,11,1.0,1.0
6117666160,2016-04-18,12,1.0,1.0
6117666160,2016-04-18,13,1.91,5.6
6117666160,2016-04-18,14,1.19,2.6
6117666160,2016-04-18,15,1.49,3.8
6117666160,2016-04-18,16,1.64,3.2
6117666160,2016-04-18,17,1.94,4.0
6117666160,2016-04-18,18,1.51,3.6
6117666160,2016-04-18,19,2.18,4.6
6117666160,2016-04-18,20,1.28,3.8
6117666160,2016-04-18,21,1.02,1.1
6117666160,2016-04-18,22,1.45,3.0
6117666160,2016-04-18,23,1.35,3.6
6117666160,2016-04-19,0,1.01,1.3
6117666160,2016-04-19,1,1.02,2.2
6117666160,2016-04-19,2,1.0,1.0
6117666160,2016-04-19,3,1.02,2.4
6117666160,2016-04-19,4,1.01,1.1
6117666160,2016-04-19,5,1.01,1.1
6117666160,2016-04-19,6,1.01,1.1
6117666160,2016-04-19,7,1.01,1.1
6117666160,2016-04-19,8,1.88,4.6
6117666160,2016-04-19,9,1.64,4.6
6117666160,2016-04-19,10,2.36,5.2
6117666160,2016-04-19,11,2.1,4.8
6117666160,2016-04-19,12,1.62,4.0
6117666160,2016-04-19,13,2.13,3.6
6117666160,2016-04-19,14,2.33,4.4
6117666160,2016-04-19,15,2.49,4.0
6117666160,2016-04-19,16,2.66,6.0
6117666160,2016-04-19,17,2.74,4.6
6117666160,2016-04-19,18,2.48,4.0
6117666160,2016-04-19,19,2.74,4.2
6117666160,2016-04-19,20,2.33,5.0
6117666160,2016-04-19,21,1.46,3.8
6117666160,2016-04-19,22,1.3,3.4
6117666160,2016-04-19,23,1.43,4.4
6117666160,2016-04-20,0,1.01,1.3
6117666160,2016-04-20,1,1.03,1.3
6117666160,2016-04-20,2,1.03,2.4
6117666160,2016-04-20,3,1.01,1.1
6117666160,2016-04-20,4,1.02,2.4
6117666160,2016-04-20,5,1.0,1.1
6117666160,2016-04-20,6,1.01,1.1
6117666160,2016-04-20,7,1.5,3.4
6117666160,2016-04-20,8,1.72,4.0
6117666160,2016-04-20,9,1.99,3.8
6117666160,2016-04-20,10,2.13,3.8
6117666160,2016-04-20,11,1.9,3.8
6117666160,2016-04-20,12,2.23,3.6
6117666160,2016-04-20,13,2.05,3.8
6117666160,2016-04-20,14,2.32,4.6
6117666160,2016-04-20,15,3.3,10.0
6117666160,2016-04-20,16,3.99,10.0
6117666160,2016-04-20,17,1.86,4.2
6117666160,2016-04-20,18,1.62,3.0
6117666160,2016-04-20,19,1.93,3.6
6117666160,2016-04-20,20,1.56,4.0
6117666160,2016-04-20,21,1.08,3.0
6117666160,2016-04-20,22,1.03,1.3
6117666160,2016-04-20,23,1.34,3.4
6117666160,2016-04-21,0,1.0,1.1
6117666160,2016-04-21,1,1.03,2.4
6117666160,2016-04-21,2,1.0,1.1
6117666160,2016-04-21,3,1.01,1.3
6117666160,2016-04-21,4,1.0,1.1
6117666160,2016-04-21,5,1.01,1.1
6117666160,2016-04-21,6,1.02,1.1
6117666160,2016-04-21,7,1.05,2.6
6117666160,2016-04-21,8,1.03,2.6
6117666160,2016-04-21,9,1.81,3.6
6117666160,2016-04-21,10,3.12,7.9
6117666160,2016-04-21,11,1.08,1.3
6117666160,2016-04-21,12,2.36,5.8
6117666160,2016-04-21,13,2.55,5.2
6117666160,2016-04-21,14,2.28,4.8
6117666160,2016-04-21,15,2.23,4.0
6117666160,2016-04-21,16,1.33,4.4
6117666160,2016-04-21,17,1.29,4.2
6117666160,2016-04-21,18,3.07,5.2
6117666160,2016-04-21,19,2.28,3.6
6117666160,2016-04-21,20,1.18,3.0
6117666160,2016-04-21,21,1.6,4.0
6117666160,2016-04-21,22,1.37,3.6
6117666160,2016-04-21,23,1.24,3.2
6117666160,2016-04-22,0,1.3,3.4
6117666160,2016-04-22,1,1.16,1.3
6117666160,2016-04-22,2,1.0,1.0
6117666160,2016-04-22,3,1.02,2.4
6117666160,2016-04-22,4,1.0,1.1
6117666160,2016-04-22,5,1.01,1.1
6117666160,2016-04-22,6,1.08,2.6
6117666160,2016-04-22,7,1.16,3.6
6117666160,2016-04-22,8,1.01,1.1
6117666160,2016-04-22,9,1.36,3.8
6117666160,2016-04-22,10,1.59,3.2
6117666160,2016-04-22,11,1.46,4.0
6117666160,2016-04-22,12,1.92,4.8
6117666160,2016-04-22,13,1.98,3.6
6117666160,2016-04-22,14,1.95,4.0
6117666160,2016-04-22,15,2.29,3.6
6117666160,2016-04-22,16,1.95,5.8
6117666160,2016-04-22,17,2.48,6.3
6117666160,2016-04-22,18,2.2,4.2
6117666160,2016-04-22,19,2.66,3.8
6117666160,2016-04-22,20,2.6,4.4
6117666160,2016-04-22,21,1.9,4.0
6117666160,2016-04-22,22,1.49,3.6
6117666160,2016-04-22,23,1.09,3.2
6117666160,2016-04-23,0,1.03,2.4
6117666160,2016-04-23,1,1.0,1.0
6117666160,2016-04-23,2,1.23,3.6
6117666160,2016-04-23,3,1.03,2.4
6117666160,2016-04-23,4,1.0,1.1
6117666160,2016-04-23,5,1.0,1.1
6117666160,2016-04-23,6,1.0,1.1
6117666160,2016-04-23,7,1.29,3.8
6117666160,2016-04-23,8,1.83,3.6
6117666160,2016-04-23,9,2.63,4.6
6117666160,2016-04-23,10,2.42,3.6
6117666160,2016-04-23,11,2.61,4.2
6117666160,2016-04-23,12,2.58,3.8
6117666160,2016-04-23,13,2.32,5.6
6117666160,2016-04-23,14,2.49,4.0
6117666160,2016-04-23,15,2.54,4.6
6117666160,2016-04-23,16,2.42,4.4
6117666160,2016-04-23,17,2.72,4.0
6117666160,2016-04-23,18,2.09,4.0
6117666160,2016-04-23,19,1.31,3.4
6117666160,2016-04-23,20,1.81,5.6
6117666160,2016-04-23,21,1.14,2.6
6117666160,2016-04-23,22,1.16,2.6
6117666160,2016-04-23,23,1.85,5.8
6117666160,2016-04-24,0,1.57,5.1
6117666160,2016-04-24,1,1.52,4.2
6117666160,2016-04-24,2,1.03,2.4
6117666160,2016-04-24,3,1.0,1.1
6117666160,2016-04-24,4,1.02,2.4
6117666160,2016-04-24,5,1.0,1.1
6117666160,2016-04-24,6,1.0,1.1
6117666160,2016-04-24,7,1.01,1.1
6117666160,2016-04-24,8,1.54,3.6
6117666160,2016-04-24,9,2.24,4.2
6117666160,2016-04-24,10,2.92,4.2
6117666160,2016-04-24,11,2.06,3.8
6117666160,2016-04-24,12,2.51,4.4
6117666160,2016-04-24,13,2.68,7.2
6117666160,2016-04-24,14,2.14,4.2
6117666160,2016-04-24,15,2.29,4.2
6117666160,2016-04-24,16,1.62,3.4
6117666160,2016-04-24,17,1.73,3.8
6117666160,2016-04-24,18,1.08,3.6
6117666160,2016-04-24,19,1.0,1.1
6117666160,2016-04-24,20,1.0,1.0
6117666160,2016-04-24,21,1.0,1.0
6117666160,2016-04-24,22,1.0,1.0
6117666160,2016-04-24,23,1.0,1.0
6117666160,2016-04-25,0,1.0,1.0
6117666160,2016-04-25,1,1.0,1.0
6117666160,2016-04-25,2,1.0,1.0
6117666160,2016-04-25,3,1.0,1.0
6117666160,2016-04-25,4,1.0,1.0
6117666160,2016-04-25,5,1.0,1.0
6117666160,2016-04-25,6,1.0,1.0
6117666160,2016-04-25,7,1.0,1.0
6117666160,2016-04-25,8,1.0,1.0
6117666160,2016-04-25,9,1.0,1.0
6117666160,2016-04-25,10,1.0,1.0
6117666160,2016-04-25,11,1.0,1.0
6117666160,2016-04-25,12,1.0,1.0
6117666160,2016-04-25,13,1.0,1.0
6117666160,2016-04-25,14,1.0,1.0
6117666160,2016-04-25,15,1.0,1.0
6117666160,2016-04-25,16,1.0,1.0
6117666160,2016-04-25,17,1.0,1.0
6117666160,2016-04-25,18,1.0,1.0
6117666160,2016-04-25,19,1.0,1.0
6117666160,2016-04-25,20,1.0,1.0
6117666160,2016-04-25,21,1.0,1.0
6117666160,2016-04-25,22,1.0,1.0
6117666160,2016-04-25,23,1.0,1.0
6117666160,2016-04-26,0,1.0,1.0
6117666160,2016-04-26,1,1.0,1.0
6117666160,2016-04-26,2,1.0,1.0
6117666160,2016-04-26,3,1.0,1.0
6117666160,2016-04-26,4,1.0,1.0
6117666160,2016-04-26,5,1.0,1.0
6117666160,2016-04-26,6,1.0,1.0
6117666160,2016-04-26,7,1.09,4.6
6117666160,2016-04-26,8,1.74,3.8
6117666160,2016-04-26,9,1.31,4.6
6117666160,2016-04-26,10,1.07,2.4
6117666160,2016-04-26,11,1.65,6.0
6117666160,2016-04-26,12,2.62,4.2
6117666160,2016-04-26,13,1.96,4.2
6117666160,2016-04-26,14,1.39,4.0
6117666160,2016-04-26,15,2.36,5.2
6117666160,2016-04-26,16,2.72,5.5
6117666160,2016-04-26,17,2.78,4.6
6117666160,2016-04-26,18,2.6,5.0
6117666160,2016-04-26,19,2.32,5.4
6117666160,2016-04-26,20,2.51,5.2
6117666160,2016-04-26,21,1.3,3.4
6117666160,2016-04-26,22,1.41,3.0
6117666160,2016-04-26,23,1.46,3.4
6117666160,2016-04-27,0,1.03,2.4
6117666160,2016-04-27,1,1.0,1.1
6117666160,2016-04-27,2,1.0,1.1
6117666160,2016-04-27,3,1.0,1.1
6117666160,2016-04-27,4,1.02,2.2
6117666160,2016-04-27,5,1.01,1.1
6117666160,2016-04-27,6,1.0,1.1
6117666160,2016-04-27,7,1.0,1.1
6117666160,2016-04-27,8,1.01,1.1
6117666160,2016-04-27,9,1.49,3.6
6117666160,2016-04-27,10,1.02,1.1
6117666160,2016-04-27,11,2.18,4.2
6117666160,2016-04-27,12,2.3,4.2
6117666160,2016-04-27,13,2.9,4.2
6117666160,2016-04-27,14,2.46,4.0
6117666160,2016-04-27,15,2.59,4.6
6117666160,2016-04-27,16,2.19,6.0
6117666160,2016-04-27,17,2.76,4.4
6117666160,2016-04-27,18,2.74,5.2
6117666160,2016-04-27,19,2.43,4.6
6117666160,2016-04-27,20,2.48,3.8
6117666160,2016-04-27,21,1.82,4.4
6117666160,2016-04-27,22,1.47,4.6
6117666160,2016-04-27,23,1.41,3.8
6117666160,2016-04-28,0,1.0,1.1
6117666160,2016-04-28,1,1.0,1.1
6117666160,2016-04-28,2,1.01,1.1
6117666160,2016-04-28,3,1.07,2.4
6117666160,2016-04-28,4,1.0,1.1
6117666160,2016-04-28,5,1.0,1.1
6117666160,2016-04-28,6,1.04,2.2
6117666160,2016-04-28,7,1.03,2.6
6117666160,2016-04-28,8,1.62,3.6
6117666160,2016-04-28,9,1.23,3.6
6117666160,2016-04-28,10,2.29,5.0
6117666160,2016-04-28,11,1.02,1.3
6117666160,2016-04-28,12,1.04,1.3
6117666160,2016-04-28,13,1.36,3.6
6117666160,2016-04-28,14,1.03,1.3
6117666160,2016-04-28,15,1.08,1.3
6117666160,2016-04-28,16,1.98,7.9
6117666160,2016-04-28,17,2.34,6.2
6117666160,2016-04-28,18,1.23,2.8
6117666160,2016-04-28,19,1.47,4.0
6117666160,2016-04-28,20,1.06,3.0
6117666160,2016-04-28,21,1.16,4.0
6117666160,2016-04-28,22,1.0,1.0
6117666160,2016-04-28,23,1.03,1.2
6117666160,2016-04-29,0,1.0,1.1
6117666160,2016-04-29,1,1.0,1.1
6117666160,2016-04-29,2,1.0,1.0
6117666160,2016-04-29,3,1.0,1.1
6117666160,2016-04-29,4,1.01,1.1
6117666160,2016-04-29,5,1.0,1.1
6117666160,2016-04-29,6,1.0,1.1
6117666160,2016-04-29,7,1.0,1.1
6117666160,2016-04-29,8,1.35,3.6
6117666160,2016-04-29,9,1.15,3.2
6117666160,2016-04-29,10,1.79,4.6
6117666160,2016-04-29,11,1.86,4.0
6117666160,2016-04-29,12,2.89,5.4
6117666160,2016-04-29,13,2.74,4.6
6117666160,2016-04-29,14,2.71,5.2
6117666160,2016-04-29,15,2.52,3.6
6117666160,2016-04-29,16,2.48,5.8
6117666160,2016-04-29,17,2.48,4.2
6117666160,2016-04-29,18,2.3,4.0
6117666160,2016-04-29,19,2.6,4.0
6117666160,2016-04-29,20,2.24,5.0
6117666160,2016-04-29,21,1.29,3.6
6117666160,2016-04-29,22,1.39,3.8
6117666160,2016-04-29,23,1.25,3.0
6117666160,2016-04-30,0,1.12,2.8
6117666160,2016-04-30,1,1.0,1.0
6117666160,2016-04-30,2,1.0,1.0
6117666160,2016-04-30,3,1.0,1.0
6117666160,2016-04-30,4,1.0,1.0
6117666160,2016-04-30,5,1.0,1.0
6117666160,2016-04-30,6,1.0,1.0
6117666160,2016-04-30,7,1.0,1.0
6117666160,2016-04-30,8,1.0,1.0
6117666160,2016-04-30,9,1.0,1.0
6117666160,2016-04-30,10,1.68,3.8
6117666160,2016-04-30,11,1.69,4.6
6117666160,2016-04-30,12,1.88,4.8
6117666160,2016-04-30,13,2.11,3.8
6117666160,2016-04-30,14,1.84,3.4
6117666160,2016-04-30,15,2.4,6.0
6117666160,2016-04-30,16,2.0,3.8
6117666160,2016-04-30,17,2.04,3.8
6117666160,2016-04-30,18,1.95,3.4
6117666160,2016-04-30,19,2.04,3.8
6117666160,2016-04-30,20,2.2,3.4
6117666160,2016-04-30,21,2.03,9.8
6117666160,2016-04-30,22,1.51,4.0
6117666160,2016-04-30,23,1.0,1.1
6117666160,2016-05-01,0,1.02,1.2
6117666160,2016-05-01,1,1.04,2.4
6117666160,2016-05-01,2,1.68,4.0
6117666160,2016-05-01,3,1.02,2.2
6117666160,2016-05-01,4,1.01,1.1
6117666160,2016-05-01,5,1.0,1.1
6117666160,2016-05-01,6,1.0,1.1
6117666160,2016-05-01,7,1.0,1.1
6117666160,2016-05-01,8,1.02,1.1
6117666160,2016-05-01,9,1.83,4.6
6117666160,2016-05-01,10,2.12,5.6
6117666160,2016-05-01,11,2.72,4.4
6117666160,2016-05-01,12,2.32,3.6
6117666160,2016-05-01,13,2.54,3.6
6117666160,2016-05-01,14,2.17,6.4
6117666160,2016-05-01,15,1.83,3.8
6117666160,2016-05-01,16,1.86,3.6
6117666160,2016-05-01,17,2.1,3.8
6117666160,2016-05-01,18,2.64,4.2
6117666160,2016-05-01,19,1.79,3.4
6117666160,2016-05-01,20,1.14,3.6
6117666160,2016-05-01,21,1.0,1.0
6117666160,2016-05-01,22,1.0,1.0
6117666160,2016-05-01,23,1.0,1.0
6117666160,2016-05-02,0,1.0,1.0
6117666160,2016-05-02,1,1.0,1.0
6117666160,2016-05-02,2,1.0,1.0
6117666160,2016-05-02,3,1.59,3.8
6117666160,2016-05-02,4,2.18,4.8
6117666160,2016-05-02,5,2.52,3.8
6117666160,2016-05-02,6,2.28,4.2
6117666160,2016-05-02,7,2.58,4.2
6117666160,2016-05-02,8,2.87,4.2
6117666160,2016-05-02,9,1.74,4.4
6117666160,2016-05-02,10,1.0,1.0
6117666160,2016-05-02,11,1.0,1.0
6117666160,2016-05-02,12,1.0,1.0
6117666160,2016-05-02,13,1.0,1.0
6117666160,2016-05-02,14,1.0,1.0
6117666160,2016-05-02,15,1.0,1.0
6117666160,2016-05-02,16,1.0,1.0
6117666160,2016-05-02,17,1.0,1.0
6117666160,2016-05-02,18,1.0,1.0
6117666160,2016-05-02,19,1.0,1.0
6117666160,2016-05-02,20,1.0,1.0
6117666160,2016-05-02,21,1.0,1.0
6117666160,2016-05-02,22,1.0,1.0
6117666160,2016-05-02,23,1.0,1.0
6117666160,2016-05-03,0,1.0,1.0
6117666160,2016-05-03,1,1.0,1.0
6117666160,2016-05-03,2,1.0,1.0
6117666160,2016-05-03,3,1.0,1.0
6117666160,2016-05-03,4,1.0,1.0
6117666160,2016-05-03,5,1.0,1.0
6117666160,2016-05-03,6,1.0,1.0
6117666160,2016-05-03,7,1.0,1.0
6117666160,2016-05-03,8,1.0,1.0
6117666160,2016-05-03,9,1.0,1.0
6117666160,2016-05-03,10,1.0,1.0
6117666160,2016-05-03,11,1.0,1.0
6117666160,2016-05-03,12,1.0,1.0
6117666160,2016-05-03,13,1.0,1.0
6117666160,2016-05-03,14,1.0,1.0
6117666160,2016-05-03,15,1.0,1.0
6117666160,2016-05-03,16,1.0,1.0
6117666160,2016-05-03,17,1.0,1.0
6117666160,2016-05-03,18,1.0,1.0
6117666160,2016-05-03,19,1.0,1.0
6117666160,2016-05-03,20,1.0,1.0
6117666160,2016-05-03,21,1.0,1.0
6117666160,2016-05-03,22,1.0,1.0
6117666160,2016-05-03,23,1.0,1.0
6117666160,2016-05-04,0,1.0,1.0
6117666160,2016-05-04,1,1.0,1.0
6117666160,2016-05-04,2,1.0,1.0
6117666160,2016-05-04,3,1.0,1.0
6117666160,2016-05-04,4,1.0,1.0
6117666160,2016-05-04,5,1.0,1.0
6117666160,2016-05-04,6,1.0,1.0
6117666160,2016-05-04,7,1.0,1.0
6117666160,2016-05-04,8,1.0,1.0
6117666160,2016-05-04,9,1.0,1.0
6117666160,2016-05-04,10,1.0,1.0
6117666160,2016-05-04,11,1.0,1.0
6117666160,2016-05-04,12,1.0,1.0
6117666160,2016-05-04,13,1.0,1.0
6117666160,2016-05-04,14,1.0,1.0
6117666160,2016-05-04,15,1.0,1.0
6117666160,2016-05-04,16,1.0,1.0
6117666160,2016-05-04,17,1.0,1.0
6117666160,2016-05-04,18,2.44,4.0
6117666160,2016-05-04,19,3.2,4.4
6117666160,2016-05-04,20,2.38,4.6
6117666160,2016-05-04,21,1.84,4.0
6117666160,2016-05-04,22,1.1,3.0
6117666160,2016-05-04,23,1.54,3.8
6117666160,2016-05-05,0,1.01,1.1
6117666160,2016-05-05,1,1.0,1.1
6117666160,2016-05-05,2,1.01,1.1
6117666160,2016-05-05,3,1.02,2.2
6117666160,2016-05-05,4,1.0,1.1
6117666160,2016-05-05,5,1.01,1.1
6117666160,2016-05-05,6,1.03,2.2
6117666160,2016-05-05,7,1.99,4.0
6117666160,2016-05-05,8,1.7,3.8
6117666160,2016-05-05,9,2.61,4.0
6117666160,2016-05-05,10,2.49,4.2
6117666160,2016-05-05,11,2.55,4.2
6117666160,2016-05-05,12,2.16,5.2
6117666160,2016-05-05,13,2.09,4.6
6117666160,2016-05-05,14,2.36,4.8
6117666160,2016-05-05,15,2.49,4.2
6117666160,2016-05-05,16,2.48,4.4
6117666160,2016-05-05,17,2.1,4.4
6117666160,2016-05-05,18,1.98,4.8
6117666160,2016-05-05,19,1.95,3.6
6117666160,2016-05-05,20,1.98,3.4
6117666160,2016-05-05,21,1.11,2.6
6117666160,2016-05-05,22,2.18,4.4
6117666160,2016-05-05,23,1.0,1.0
6117666160,2016-05-06,0,1.0,1.1
6117666160,2016-05-06,1,1.0,1.1
6117666160,2016-05-06,2,1.0,1.1
6117666160,2016-05-06,3,1.0,1.1
6117666160,2016-05-06,4,1.01,1.1
6117666160,2016-05-06,5,1.01,1.1
6117666160,2016-05-06,6,1.03,2.6
6117666160,2016-05-06,7,1.01,1.1
6117666160,2016-05-06,8,1.0,1.1
6117666160,2016-05-06,9,1.51,4.2
6117666160,2016-05-06,10,1.36,3.4
6117666160,2016-05-06,11,1.0,1.1
6117666160,2016-05-06,12,1.24,3.6
6117666160,2016-05-06,13,1.02,1.1
6117666160,2016-05-06,14,1.01,1.1
6117666160,2016-05-06,15,2.08,4.0
6117666160,2016-05-06,16,2.38,12.3
6117666160,2016-05-06,17,1.0,1.0
6117666160,2016-05-06,18,1.78,5.4
6117666160,2016-05-06,19,1.38,3.4
6117666160,2016-05-06,20,1.15,2.6
6117666160,2016-05-06,21,1.38,2.8
6117666160,2016-05-06,22,1.08,3.6
6117666160,2016-05-06,23,1.01,1.1
6117666160,2016-05-07,0,1.7,4.4
6117666160,2016-05-07,1,1.0,1.1
6117666160,2016-05-07,2,1.0,1.1
6117666160,2016-05-07,3,1.0,1.1
6117666160,2016-05-07,4,1.0,1.1
6117666160,2016-05-07,5,1.0,1.1
6117666160,2016-05-07,6,1.0,1.1
6117666160,2016-05-07,7,1.2,3.4
6117666160,2016-05-07,8,1.86,3.8
6117666160,2016-05-07,9,2.12,3.6
6117666160,2016-05-07,10,2.38,4.0
6117666160,2016-05-07,11,2.81,4.2
6117666160,2016-05-07,12,2.14,3.8
6117666160,2016-05-07,13,2.62,4.8
6117666160,2016-05-07,14,2.94,4.2
6117666160,2016-05-07,15,2.13,4.0
6117666160,2016-05-07,16,2.09,3.8
6117666160,2016-05-07,17,2.12,4.2
6117666160,2016-05-07,18,1.55,4.4
6117666160,2016-05-07,19,1.36,3.2
6117666160,2016-05-07,20,1.08,2.6
6117666160,2016-05-07,21,1.45,4.2
6117666160,2016-05-07,22,1.03,2.4
6117666160,2016-05-07,23,1.0,1.1
6117666160,2016-05-08,0,1.23,3.6
6117666160,2016-05-08,1,1.0,1.1
6117666160,2016-05-08,2,1.01,1.1
6117666160,2016-05-08,3,1.0,1.1
6117666160,2016-05-08,4,1.04,2.2
6117666160,2016-05-08,5,1.01,1.1
6117666160,2016-05-08,6,1.0,1.1
6117666160,2016-05-08,7,1.0,1.1
6117666160,2016-05-08,8,1.01,1.1
6117666160,2016-05-08,9,1.95,4.4
6117666160,2016-05-08,10,1.82,4.2
6117666160,2016-05-08,11,1.73,3.8
6117666160,2016-05-08,12,1.94,3.2
6117666160,2016-05-08,13,1.84,3.6
6117666160,2016-05-08,14,1.58,3.6
6117666160,2016-05-08,15,2.46,4.0
6117666160,2016-05-08,16,1.94,4.8
6117666160,2016-05-08,17,2.66,5.0
6117666160,2016-05-08,18,2.63,5.0
6117666160,2016-05-08,19,1.38,3.4
6117666160,2016-05-08,20,1.05,2.2
6117666160,2016-05-08,21,1.13,2.6
6117666160,2016-05-08,22,1.65,3.6
6117666160,2016-05-08,23,1.01,1.3
6117666160,2016-05-09,0,1.01,1.1
6117666160,2016-05-09,1,1.01,1.1
6117666160,2016-05-09,2,1.03,2.4
6117666160,2016-05-09,3,1.01,1.1
6117666160,2016-05-09,4,1.0,1.1
6117666160,2016-05-09,5,1.03,2.4
6117666160,2016-05-09,6,1.06,2.4
6117666160,2016-05-09,7,1.66,3.6
6117666160,2016-05-09,8,1.89,5.2
6117666160,2016-05-09,9,2.28,4.0
6117666160,2016-05-09,10,2.28,3.6
6117666160,2016-05-09,11,2.16,3.8
6290855005,2016-04-12,0,1.0,1.0
6290855005,2016-04-12,1,1.0,1.0
6290855005,2016-04-12,2,1.0,1.0
6290855005,2016-04-12,3,1.0,1.0
6290855005,2016-04-12,4,1.0,1.0
6290855005,2016-04-12,5,1.0,1.0
6290855005,2016-04-12,6,1.09,3.2
6290855005,2016-04-12,7,1.63,4.2
6290855005,2016-04-12,8,1.44,3.2
6290855005,2016-04-12,9,1.69,3.2
6290855005,2016-04-12,10,1.8,5.6
6290855005,2016-04-12,11,1.58,4.4
6290855005,2016-04-12,12,1.3,4.0
6290855005,2016-04-12,13,1.73,4.2
6290855005,2016-04-12,14,1.56,3.6
6290855005,2016-04-12,15,1.57,4.2
6290855005,2016-04-12,16,1.43,3.0
6290855005,2016-04-12,17,1.0,1.0
6290855005,2016-04-12,18,1.0,1.0
6290855005,2016-04-12,19,1.0,1.0
6290855005,2016-04-12,20,1.0,1.0
6290855005,2016-04-12,21,1.0,1.0
6290855005,2016-04-12,22,1.0,1.0
6290855005,2016-04-12,23,1.0,1.0
6290855005,2016-04-13,0,1.0,1.0
6290855005,2016-04-13,1,1.0,1.0
6290855005,2016-04-13,2,1.0,1.0
6290855005,2016-04-13,3,1.0,1.0
6290855005,2016-04-13,4,1.0,1.0
6290855005,2016-04-13,5,1.0,1.0
6290855005,2016-04-13,6,1.32,3.2
6290855005,2016-04-13,7,1.7,4.8
6290855005,2016-04-13,8,1.79,3.4
6290855005,2016-04-13,9,2.08,5.2
6290855005,2016-04-13,10,1.64,3.4
6290855005,2016-04-13,11,1.58,3.0
6290855005,2016-04-13,12,1.84,3.0
6290855005,2016-04-13,13,1.85,3.4
6290855005,2016-04-13,14,1.83,3.0
6290855005,2016-04-13,15,1.68,2.8
6290855005,2016-04-13,16,1.93,4.4
6290855005,2016-04-13,17,1.41,3.2
6290855005,2016-04-13,18,1.82,3.2
6290855005,2016-04-13,19,1.27,2.8
6290855005,2016-04-13,20,1.09,3.0
6290855005,2016-04-13,21,1.0,1.0
6290855005,2016-04-13,22,1.0,1.0
6290855005,2016-04-13,23,1.0,1.0
6290855005,2016-04-14,0,1.0,1.0
6290855005,2016-04-14,1,1.0,1.0
6290855005,2016-04-14,2,1.0,1.0
6290855005,2016-04-14,3,1.0,1.0
6290855005,2016-04-14,4,1.0,1.0
6290855005,2016-04-14,5,1.0,1.0
6290855005,2016-04-14,6,1.36,2.8
6290855005,2016-04-14,7,1.83,4.6
6290855005,2016-04-14,8,1.7,3.4
6290855005,2016-04-14,9,1.69,5.4
6290855005,2016-04-14,10,1.68,3.2
6290855005,2016-04-14,11,1.88,3.2
6290855005,2016-04-14,12,2.03,4.0
6290855005,2016-04-14,13,1.41,2.6
6290855005,2016-04-14,14,1.48,3.4
6290855005,2016-04-14,15,1.53,4.2
6290855005,2016-04-14,16,1.34,2.6
6290855005,2016-04-14,17,1.82,4.8
6290855005,2016-04-14,18,1.75,5.0
6290855005,2016-04-14,19,1.41,4.6
6290855005,2016-04-14,20,1.33,3.2
6290855005,2016-04-14,21,1.63,3.6
6290855005,2016-04-14,22,1.43,4.2
6290855005,2016-04-14,23,1.09,3.0
6290855005,2016-04-15,0,1.0,1.0
6290855005,2016-04-15,1,1.0,1.0
6290855005,2016-04-15,2,1.0,1.0
6290855005,2016-04-15,3,1.0,1.0
6290855005,2016-04-15,4,1.0,1.0
6290855005,2016-04-15,5,1.0,1.0
6290855005,2016-04-15,6,1.0,1.0
6290855005,2016-04-15,7,1.35,5.0
6290855005,2016-04-15,8,1.34,2.8
6290855005,2016-04-15,9,1.66,4.2
6290855005,2016-04-15,10,1.68,4.8
6290855005,2016-04-15,11,1.78,5.2
6290855005,2016-04-15,12,1.45,4.0
6290855005,2016-04-15,13,1.76,4.0
6290855005,2016-04-15,14,1.43,4.2
6290855005,2016-04-15,15,1.21,2.8
6290855005,2016-04-15,16,1.67,3.8
6290855005,2016-04-15,17,1.52,3.8
6290855005,2016-04-15,18,1.98,4.0
6290855005,2016-04-15,19,1.93,3.2
6290855005,2016-04-15,20,1.37,2.8
6290855005,2016-04-15,21,1.6,4.2
6290855005,2016-04-15,22,1.47,3.6
6290855005,2016-04-15,23,1.53,4.6
6290855005,2016-04-16,0,1.0,1.0
6290855005,2016-04-16,1,1.0,1.0
6290855005,2016-04-16,2,1.0,1.0
6290855005,2016-04-16,3,1.0,1.0
6290855005,2016-04-16,4,1.0,1.0
6290855005,2016-04-16,5,1.0,1.0
6290855005,2016-04-16,6,1.0,1.0
6290855005,2016-04-16,7,1.0,1.0
6290855005,2016-04-16,8,2.69,6.2
6290855005,2016-04-16,9,2.25,4.6
6290855005,2016-04-16,10,1.58,4.2
6290855005,2016-04-16,11,1.88,6.0
6290855005,2016-04-16,12,1.12,2.6
6290855005,2016-04-16,13,2.24,3.8
6290855005,2016-04-16,14,2.12,3.6
6290855005,2016-04-16,15,1.44,3.0
6290855005,2016-04-16,16,1.35,3.0
6290855005,2016-04-16,17,1.35,3.4
6290855005,2016-04-16,18,1.3,2.8
6290855005,2016-04-16,19,1.09,3.4
6290855005,2016-04-16,20,1.0,1.0
6290855005,2016-04-16,21,1.0,1.0
6290855005,2016-04-16,22,1.0,1.0
6290855005,2016-04-16,23,1.0,1.0
6290855005,2016-04-17,0,1.0,1.0
6290855005,2016-04-17,1,1.0,1.0
6290855005,2016-04-17,2,1.0,1.0
6290855005,2016-04-17,3,1.0,1.0
6290855005,2016-04-17,4,1.0,1.0
6290855005,2016-04-17,5,1.0,1.0
6290855005,2016-04-17,6,1.0,1.0
6290855005,2016-04-17,7,1.32,3.0
6290855005,2016-04-17,8,1.3,2.8
6290855005,2016-04-17,9,6.19,13.8
6290855005,2016-04-17,10,2.02,3.8
6290855005,2016-04-17,11,1.2,2.6
6290855005,2016-04-17,12,2.48,9.0
6290855005,2016-04-17,13,2.97,8.8
6290855005,2016-04-17,14,2.05,3.6
6290855005,2016-04-17,15,1.17,2.8
6290855005,2016-04-17,16,1.32,3.6
6290855005,2016-04-17,17,1.46,3.4
6290855005,2016-04-17,18,1.3,2.8
6290855005,2016-04-17,19,1.17,3.0
6290855005,2016-04-17,20,1.0,1.0
6290855005,2016-04-17,21,1.0,1.0
6290855005,2016-04-17,22,1.0,1.0
6290855005,2016-04-17,23,1.0,1.0
6290855005,2016-04-18,0,1.0,1.0
6290855005,2016-04-18,1,1.0,1.0
6290855005,2016-04-18,2,1.0,1.0
6290855005,2016-04-18,3,1.0,1.0
6290855005,2016-04-18,4,1.0,1.0
6290855005,2016-04-18,5,1.02,2.4
6290855005,2016-04-18,6,1.55,3.6
6290855005,2016-04-18,7,1.68,4.6
6290855005,2016-04-18,8,1.63,4.2
6290855005,2016-04-18,9,1.98,5.6
6290855005,2016-04-18,10,2.12,3.6
6290855005,2016-04-18,11,1.63,3.4
6290855005,2016-04-18,12,1.85,3.4
6290855005,2016-04-18,13,1.73,3.6
6290855005,2016-04-18,14,1.5,4.0
6290855005,2016-04-18,15,1.76,4.2
6290855005,2016-04-18,16,1.45,3.8
6290855005,2016-04-18,17,1.31,3.0
6290855005,2016-04-18,18,1.0,1.0
6290855005,2016-04-18,19,1.0,1.0
6290855005,2016-04-18,20,1.0,1.0
6290855005,2016-04-18,21,1.0,1.0
6290855005,2016-04-18,22,1.0,1.0
6290855005,2016-04-18,23,1.0,1.0
6290855005,2016-04-19,0,1.0,1.0
6290855005,2016-04-19,1,1.0,1.0
6290855005,2016-04-19,2,1.0,1.0
6290855005,2016-04-19,3,1.0,1.0
6290855005,2016-04-19,4,1.0,1.0
6290855005,2016-04-19,5,1.0,1.0
6290855005,2016-04-19,6,1.41,3.6
6290855005,2016-04-19,7,1.53,4.8
6290855005,2016-04-19,8,1.54,4.0
6290855005,2016-04-19,9,1.91,3.6
6290855005,2016-04-19,10,1.96,3.4
6290855005,2016-04-19,11,2.05,3.4
6290855005,2016-04-19,12,1.88,4.0
6290855005,2016-04-19,13,1.74,5.2
6290855005,2016-04-19,14,2.1,3.2
6290855005,2016-04-19,15,1.66,3.6
6290855005,2016-04-19,16,1.5,3.4
6290855005,2016-04-19,17,1.14,3.0
6290855005,2016-04-19,18,1.27,2.6
6290855005,2016-04-19,19,1.28,2.6
6290855005,2016-04-19,20,1.11,3.0
6290855005,2016-04-19,21,1.0,1.0
6290855005,2016-04-19,22,1.0,1.0
6290855005,2016-04-19,23,1.0,1.0
6290855005,2016-04-20,0,1.0,1.0
6290855005,2016-04-20,1,1.0,1.0
6290855005,2016-04-20,2,1.0,1.0
6290855005,2016-04-20,3,1.0,1.0
6290855005,2016-04-20,4,1.0,1.0
6290855005,2016-04-20,5,1.0,1.0
6290855005,2016-04-20,6,1.48,3.0
6290855005,2016-04-20,7,2.01,4.6
6290855005,2016-04-20,8,1.68,3.8
6290855005,2016-04-20,9,1.32,4.4
6290855005,2016-04-20,10,1.58,4.6
6290855005,2016-04-20,11,1.39,4.4
6290855005,2016-04-20,12,1.59,3.8
6290855005,2016-04-20,13,1.97,4.4
6290855005,2016-04-20,14,1.67,3.6
6290855005,2016-04-20,15,1.76,3.8
6290855005,2016-04-20,16,1.6,3.6
6290855005,2016-04-20,17,1.4,3.2
6290855005,2016-04-20,18,1.0,1.0
6290855005,2016-04-20,19,1.0,1.0
6290855005,2016-04-20,20,1.0,1.0
6290855005,2016-04-20,21,1.0,1.0
6290855005,2016-04-20,22,1.0,1.0
6290855005,2016-04-20,23,1.0,1.0
6290855005,2016-04-21,0,1.0,1.0
6290855005,2016-04-21,1,1.0,1.0
6290855005,2016-04-21,2,1.0,1.0
6290855005,2016-04-21,3,1.0,1.0
6290855005,2016-04-21,4,1.0,1.0
6290855005,2016-04-21,5,1.0,1.0
6290855005,2016-04-21,6,1.0,1.0
6290855005,2016-04-21,7,1.0,1.0
6290855005,2016-04-21,8,1.0,1.0
6290855005,2016-04-21,9,1.0,1.0
6290855005,2016-04-21,10,1.0,1.0
6290855005,2016-04-21,11,1.0,1.0
6290855005,2016-04-21,12,1.0,1.0
6290855005,2016-04-21,13,1.0,1.0
6290855005,2016-04-21,14,1.0,1.0
6290855005,2016-04-21,15,1.0,1.0
6290855005,2016-04-21,16,1.0,1.0
6290855005,2016-04-21,17,1.0,1.0
6290855005,2016-04-21,18,1.0,1.0
6290855005,2016-04-21,19,1.0,1.0
6290855005,2016-04-21,20,1.0,1.0
6290855005,2016-04-21,21,1.0,1.0
6290855005,2016-04-21,22,1.0,1.0
6290855005,2016-04-21,23,1.0,1.0
6290855005,2016-04-22,0,1.0,1.0
6290855005,2016-04-22,1,1.0,1.0
6290855005,2016-04-22,2,1.0,1.0
6290855005,2016-04-22,3,1.0,1.0
6290855005,2016-04-22,4,1.0,1.0
6290855005,2016-04-22,5,1.0,1.0
6290855005,2016-04-22,6,1.58,3.0
6290855005,2016-04-22,7,1.86,4.2
6290855005,2016-04-22,8,1.69,4.0
6290855005,2016-04-22,9,1.9,5.4
6290855005,2016-04-22,10,1.5,3.2
6290855005,2016-04-22,11,1.8,3.6
6290855005,2016-04-22,12,1.88,3.6
6290855005,2016-04-22,13,1.55,3.0
6290855005,2016-04-22,14,2.01,4.0
6290855005,2016-04-22,15,1.15,3.2
6290855005,2016-04-22,16,1.78,4.0
6290855005,2016-04-22,17,1.78,3.0
6290855005,2016-04-22,18,1.08,2.8
6290855005,2016-04-22,19,1.0,1.0
6290855005,2016-04-22,20,1.0,1.0
6290855005,2016-04-22,21,1.0,1.0
6290855005,2016-04-22,22,1.0,1.0
6290855005,2016-04-22,23,1.0,1.0
6290855005,2016-04-23,0,1.0,1.0
6290855005,2016-04-23,1,1.0,1.0
6290855005,2016-04-23,2,1.0,1.0
6290855005,2016-04-23,3,1.0,1.0
6290855005,2016-04-23,4,1.0,1.0
6290855005,2016-04-23,5,1.0,1.0
6290855005,2016-04-23,6,1.0,1.0
6290855005,2016-04-23,7,1.0,1.0
6290855005,2016-04-23,8,1.0,1.0
6290855005,2016-04-23,9,6.12,13.8
6290855005,2016-04-23,10,2.92,13.8
6290855005,2016-04-23,11,1.0,1.0
6290855005,2016-04-23,12,1.0,1.0
6290855005,2016-04-23,13,1.0,1.0
6290855005,2016-04-23,14,1.0,1.0
6290855005,2016-04-23,15,1.0,1.0
6290855005,2016-04-23,16,1.0,1.0
6290855005,2016-04-23,17,1.0,1.0
6290855005,2016-04-23,18,1.0,1.0
6290855005,2016-04-23,19,1.0,1.0
6290855005,2016-04-23,20,1.0,1.0
6290855005,2016-04-23,21,1.0,1.0
6290855005,2016-04-23,22,1.0,1.0
6290855005,2016-04-23,23,1.0,1.0
6290855005,2016-04-24,0,1.0,1.0
6290855005,2016-04-24,1,1.0,1.0
6290855005,2016-04-24,2,1.0,1.0
6290855005,2016-04-24,3,1.0,1.0
6290855005,2016-04-24,4,1.0,1.0
6290855005,2016-04-24,5,1.0,1.0
6290855005,2016-04-24,6,1.0,1.0
6290855005,2016-04-24,7,1.0,1.0
6290855005,2016-04-24,8,1.0,1.0
6290855005,2016-04-24,9,1.31,3.4
6290855005,2016-04-24,10,2.45,4.8
6290855005,2016-04-24,11,1.85,3.6
6290855005,2016-04-24,12,2.26,4.0
6290855005,2016-04-24,13,1.39,3.0
6290855005,2016-04-24,14,1.51,2.8
6290855005,2016-04-24,15,1.38,2.8
6290855005,2016-04-24,16,1.32,2.8
6290855005,2016-04-24,17,1.89,5.2
6290855005,2016-04-24,18,1.22,2.8
6290855005,2016-04-24,19,1.35,3.8
6290855005,2016-04-24,20,1.48,4.0
6290855005,2016-04-24,21,1.07,3.4
6290855005,2016-04-24,22,1.0,1.0
6290855005,2016-04-24,23,1.0,1.0
6290855005,2016-04-25,0,1.0,1.0
6290855005,2016-04-25,1,1.0,1.0
6290855005,2016-04-25,2,1.0,1.0
6290855005,2016-04-25,3,1.0,1.0
6290855005,2016-04-25,4,1.0,1.0
6290855005,2016-04-25,5,1.0,1.0
6290855005,2016-04-25,6,1.48,6.2
6290855005,2016-04-25,7,1.87,4.6
6290855005,2016-04-25,8,2.6,7.2
6290855005,2016-04-25,9,1.92,4.0
6290855005,2016-04-25,10,1.65,4.8
6290855005,2016-04-25,11,1.56,3.0
6290855005,2016-04-25,12,1.39,3.6
6290855005,2016-04-25,13,1.61,4.0
6290855005,2016-04-25,14,1.69,5.2
6290855005,2016-04-25,15,1.52,3.4
6290855005,2016-04-25,16,1.67,4.6
6290855005,2016-04-25,17,1.29,3.8
6290855005,2016-04-25,18,1.0,1.0
6290855005,2016-04-25,19,1.0,1.0
6290855005,2016-04-25,20,1.0,1.0
6290855005,2016-04-25,21,1.0,1.0
6290855005,2016-04-25,22,1.0,1.0
6290855005,2016-04-25,23,1.0,1.0
6290855005,2016-04-26,0,1.0,1.0
6290855005,2016-04-26,1,1.0,1.0
6290855005,2016-04-26,2,1.0,1.0
6290855005,2016-04-26,3,1.0,1.0
6290855005,2016-04-26,4,1.0,1.0
6290855005,2016-04-26,5,1.0,1.0
6290855005,2016-04-26,6,1.0,1.0
6290855005,2016-04-26,7,1.0,1.0
6290855005,2016-04-26,8,1.0,1.0
6290855005,2016-04-26,9,1.0,1.0
6290855005,2016-04-26,10,1.0,1.0
6290855005,2016-04-26,11,1.0,1.0
6290855005,2016-04-26,12,1.0,1.0
6290855005,2016-04-26,13,1.0,1.0
6290855005,2016-04-26,14,1.0,1.0
6290855005,2016-04-26,15,1.0,1.0
6290855005,2016-04-26,16,1.0,1.0
6290855005,2016-04-26,17,1.0,1.0
6290855005,2016-04-26,18,1.0,1.0
6290855005,2016-04-26,19,1.0,1.0
6290855005,2016-04-26,20,1.0,1.0
6290855005,2016-04-26,21,1.0,1.0
6290855005,2016-04-26,22,1.0,1.0
6290855005,2016-04-26,23,1.0,1.0
6290855005,2016-04-27,0,1.0,1.0
6290855005,2016-04-27,1,1.0,1.0
6290855005,2016-04-27,2,1.0,1.0
6290855005,2016-04-27,3,1.0,1.0
6290855005,2016-04-27,4,1.0,1.0
6290855005,2016-04-27,5,1.0,1.0
6290855005,2016-04-27,6,1.38,3.2
6290855005,2016-04-27,7,1.83,4.4
6290855005,2016-04-27,8,2.09,3.8
6290855005,2016-04-27,9,1.51,3.0
6290855005,2016-04-27,10,1.32,3.8
6290855005,2016-04-27,11,1.75,4.2
6290855005,2016-04-27,12,1.6,3.0
6290855005,2016-04-27,13,1.62,3.4
6290855005,2016-04-27,14,1.82,3.0
6290855005,2016-04-27,15,1.54,3.2
6290855005,2016-04-27,16,1.72,4.6
6290855005,2016-04-27,17,1.36,2.8
6290855005,2016-04-27,18,1.41,3.8
6290855005,2016-04-27,19,1.0,1.0
6290855005,2016-04-27,20,1.0,1.0
6290855005,2016-04-27,21,1.0,1.0
6290855005,2016-04-27,22,1.0,1.0
6290855005,2016-04-27,23,1.0,1.0
6290855005,2016-04-28,0,1.0,1.0
6290855005,2016-04-28,1,1.0,1.0
6290855005,2016-04-28,2,1.0,1.0
6290855005,2016-04-28,3,1.0,1.0
6290855005,2016-04-28,4,1.0,1.0
6290855005,2016-04-28,5,1.0,1.0
6290855005,2016-04-28,6,1.3,3.0
6290855005,2016-04-28,7,1.85,4.4
6290855005,2016-04-28,8,1.32,3.0
6290855005,2016-04-28,9,1.48,3.0
6290855005,2016-04-28,10,1.08,2.6
6290855005,2016-04-28,11,1.86,3.6
6290855005,2016-04-28,12,2.1,4.6
6290855005,2016-04-28,13,1.42,2.8
6290855005,2016-04-28,14,1.83,4.6
6290855005,2016-04-28,15,1.74,4.0
6290855005,2016-04-28,16,1.84,4.2
6290855005,2016-04-28,17,1.5,3.2
6290855005,2016-04-28,18,1.0,1.0
6290855005,2016-04-28,19,1.0,1.0
6290855005,2016-04-28,20,1.0,1.0
6290855005,2016-04-28,21,1.0,1.0
6290855005,2016-04-28,22,1.0,1.0
6290855005,2016-04-28,23,1.0,1.0
6290855005,2016-04-29,0,1.0,1.0
6290855005,2016-04-29,1,1.0,1.0
6290855005,2016-04-29,2,1.0,1.0
6290855005,2016-04-29,3,1.0,1.0
6290855005,2016-04-29,4,1.0,1.0
6290855005,2016-04-29,5,1.0,1.0
6290855005,2016-04-29,6,1.0,1.0
6290855005,2016-04-29,7,1.0,1.0
6290855005,2016-04-29,8,1.0,1.0
6290855005,2016-04-29,9,1.0,1.0
6290855005,2016-04-29,10,1.0,1.0
6290855005,2016-04-29,11,1.0,1.0
6290855005,2016-04-29,12,1.0,1.0
6290855005,2016-04-29,13,1.0,1.0
6290855005,2016-04-29,14,1.0,1.0
6290855005,2016-04-29,15,1.0,1.0
6290855005,2016-04-29,16,1.0,1.0
6290855005,2016-04-29,17,1.0,1.0
6290855005,2016-04-29,18,1.0,1.0
6290855005,2016-04-29,19,1.0,1.0
6290855005,2016-04-29,20,1.0,1.0
6290855005,2016-04-29,21,1.0,1.0
6290855005,2016-04-29,22,1.0,1.0
6290855005,2016-04-29,23,1.0,1.0
6290855005,2016-04-30,0,1.0,1.0
6290855005,2016-04-30,1,1.0,1.0
6290855005,2016-04-30,2,1.0,1.0
6290855005,2016-04-30,3,1.0,1.0
6290855005,2016-04-30,4,1.0,1.0
6290855005,2016-04-30,5,1.0,1.0
6290855005,2016-04-30,6,1.0,1.0
6290855005,2016-04-30,7,1.35,3.2
6290855005,2016-04-30,8,1.55,3.2
6290855005,2016-04-30,9,2.02,4.0
6290855005,2016-04-30,10,2.18,4.2
6290855005,2016-04-30,11,2.56,3.8
6290855005,2016-04-30,12,1.73,3.2
6290855005,2016-04-30,13,1.95,2.8
6290855005,2016-04-30,14,1.91,3.0
6290855005,2016-04-30,15,1.67,2.8
6290855005,2016-04-30,16,2.18,3.8
6290855005,2016-04-30,17,1.0,1.0
6290855005,2016-04-30,18,1.0,1.0
6290855005,2016-04-30,19,1.0,1.0
6290855005,2016-04-30,20,1.02,2.4
6290855005,2016-04-30,21,1.0,1.0
6290855005,2016-04-30,22,1.0,1.0
6290855005,2016-04-30,23,1.0,1.0
6290855005,2016-05-01,0,1.0,1.0
6290855005,2016-05-01,1,1.0,1.0
6290855005,2016-05-01,2,1.0,1.0
6290855005,2016-05-01,3,1.0,1.0
6290855005,2016-05-01,4,1.0,1.0
6290855005,2016-05-01,5,1.0,1.0
6290855005,2016-05-01,6,1.0,1.0
6290855005,2016-05-01,7,1.0,1.0
6290855005,2016-05-01,8,1.0,1.0
6290855005,2016-05-01,9,3.33,6.4
6290855005,2016-05-01,10,3.05,6.6
6290855005,2016-05-01,11,1.63,3.2
6290855005,2016-05-01,12,1.76,3.8
6290855005,2016-05-01,13,1.77,4.0
6290855005,2016-05-01,14,1.82,3.4
6290855005,2016-05-01,15,1.59,4.6
6290855005,2016-05-01,16,1.33,2.8
6290855005,2016-05-01,17,1.62,3.0
6290855005,2016-05-01,18,1.87,3.2
6290855005,2016-05-01,19,1.47,2.8
6290855005,2016-05-01,20,2.06,5.1
6290855005,2016-05-01,21,4.48,5.1
6290855005,2016-05-01,22,1.0,1.0
6290855005,2016-05-01,23,1.0,1.0
6290855005,2016-05-02,0,1.0,1.0
6290855005,2016-05-02,1,1.0,1.0
6290855005,2016-05-02,2,1.0,1.0
6290855005,2016-05-02,3,1.0,1.0
6290855005,2016-05-02,4,1.0,1.0
6290855005,2016-05-02,5,1.0,1.0
6290855005,2016-05-02,6,1.49,3.0
6290855005,2016-05-02,7,1.86,4.2
6290855005,2016-05-02,8,1.3,3.2
6290855005,2016-05-02,9,1.74,3.4
6290855005,2016-05-02,10,1.71,4.4
6290855005,2016-05-02,11,1.56,4.4
6290855005,2016-05-02,12,1.75,3.8
6290855005,2016-05-02,13,1.69,3.6
6290855005,2016-05-02,14,1.47,4.6
6290855005,2016-05-02,15,2.14,4.6
6290855005,2016-05-02,16,1.72,3.2
6290855005,2016-05-02,17,1.31,2.8
6290855005,2016-05-02,18,1.0,1.0
6290855005,2016-05-02,19,1.0,1.0
6290855005,2016-05-02,20,1.0,1.0
6290855005,2016-05-02,21,1.0,1.0
6290855005,2016-05-02,22,1.0,1.0
6290855005,2016-05-02,23,1.0,1.0
6290855005,2016-05-03,0,1.0,1.0
6290855005,2016-05-03,1,1.0,1.0
6290855005,2016-05-03,2,1.0,1.0
6290855005,2016-05-03,3,1.0,1.0
6290855005,2016-05-03,4,1.0,1.0
6290855005,2016-05-03,5,1.0,1.0
6290855005,2016-05-03,6,1.43,3.4
6290855005,2016-05-03,7,1.65,4.0
6290855005,2016-05-03,8,1.53,4.0
6290855005,2016-05-03,9,1.9,3.6
6290855005,2016-05-03,10,1.65,5.2
6290855005,2016-05-03,11,1.55,3.2
6290855005,2016-05-03,12,1.48,3.4
6290855005,2016-05-03,13,2.07,5.0
6290855005,2016-05-03,14,1.42,3.4
6290855005,2016-05-03,15,1.74,3.8
6290855005,2016-05-03,16,1.33,3.0
6290855005,2016-05-03,17,1.37,3.2
6290855005,2016-05-03,18,1.0,1.0
6290855005,2016-05-03,19,1.0,1.0
6290855005,2016-05-03,20,1.0,1.0
6290855005,2016-05-03,21,1.0,1.0
6290855005,2016-05-03,22,1.0,1.0
6290855005,2016-05-03,23,1.0,1.0
6290855005,2016-05-04,0,1.0,1.0
6290855005,2016-05-04,1,1.0,1.0
6290855005,2016-05-04,2,1.0,1.0
6290855005,2016-05-04,3,1.0,1.0
6290855005,2016-05-04,4,1.0,1.0
6290855005,2016-05-04,5,1.0,1.0
6290855005,2016-05-04,6,1.16,3.2
6290855005,2016-05-04,7,1.9,4.8
6290855005,2016-05-04,8,1.41,3.0
6290855005,2016-05-04,9,1.96,3.2
6290855005,2016-05-04,10,1.45,3.4
6290855005,2016-05-04,11,1.92,4.4
6290855005,2016-05-04,12,1.59,3.0
6290855005,2016-05-04,13,1.39,3.2
6290855005,2016-05-04,14,1.54,3.4
6290855005,2016-05-04,15,1.62,5.0
6290855005,2016-05-04,16,1.38,3.6
6290855005,2016-05-04,17,1.63,3.0
6290855005,2016-05-04,18,1.44,2.8
6290855005,2016-05-04,19,1.27,3.4
6290855005,2016-05-04,20,1.0,1.0
6290855005,2016-05-04,21,1.0,1.0
6290855005,2016-05-04,22,1.0,1.0
6290855005,2016-05-04,23,1.0,1.0
6290855005,2016-05-05,0,1.0,1.0
6290855005,2016-05-05,1,1.0,1.0
6290855005,2016-05-05,2,1.0,1.0
6290855005,2016-05-05,3,1.0,1.0
6290855005,2016-05-05,4,1.0,1.0
6290855005,2016-05-05,5,1.17,3.2
6290855005,2016-05-05,6,1.22,2.8
6290855005,2016-05-05,7,1.73,4.0
6290855005,2016-05-05,8,1.64,4.4
6290855005,2016-05-05,9,1.54,4.6
6290855005,2016-05-05,10,1.61,3.2
6290855005,2016-05-05,11,1.4,4.8
6290855005,2016-05-05,12,1.92,5.2
6290855005,2016-05-05,13,1.34,2.8
6290855005,2016-05-05,14,2.21,3.6
6290855005,2016-05-05,15,1.96,4.6
6290855005,2016-05-05,16,1.02,2.4
6290855005,2016-05-05,17,1.41,3.6
6290855005,2016-05-05,18,1.06,3.2
6290855005,2016-05-05,19,1.0,1.0
6290855005,2016-05-05,20,1.0,1.0
6290855005,2016-05-05,21,1.0,1.0
6290855005,2016-05-05,22,1.0,1.0
6290855005,2016-05-05,23,1.0,1.0
6290855005,2016-05-06,0,1.0,1.0
6290855005,2016-05-06,1,1.0,1.0
6290855005,2016-05-06,2,1.0,1.0
6290855005,2016-05-06,3,1.0,1.0
6290855005,2016-05-06,4,1.0,1.0
6290855005,2016-05-06,5,1.12,5.2
6290855005,2016-05-06,6,1.44,2.8
6290855005,2016-05-06,7,2.05,4.2
6290855005,2016-05-06,8,1.55,4.2
6290855005,2016-05-06,9,1.66,5.0
6290855005,2016-05-06,10,1.26,3.0
6290855005,2016-05-06,11,1.77,3.8
6290855005,2016-05-06,12,1.47,3.2
6290855005,2016-05-06,13,1.55,5.0
6290855005,2016-05-06,14,1.48,4.4
6290855005,2016-05-06,15,1.53,3.8
6290855005,2016-05-06,16,1.85,4.4
6290855005,2016-05-06,17,1.93,3.8
6290855005,2016-05-06,18,1.38,2.8
6290855005,2016-05-06,19,1.31,2.8
6290855005,2016-05-06,20,1.35,3.4
6290855005,2016-05-06,21,1.0,1.0
6290855005,2016-05-06,22,1.0,1.0
6290855005,2016-05-06,23,1.0,1.0
6290855005,2016-05-07,0,1.0,1.0
6290855005,2016-05-07,1,1.0,1.0
6290855005,2016-05-07,2,1.0,1.0
6290855005,2016-05-07,3,1.0,1.0
6290855005,2016-05-07,4,1.0,1.0
6290855005,2016-05-07,5,1.0,1.0
6290855005,2016-05-07,6,1.0,1.0
6290855005,2016-05-07,7,1.0,1.0
6290855005,2016-05-07,8,1.0,1.0
6290855005,2016-05-07,9,1.0,1.0
6290855005,2016-05-07,10,1.51,2.8
6290855005,2016-05-07,11,1.74,3.0
6290855005,2016-05-07,12,1.96,3.6
6290855005,2016-05-07,13,1.96,3.4
6290855005,2016-05-07,14,1.6,3.2
6290855005,2016-05-07,15,2.09,3.8
6290855005,2016-05-07,16,1.39,3.6
6290855005,2016-05-07,17,1.39,2.8
6290855005,2016-05-07,18,1.59,3.2
6290855005,2016-05-07,19,1.21,2.8
6290855005,2016-05-07,20,1.0,1.0
6290855005,2016-05-07,21,1.0,1.0
6290855005,2016-05-07,22,1.0,1.0
6290855005,2016-05-07,23,1.0,1.0
6290855005,2016-05-08,0,1.0,1.0
6290855005,2016-05-08,1,1.0,1.0
6290855005,2016-05-08,2,1.0,1.0
6290855005,2016-05-08,3,1.0,1.0
6290855005,2016-05-08,4,1.0,1.0
6290855005,2016-05-08,5,1.0,1.0
6290855005,2016-05-08,6,1.0,1.0
6290855005,2016-05-08,7,1.0,1.0
6290855005,2016-05-08,8,1.0,1.0
6290855005,2016-05-08,9,1.42,4.0
6290855005,2016-05-08,10,2.33,4.0
6290855005,2016-05-08,11,2.37,3.6
6290855005,2016-05-08,12,1.56,3.2
6290855005,2016-05-08,13,1.94,4.2
6290855005,2016-05-08,14,2.21,4.6
6290855005,2016-05-08,15,1.53,2.8
6290855005,2016-05-08,16,1.15,2.6
6290855005,2016-05-08,17,1.53,3.0
6290855005,2016-05-08,18,1.31,3.0
6290855005,2016-05-08,19,1.21,2.8
6290855005,2016-05-08,20,1.03,2.8
6290855005,2016-05-08,21,1.0,1.0
6290855005,2016-05-08,22,1.0,1.0
6290855005,2016-05-08,23,1.0,1.0
6290855005,2016-05-09,0,1.0,1.0
6290855005,2016-05-09,1,1.0,1.0
6290855005,2016-05-09,2,1.0,1.0
6290855005,2016-05-09,3,1.0,1.0
6290855005,2016-05-09,4,1.0,1.0
6290855005,2016-05-09,5,1.0,1.0
6290855005,2016-05-09,6,1.41,3.2
6290855005,2016-05-09,7,1.56,4.4
6290855005,2016-05-09,8,1.85,4.0
6290855005,2016-05-09,9,1.65,5.0
6290855005,2016-05-09,10,1.47,3.2
6290855005,2016-05-09,11,1.66,3.2
6290855005,2016-05-09,12,1.92,3.0
6290855005,2016-05-09,13,2.04,4.6
6290855005,2016-05-09,14,1.6,3.0
6290855005,2016-05-09,15,1.9,4.6
6290855005,2016-05-09,16,1.35,3.2
6775888955,2016-04-12,0,1.0,1.0
6775888955,2016-04-12,1,1.0,1.0
6775888955,2016-04-12,2,1.0,1.0
6775888955,2016-04-12,3,1.0,1.0
6775888955,2016-04-12,4,1.0,1.0
6775888955,2016-04-12,5,1.0,1.0
6775888955,2016-04-12,6,1.0,1.0
6775888955,2016-04-12,7,1.0,1.0
6775888955,2016-04-12,8,1.0,1.0
6775888955,2016-04-12,9,1.0,1.0
6775888955,2016-04-12,10,1.0,1.0
6775888955,2016-04-12,11,1.0,1.0
6775888955,2016-04-12,12,1.0,1.0
6775888955,2016-04-12,13,1.0,1.0
6775888955,2016-04-12,14,1.0,1.0
6775888955,2016-04-12,15,1.0,1.0
6775888955,2016-04-12,16,1.0,1.0
6775888955,2016-04-12,17,1.0,1.0
6775888955,2016-04-12,18,1.0,1.0
6775888955,2016-04-12,19,1.0,1.0
6775888955,2016-04-12,20,1.0,1.0
6775888955,2016-04-12,21,1.0,1.0
6775888955,2016-04-12,22,1.0,1.0
6775888955,2016-04-12,23,1.0,1.0
6775888955,2016-04-13,0,1.0,1.0
6775888955,2016-04-13,1,1.0,1.0
6775888955,2016-04-13,2,1.22,3.4
6775888955,2016-04-13,3,1.0,1.1
6775888955,2016-04-13,4,1.08,3.0
6775888955,2016-04-13,5,1.0,1.1
6775888955,2016-04-13,6,1.04,2.4
6775888955,2016-04-13,7,1.42,4.6
6775888955,2016-04-13,8,2.28,6.1
6775888955,2016-04-13,9,1.13,3.2
6775888955,2016-04-13,10,1.09,2.8
6775888955,2016-04-13,11,1.0,1.0
6775888955,2016-04-13,12,1.0,1.0
6775888955,2016-04-13,13,1.0,1.0
6775888955,2016-04-13,14,1.0,1.0
6775888955,2016-04-13,15,1.0,1.0
6775888955,2016-04-13,16,1.0,1.1
6775888955,2016-04-13,17,1.0,1.0
6775888955,2016-04-13,18,1.0,1.1
6775888955,2016-04-13,19,1.45,4.8
6775888955,2016-04-13,20,2.48,7.0
6775888955,2016-04-13,21,1.54,3.2
6775888955,2016-04-13,22,2.55,6.6
6775888955,2016-04-13,23,2.0,5.2
6775888955,2016-04-14,0,1.01,1.3
6775888955,2016-04-14,1,1.0,1.2
6775888955,2016-04-14,2,1.03,2.4
6775888955,2016-04-14,3,1.01,1.1
6775888955,2016-04-14,4,1.02,2.4
6775888955,2016-04-14,5,1.0,1.1
6775888955,2016-04-14,6,1.01,1.1
6775888955,2016-04-14,7,1.46,5.6
6775888955,2016-04-14,8,2.37,7.2
6775888955,2016-04-14,9,1.12,3.8
6775888955,2016-04-14,10,1.45,5.0
6775888955,2016-04-14,11,1.09,3.2
6775888955,2016-04-14,12,1.98,5.8
6775888955,2016-04-14,13,1.0,1.0
6775888955,2016-04-14,14,1.0,1.0
6775888955,2016-04-14,15,1.0,1.0
6775888955,2016-04-14,16,1.0,1.0
6775888955,2016-04-14,17,1.0,1.0
6775888955,2016-04-14,18,1.0,1.0
6775888955,2016-04-14,19,1.0,1.0
6775888955,2016-04-14,20,3.1,6.4
6775888955,2016-04-14,21,2.46,6.8
6775888955,2016-04-14,22,1.67,4.0
6775888955,2016-04-14,23,1.92,5.0
6775888955,2016-04-15,0,1.22,3.4
6775888955,2016-04-15,1,1.17,2.6
6775888955,2016-04-15,2,1.04,1.2
6775888955,2016-04-15,3,1.01,1.2
6775888955,2016-04-15,4,1.01,1.2
6775888955,2016-04-15,5,1.01,1.1
6775888955,2016-04-15,6,1.06,3.2
6775888955,2016-04-15,7,2.55,6.6
6775888955,2016-04-15,8,2.41,6.4
6775888955,2016-04-15,9,1.25,4.6
6775888955,2016-04-15,10,1.0,1.0
6775888955,2016-04-15,11,1.0,1.0
6775888955,2016-04-15,12,1.0,1.1
6775888955,2016-04-15,13,1.0,1.0
6775888955,2016-04-15,14,1.0,1.1
6775888955,2016-04-15,15,1.0,1.0
6775888955,2016-04-15,16,1.0,1.1
6775888955,2016-04-15,17,1.0,1.0
6775888955,2016-04-15,18,1.0,1.0
6775888955,2016-04-15,19,1.0,1.0
6775888955,2016-04-15,20,1.0,1.0
6775888955,2016-04-15,21,1.0,1.0
6775888955,2016-04-15,22,1.0,1.0
6775888955,2016-04-15,23,1.0,1.0
6775888955,2016-04-16,0,1.0,1.0
6775888955,2016-04-16,1,1.0,1.0
6775888955,2016-04-16,2,1.0,1.0
6775888955,2016-04-16,3,1.0,1.0
6775888955,2016-04-16,4,1.0,1.0
6775888955,2016-04-16,5,1.0,1.0
6775888955,2016-04-16,6,1.0,1.0
6775888955,2016-04-16,7,1.0,1.0
6775888955,2016-04-16,8,1.0,1.0
6775888955,2016-04-16,9,1.0,1.0
6775888955,2016-04-16,10,1.0,1.0
6775888955,2016-04-16,11,1.0,1.0
6775888955,2016-04-16,12,1.0,1.0
6775888955,2016-04-16,13,1.0,1.0
6775888955,2016-04-16,14,1.0,1.0
6775888955,2016-04-16,15,1.0,1.0
6775888955,2016-04-16,16,1.0,1.0
6775888955,2016-04-16,17,1.0,1.0
6775888955,2016-04-16,18,4.56,7.0
6775888955,2016-04-16,19,2.44,8.0
6775888955,2016-04-16,20,1.0,1.0
6775888955,2016-04-16,21,1.0,1.0
6775888955,2016-04-16,22,1.0,1.0
6775888955,2016-04-16,23,1.0,1.0
6775888955,2016-04-17,0,1.0,1.0
6775888955,2016-04-17,1,1.0,1.0
6775888955,2016-04-17,2,1.0,1.0
6775888955,2016-04-17,3,1.0,1.0
6775888955,2016-04-17,4,1.0,1.0
6775888955,2016-04-17,5,1.0,1.0
6775888955,2016-04-17,6,1.0,1.0
6775888955,2016-04-17,7,1.0,1.0
6775888955,2016-04-17,8,3.59,6.6
6775888955,2016-04-17,9,1.36,4.2
6775888955,2016-04-17,10,1.0,1.0
6775888955,2016-04-17,11,1.0,1.0
6775888955,2016-04-17,12,1.0,1.0
6775888955,2016-04-17,13,1.0,1.0
6775888955,2016-04-17,14,1.0,1.0
6775888955,2016-04-17,15,1.0,1.0
6775888955,2016-04-17,16,1.0,1.0
6775888955,2016-04-17,17,1.0,1.0
6775888955,2016-04-17,18,1.0,1.0
6775888955,2016-04-17,19,1.0,1.0
6775888955,2016-04-17,20,1.0,1.0
6775888955,2016-04-17,21,1.0,1.0
6775888955,2016-04-17,22,1.0,1.0
6775888955,2016-04-17,23,1.0,1.0
6775888955,2016-04-18,0,1.0,1.0
6775888955,2016-04-18,1,1.0,1.0
6775888955,2016-04-18,2,1.0,1.0
6775888955,2016-04-18,3,1.0,1.0
6775888955,2016-04-18,4,1.0,1.0
6775888955,2016-04-18,5,1.0,1.0
6775888955,2016-04-18,6,1.0,1.0
6775888955,2016-04-18,7,1.0,1.0
6775888955,2016-04-18,8,1.0,1.0
6775888955,2016-04-18,9,1.07,4.2
6775888955,2016-04-18,10,1.5,5.2
6775888955,2016-04-18,11,4.17,6.6
6775888955,2016-04-18,12,3.9,7.4
6775888955,2016-04-18,13,3.43,7.2
6775888955,2016-04-18,14,3.28,6.0
6775888955,2016-04-18,15,2.13,6.0
6775888955,2016-04-18,16,1.0,1.1
6775888955,2016-04-18,17,1.0,1.0
6775888955,2016-04-18,18,1.0,1.0
6775888955,2016-04-18,19,1.0,1.0
6775888955,2016-04-18,20,1.0,1.0
6775888955,2016-04-18,21,1.0,1.0
6775888955,2016-04-18,22,1.0,1.0
6775888955,2016-04-18,23,1.0,1.0
6775888955,2016-04-19,0,1.0,1.0
6775888955,2016-04-19,1,1.0,1.0
6775888955,2016-04-19,2,1.0,1.0
6775888955,2016-04-19,3,1.0,1.0
6775888955,2016-04-19,4,1.0,1.0
6775888955,2016-04-19,5,1.0,1.0
6775888955,2016-04-19,6,1.0,1.0
6775888955,2016-04-19,7,1.0,1.0
6775888955,2016-04-19,8,1.0,1.0
6775888955,2016-04-19,9,1.0,1.0
6775888955,2016-04-19,10,1.0,1.0
6775888955,2016-04-19,11,1.0,1.0
6775888955,2016-04-19,12,1.0,1.0
6775888955,2016-04-19,13,1.0,1.0
6775888955,2016-04-19,14,1.0,1.0
6775888955,2016-04-19,15,1.0,1.0
6775888955,2016-04-19,16,1.0,1.0
6775888955,2016-04-19,17,1.0,1.0
6775888955,2016-04-19,18,1.0,1.0
6775888955,2016-04-19,19,1.0,1.0
6775888955,2016-04-19,20,1.0,1.0
6775888955,2016-04-19,21,1.0,1.0
6775888955,2016-04-19,22,1.0,1.0
6775888955,2016-04-19,23,1.0,1.0
6775888955,2016-04-20,0,1.0,1.0
6775888955,2016-04-20,1,1.0,1.0
6775888955,2016-04-20,2,1.0,1.0
6775888955,2016-04-20,3,1.0,1.0
6775888955,2016-04-20,4,1.0,1.0
6775888955,2016-04-20,5,1.0,1.0
6775888955,2016-04-20,6,2.22,7.6
6775888955,2016-04-20,7,3.3,8.0
6775888955,2016-04-20,8,2.98,7.8
6775888955,2016-04-20,9,2.4,7.8
6775888955,2016-04-20,10,2.19,6.8
6775888955,2016-04-20,11,4.27,7.4
6775888955,2016-04-20,12,2.97,6.8
6775888955,2016-04-20,13,3.57,7.2
6775888955,2016-04-20,14,2.81,6.4
6775888955,2016-04-20,15,3.02,8.8
6775888955,2016-04-20,16,4.15,7.0
6775888955,2016-04-20,17,1.92,5.0
6775888955,2016-04-20,18,1.78,5.8
6775888955,2016-04-20,19,1.0,1.0
6775888955,2016-04-20,20,1.0,1.0
6775888955,2016-04-20,21,1.0,1.0
6775888955,2016-04-20,22,1.0,1.0
6775888955,2016-04-20,23,1.0,1.0
6775888955,2016-04-21,0,1.0,1.0
6775888955,2016-04-21,1,1.0,1.0
6775888955,2016-04-21,2,1.0,1.0
6775888955,2016-04-21,3,1.0,1.0
6775888955,2016-04-21,4,1.0,1.0
6775888955,2016-04-21,5,1.0,1.0
6775888955,2016-04-21,6,1.0,1.0
6775888955,2016-04-21,7,1.0,1.0
6775888955,2016-04-21,8,1.0,1.0
6775888955,2016-04-21,9,1.0,1.0
6775888955,2016-04-21,10,1.0,1.0
6775888955,2016-04-21,11,1.0,1.0
6775888955,2016-04-21,12,1.0,1.0
6775888955,2016-04-21,13,1.0,1.0
6775888955,2016-04-21,14,1.0,1.0
6775888955,2016-04-21,15,1.0,1.0
6775888955,2016-04-21,16,1.0,1.0
6775888955,2016-04-21,17,1.0,1.0
6775888955,2016-04-21,18,1.0,1.0
6775888955,2016-04-21,19,1.0,1.0
6775888955,2016-04-21,20,1.0,1.0
6775888955,2016-04-21,21,1.0,1.0
6775888955,2016-04-21,22,1.0,1.0
6775888955,2016-04-21,23,1.0,1.0
6775888955,2016-04-22,0,1.0,1.0
6775888955,2016-04-22,1,1.0,1.0
6775888955,2016-04-22,2,1.0,1.0
6775888955,2016-04-22,3,1.0,1.0
6775888955,2016-04-22,4,1.0,1.0
6775888955,2016-04-22,5,1.0,1.0
6775888955,2016-04-22,6,1.0,1.0
6775888955,2016-04-22,7,1.12,5.2
6775888955,2016-04-22,8,1.94,5.2
6775888955,2016-04-22,9,1.0,1.0
6775888955,2016-04-22,10,1.0,1.0
6775888955,2016-04-22,11,1.0,1.0
6775888955,2016-04-22,12,1.0,1.0
6775888955,2016-04-22,13,1.0,1.0
6775888955,2016-04-22,14,1.0,1.0
6775888955,2016-04-22,15,1.0,1.0
6775888955,2016-04-22,16,1.0,1.0
6775888955,2016-04-22,17,1.0,1.0
6775888955,2016-04-22,18,1.0,1.0
6775888955,2016-04-22,19,1.0,1.0
6775888955,2016-04-22,20,1.0,1.0
6775888955,2016-04-22,21,1.0,1.0
6775888955,2016-04-22,22,1.0,1.0
6775888955,2016-04-22,23,1.0,1.0
6775888955,2016-04-23,0,1.0,1.0
6775888955,2016-04-23,1,1.0,1.0
6775888955,2016-04-23,2,1.0,1.0
6775888955,2016-04-23,3,1.0,1.0
6775888955,2016-04-23,4,1.0,1.0
6775888955,2016-04-23,5,1.0,1.0
6775888955,2016-04-23,6,1.0,1.0
6775888955,2016-04-23,7,1.0,1.0
6775888955,2016-04-23,8,1.0,1.0
6775888955,2016-04-23,9,1.0,1.0
6775888955,2016-04-23,10,1.0,1.0
6775888955,2016-04-23,11,1.0,1.0
6775888955,2016-04-23,12,1.0,1.0
6775888955,2016-04-23,13,1.0,1.0
6775888955,2016-04-23,14,1.0,1.0
6775888955,2016-04-23,15,1.0,1.0
6775888955,2016-04-23,16,1.0,1.0
6775888955,2016-04-23,17,1.0,1.0
6775888955,2016-04-23,18,1.0,1.0
6775888955,2016-04-23,19,1.0,1.0
6775888955,2016-04-23,20,1.0,1.0
6775888955,2016-04-23,21,1.0,1.0
6775888955,2016-04-23,22,1.0,1.0
6775888955,2016-04-23,23,1.0,1.0
6775888955,2016-04-24,0,1.0,1.0
6775888955,2016-04-24,1,1.0,1.0
6775888955,2016-04-24,2,1.0,1.0
6775888955,2016-04-24,3,1.0,1.0
6775888955,2016-04-24,4,1.0,1.0
6775888955,2016-04-24,5,1.0,1.0
6775888955,2016-04-24,6,1.0,1.0
6775888955,2016-04-24,7,1.0,1.0
6775888955,2016-04-24,8,1.0,1.0
6775888955,2016-04-24,9,1.0,1.0
6775888955,2016-04-24,10,1.0,1.0
6775888955,2016-04-24,11,2.27,6.8
6775888955,2016-04-24,12,1.0,1.0
6775888955,2016-04-24,13,1.0,1.0
6775888955,2016-04-24,14,1.0,1.0
6775888955,2016-04-24,15,1.0,1.0
6775888955,2016-04-24,16,1.0,1.1
6775888955,2016-04-24,17,1.0,1.0
6775888955,2016-04-24,18,2.49,6.6
6775888955,2016-04-24,19,1.0,1.0
6775888955,2016-04-24,20,1.0,1.0
6775888955,2016-04-24,21,1.0,1.0
6775888955,2016-04-24,22,1.0,1.0
6775888955,2016-04-24,23,1.0,1.0
6775888955,2016-04-25,0,1.0,1.0
6775888955,2016-04-25,1,1.0,1.0
6775888955,2016-04-25,2,1.0,1.0
6775888955,2016-04-25,3,1.0,1.0
6775888955,2016-04-25,4,1.0,1.0
6775888955,2016-04-25,5,1.0,1.0
6775888955,2016-04-25,6,1.0,1.0
6775888955,2016-04-25,7,1.0,1.0
6775888955,2016-04-25,8,1.0,1.0
6775888955,2016-04-25,9,2.52,8.0
6775888955,2016-04-25,10,2.48,6.6
6775888955,2016-04-25,11,2.36,5.8
6775888955,2016-04-25,12,3.81,7.2
6775888955,2016-04-25,13,2.18,6.8
6775888955,2016-04-25,14,1.0,1.0
6775888955,2016-04-25,15,1.0,1.1
6775888955,2016-04-25,16,1.0,1.0
6775888955,2016-04-25,17,1.0,1.0
6775888955,2016-04-25,18,1.0,1.0
6775888955,2016-04-25,19,1.0,1.0
6775888955,2016-04-25,20,1.0,1.0
6775888955,2016-04-25,21,1.0,1.1
6775888955,2016-04-25,22,1.0,1.0
6775888955,2016-04-25,23,1.0,1.0
6775888955,2016-04-26,0,1.0,1.0
6775888955,2016-04-26,1,1.0,1.0
6775888955,2016-04-26,2,1.0,1.0
6775888955,2016-04-26,3,1.0,1.0
6775888955,2016-04-26,4,1.0,1.0
6775888955,2016-04-26,5,3.56,8.8
6775888955,2016-04-26,6,4.19,9.5
6775888955,2016-04-26,7,1.0,1.0
6775888955,2016-04-26,8,2.96,7.4
6775888955,2016-04-26,9,1.36,5.1
6775888955,2016-04-26,10,1.0,1.0
6775888955,2016-04-26,11,1.0,1.0
6775888955,2016-04-26,12,1.01,1.2
6775888955,2016-04-26,13,1.0,1.1
6775888955,2016-04-26,14,1.0,1.0
6775888955,2016-04-26,15,1.0,1.0
6775888955,2016-04-26,16,1.0,1.0
6775888955,2016-04-26,17,1.0,1.0
6775888955,2016-04-26,18,1.64,6.0
6775888955,2016-04-26,19,1.97,7.6
6775888955,2016-04-26,20,1.0,1.0
6775888955,2016-04-26,21,1.0,1.0
6775888955,2016-04-26,22,1.0,1.0
6775888955,2016-04-26,23,1.0,1.0
6775888955,2016-04-27,0,1.0,1.0
6775888955,2016-04-27,1,1.0,1.0
6775888955,2016-04-27,2,1.0,1.0
6775888955,2016-04-27,3,1.0,1.0
6775888955,2016-04-27,4,1.0,1.0
6775888955,2016-04-27,5,1.0,1.0
6775888955,2016-04-27,6,1.0,1.0
6775888955,2016-04-27,7,1.0,1.0
6775888955,2016-04-27,8,1.0,1.0
6775888955,2016-04-27,9,1.0,1.0
6775888955,2016-04-27,10,1.0,1.0
6775888955,2016-04-27,11,1.0,1.0
6775888955,2016-04-27,12,1.0,1.0
6775888955,2016-04-27,13,1.0,1.0
6775888955,2016-04-27,14,1.0,1.0
6775888955,2016-04-27,15,1.0,1.0
6775888955,2016-04-27,16,1.0,1.0
6775888955,2016-04-27,17,1.0,1.0
6775888955,2016-04-27,18,1.0,1.0
6775888955,2016-04-27,19,1.0,1.0
6775888955,2016-04-27,20,1.0,1.0
6775888955,2016-04-27,21,1.0,1.0
6775888955,2016-04-27,22,1.0,1.0
6775888955,2016-04-27,23,1.0,1.0
6775888955,2016-04-28,0,1.0,1.0
6775888955,2016-04-28,1,1.0,1.0
6775888955,2016-04-28,2,1.0,1.0
6775888955,2016-04-28,3,1.0,1.0
6775888955,2016-04-28,4,1.0,1.0
6775888955,2016-04-28,5,1.0,1.0
6775888955,2016-04-28,6,1.0,1.0
6775888955,2016-04-28,7,1.0,1.0
6775888955,2016-04-28,8,1.0,1.0
6775888955,2016-04-28,9,1.0,1.0
6775888955,2016-04-28,10,1.0,1.0
6775888955,2016-04-28,11,1.0,1.0
6775888955,2016-04-28,12,1.0,1.0
6775888955,2016-04-28,13,1.34,6.6
6775888955,2016-04-28,14,2.64,6.8
6775888955,2016-04-28,15,1.0,1.0
6775888955,2016-04-28,16,1.0,1.0
6775888955,2016-04-28,17,1.0,1.0
6775888955,2016-04-28,18,1.0,1.0
6775888955,2016-04-28,19,1.0,1.0
6775888955,2016-04-28,20,1.0,1.0
6775888955,2016-04-28,21,1.0,1.0
6775888955,2016-04-28,22,1.0,1.0
6775888955,2016-04-28,23,1.0,1.0
6775888955,2016-04-29,0,1.0,1.0
6775888955,2016-04-29,1,1.0,1.0
6775888955,2016-04-29,2,1.0,1.0
6775888955,2016-04-29,3,1.0,1.0
6775888955,2016-04-29,4,1.0,1.0
6775888955,2016-04-29,5,1.0,1.0
6775888955,2016-04-29,6,1.0,1.0
6775888955,2016-04-29,7,1.0,1.0
6775888955,2016-04-29,8,1.0,1.0
6775888955,2016-04-29,9,1.0,1.0
6775888955,2016-04-29,10,1.0,1.0
6775888955,2016-04-29,11,1.0,1.0
6775888955,2016-04-29,12,1.0,1.0
6775888955,2016-04-29,13,1.0,1.0
6775888955,2016-04-29,14,1.0,1.0
6775888955,2016-04-29,15,1.0,1.0
6775888955,2016-04-29,16,1.01,1.4
6775888955,2016-04-29,17,1.0,1.0
6775888955,2016-04-29,18,1.0,1.0
6775888955,2016-04-29,19,1.0,1.0
6775888955,2016-04-29,20,1.0,1.0
6775888955,2016-04-29,21,1.0,1.0
6775888955,2016-04-29,22,1.0,1.0
6775888955,2016-04-29,23,1.0,1.0
6775888955,2016-04-30,0,1.0,1.0
6775888955,2016-04-30,1,1.0,1.0
6775888955,2016-04-30,2,1.0,1.0
6775888955,2016-04-30,3,1.0,1.0
6775888955,2016-04-30,4,1.0,1.0
6775888955,2016-04-30,5,1.0,1.0
6775888955,2016-04-30,6,1.0,1.0
6775888955,2016-04-30,7,1.0,1.0
6775888955,2016-04-30,8,1.0,1.0
6775888955,2016-04-30,9,1.0,1.0
6775888955,2016-04-30,10,1.0,1.0
6775888955,2016-04-30,11,1.0,1.0
6775888955,2016-04-30,12,1.0,1.0
6775888955,2016-04-30,13,1.0,1.0
6775888955,2016-04-30,14,1.0,1.0
6775888955,2016-04-30,15,1.0,1.0
6775888955,2016-04-30,16,1.0,1.0
6775888955,2016-04-30,17,1.0,1.0
6775888955,2016-04-30,18,1.0,1.0
6775888955,2016-04-30,19,2.79,6.2
6775888955,2016-04-30,20,1.28,3.2
6775888955,2016-04-30,21,2.44,6.8
6775888955,2016-04-30,22,1.96,4.6
6775888955,2016-04-30,23,2.26,6.4
6775888955,2016-05-01,0,2.06,5.8
6775888955,2016-05-01,1,1.0,1.0
6775888955,2016-05-01,2,1.0,1.0
6775888955,2016-05-01,3,1.0,1.0
6775888955,2016-05-01,4,1.0,1.0
6775888955,2016-05-01,5,1.0,1.0
6775888955,2016-05-01,6,1.0,1.0
6775888955,2016-05-01,7,1.0,1.0
6775888955,2016-05-01,8,1.0,1.0
6775888955,2016-05-01,9,1.0,1.0
6775888955,2016-05-01,10,1.0,1.0
6775888955,2016-05-01,11,1.0,1.0
6775888955,2016-05-01,12,2.38,5.8
6775888955,2016-05-01,13,2.13,6.8
6775888955,2016-05-01,14,1.0,1.0
6775888955,2016-05-01,15,1.0,1.0
6775888955,2016-05-01,16,1.76,6.0
6775888955,2016-05-01,17,2.92,7.2
6775888955,2016-05-01,18,1.0,1.0
6775888955,2016-05-01,19,1.0,1.0
6775888955,2016-05-01,20,1.0,1.0
6775888955,2016-05-01,21,1.0,1.0
6775888955,2016-05-01,22,1.0,1.0
6775888955,2016-05-01,23,1.0,1.0
6775888955,2016-05-02,0,1.0,1.0
6775888955,2016-05-02,1,1.0,1.0
6775888955,2016-05-02,2,1.0,1.0
6775888955,2016-05-02,3,1.0,1.0
6775888955,2016-05-02,4,1.0,1.0
6775888955,2016-05-02,5,1.0,1.0
6775888955,2016-05-02,6,1.0,1.0
6775888955,2016-05-02,7,1.0,1.0
6775888955,2016-05-02,8,1.0,1.0
6775888955,2016-05-02,9,1.0,1.0
6775888955,2016-05-02,10,1.0,1.0
6775888955,2016-05-02,11,1.0,1.0
6775888955,2016-05-02,12,1.0,1.0
6775888955,2016-05-02,13,1.0,1.0
6775888955,2016-05-02,14,1.0,1.0
6775888955,2016-05-02,15,1.0,1.0
6775888955,2016-05-02,16,1.0,1.1
6775888955,2016-05-02,17,1.0,1.0
6775888955,2016-05-02,18,1.0,1.0
6775888955,2016-05-02,19,1.0,1.0
6775888955,2016-05-02,20,1.0,1.0
6775888955,2016-05-02,21,1.0,1.0
6775888955,2016-05-02,22,1.0,1.0
6775888955,2016-05-02,23,1.0,1.0
6775888955,2016-05-03,0,1.0,1.0
6775888955,2016-05-03,1,1.0,1.0
6775888955,2016-05-03,2,1.0,1.0
6775888955,2016-05-03,3,1.0,1.0
6775888955,2016-05-03,4,1.0,1.0
6775888955,2016-05-03,5,1.0,1.0
6775888955,2016-05-03,6,1.0,1.0
6775888955,2016-05-03,7,1.0,1.0
6775888955,2016-05-03,8,1.0,1.0
6775888955,2016-05-03,9,1.0,1.0
6775888955,2016-05-03,10,1.0,1.0
6775888955,2016-05-03,11,1.0,1.0
6775888955,2016-05-03,12,1.0,1.0
6775888955,2016-05-03,13,1.0,1.0
6775888955,2016-05-03,14,1.0,1.0
6775888955,2016-05-03,15,1.0,1.0
6775888955,2016-05-03,16,1.0,1.1
6775888955,2016-05-03,17,1.0,1.0
6775888955,2016-05-03,18,1.0,1.0
6775888955,2016-05-03,19,1.0,1.0
6775888955,2016-05-03,20,1.0,1.0
6775888955,2016-05-03,21,1.0,1.0
6775888955,2016-05-03,22,1.03,2.6
6775888955,2016-05-03,23,1.0,1.0
6775888955,2016-05-04,0,1.0,1.0
6775888955,2016-05-04,1,1.0,1.0
6775888955,2016-05-04,2,1.0,1.0
6775888955,2016-05-04,3,1.0,1.0
6775888955,2016-05-04,4,1.0,1.0
6775888955,2016-05-04,5,1.0,1.0
6775888955,2016-05-04,6,1.0,1.0
6775888955,2016-05-04,7,1.0,1.0
6775888955,2016-05-04,8,1.0,1.0
6775888955,2016-05-04,9,1.0,1.0
6775888955,2016-05-04,10,1.0,1.0
6775888955,2016-05-04,11,1.0,1.0
6775888955,2016-05-04,12,1.0,1.0
6775888955,2016-05-04,13,1.0,1.0
6775888955,2016-05-04,14,1.0,1.0
6775888955,2016-05-04,15,1.0,1.0
6775888955,2016-05-04,16,1.0,1.0
6775888955,2016-05-04,17,1.0,1.0
6775888955,2016-05-04,18,1.0,1.0
6775888955,2016-05-04,19,1.0,1.0
6775888955,2016-05-04,20,1.0,1.0
6775888955,2016-05-04,21,1.0,1.0
6775888955,2016-05-04,22,1.0,1.0
6775888955,2016-05-04,23,1.0,1.0
6775888955,2016-05-05,0,1.0,1.0
6775888955,2016-05-05,1,1.0,1.0
6775888955,2016-05-05,2,1.0,1.0
6775888955,2016-05-05,3,1.0,1.0
6775888955,2016-05-05,4,1.0,1.0
6775888955,2016-05-05,5,1.0,1.0
6775888955,2016-05-05,6,1.0,1.0
6775888955,2016-05-05,7,1.0,1.0
6775888955,2016-05-05,8,1.0,1.0
6775888955,2016-05-05,9,1.0,1.0
6775888955,2016-05-05,10,1.0,1.0
6775888955,2016-05-05,11,1.0,1.0
6775888955,2016-05-05,12,1.0,1.0
6775888955,2016-05-05,13,1.0,1.0
6775888955,2016-05-05,14,1.0,1.0
6775888955,2016-05-05,15,1.0,1.0
6775888955,2016-05-05,16,1.0,1.0
6775888955,2016-05-05,17,1.0,1.0
6775888955,2016-05-05,18,1.0,1.0
6775888955,2016-05-05,19,1.0,1.0
6775888955,2016-05-05,20,1.0,1.0
6775888955,2016-05-05,21,1.0,1.0
6775888955,2016-05-05,22,1.0,1.0
6775888955,2016-05-05,23,1.0,1.0
6775888955,2016-05-06,0,1.0,1.0
6775888955,2016-05-06,1,1.0,1.0
6775888955,2016-05-06,2,1.0,1.0
6775888955,2016-05-06,3,1.0,1.0
6775888955,2016-05-06,4,1.0,1.0
6775888955,2016-05-06,5,1.0,1.0
6775888955,2016-05-06,6,1.0,1.0
6775888955,2016-05-06,7,1.0,1.0
6775888955,2016-05-06,8,1.0,1.0
6775888955,2016-05-06,9,1.0,1.0
6775888955,2016-05-06,10,1.0,1.0
6775888955,2016-05-06,11,1.0,1.0
6775888955,2016-05-06,12,1.0,1.0
6775888955,2016-05-06,13,1.0,1.0
6775888955,2016-05-06,14,1.0,1.0
6775888955,2016-05-06,15,1.0,1.0
6775888955,2016-05-06,16,1.0,1.0
6775888955,2016-05-06,17,1.0,1.0
6775888955,2016-05-06,18,2.39,6.6
6775888955,2016-05-06,19,2.01,6.2
6775888955,2016-05-06,20,2.74,7.0
6775888955,2016-05-06,21,2.95,6.8
6775888955,2016-05-06,22,2.32,6.6
6775888955,2016-05-06,23,2.13,6.0
6775888955,2016-05-07,0,1.74,6.4
6775888955,2016-05-07,1,1.0,1.0
6775888955,2016-05-07,2,1.0,1.0
6775888955,2016-05-07,3,1.0,1.0
6775888955,2016-05-07,4,1.0,1.0
6775888955,2016-05-07,5,1.0,1.0
6775888955,2016-05-07,6,1.0,1.0
6775888955,2016-05-07,7,1.87,5.6
6775888955,2016-05-07,8,2.38,5.6
6775888955,2016-05-07,9,1.2,2.6
6962181067,2016-04-12,0,1.06,2.8
6962181067,2016-04-12,1,1.0,1.1
6962181067,2016-04-12,2,1.01,1.1
6962181067,2016-04-12,3,1.01,1.1
6962181067,2016-04-12,4,1.0,1.1
6962181067,2016-04-12,5,1.0,1.1
6962181067,2016-04-12,6,1.08,2.6
6962181067,2016-04-12,7,1.76,3.8
6962181067,2016-04-12,8,1.39,3.2
6962181067,2016-04-12,9,3.43,7.4
6962181067,2016-04-12,10,3.7,10.2
6962181067,2016-04-12,11,1.69,3.8
6962181067,2016-04-12,12,1.28,3.0
6962181067,2016-04-12,13,1.09,2.6
6962181067,2016-04-12,14,1.2,3.0
6962181067,2016-04-12,15,1.3,3.2
6962181067,2016-04-12,16,1.67,4.0
6962181067,2016-04-12,17,1.71,3.4
6962181067,2016-04-12,18,2.25,5.8
6962181067,2016-04-12,19,2.94,6.4
6962181067,2016-04-12,20,1.0,1.1
6962181067,2016-04-12,21,1.0,1.0
6962181067,2016-04-12,22,1.12,3.5
6962181067,2016-04-12,23,1.08,3.2
6962181067,2016-04-13,0,1.03,2.8
6962181067,2016-04-13,1,1.07,3.0
6962181067,2016-04-13,2,1.02,1.3
6962181067,2016-04-13,3,1.06,2.6
6962181067,2016-04-13,4,1.1,2.8
6962181067,2016-04-13,5,1.01,1.1
6962181067,2016-04-13,6,1.01,1.1
6962181067,2016-04-13,7,1.0,1.1
6962181067,2016-04-13,8,1.15,3.2
6962181067,2016-04-13,9,1.1,3.2
6962181067,2016-04-13,10,1.0,1.1
6962181067,2016-04-13,11,1.0,1.1
6962181067,2016-04-13,12,1.26,3.0
6962181067,2016-04-13,13,1.2,3.6
6962181067,2016-04-13,14,1.14,2.8
6962181067,2016-04-13,15,2.02,4.2
6962181067,2016-04-13,16,1.51,3.6
6962181067,2016-04-13,17,2.82,6.6
6962181067,2016-04-13,18,2.66,7.8
6962181067,2016-04-13,19,1.26,3.2
6962181067,2016-04-13,20,1.81,5.4
6962181067,2016-04-13,21,1.08,2.6
6962181067,2016-04-13,22,1.39,4.0
6962181067,2016-04-13,23,1.06,2.6
6962181067,2016-04-14,0,1.0,1.1
6962181067,2016-04-14,1,1.08,2.6
6962181067,2016-04-14,2,1.0,1.0
6962181067,2016-04-14,3,1.02,2.4
6962181067,2016-04-14,4,1.0,1.1
6962181067,2016-04-14,5,1.0,1.0
6962181067,2016-04-14,6,1.09,3.0
6962181067,2016-04-14,7,1.0,1.1
6962181067,2016-04-14,8,1.2,3.6
6962181067,2016-04-14,9,1.4,3.6
6962181067,2016-04-14,10,1.05,2.4
6962181067,2016-04-14,11,1.14,2.8
6962181067,2016-04-14,12,1.38,3.0
6962181067,2016-04-14,13,1.09,3.0
6962181067,2016-04-14,14,1.09,2.8
6962181067,2016-04-14,15,1.32,3.4
6962181067,2016-04-14,16,1.11,3.0
6962181067,2016-04-14,17,1.36,6.4
6962181067,2016-04-14,18,1.1,2.4
6962181067,2016-04-14,19,1.09,2.4
6962181067,2016-04-14,20,1.27,3.2
6962181067,2016-04-14,21,1.03,1.1
6962181067,2016-04-14,22,1.33,3.6
6962181067,2016-04-14,23,1.03,2.4
6962181067,2016-04-15,0,1.06,2.8
6962181067,2016-04-15,1,1.0,1.1
6962181067,2016-04-15,2,1.0,1.1
6962181067,2016-04-15,3,1.02,2.4
6962181067,2016-04-15,4,1.0,1.1
6962181067,2016-04-15,5,1.0,1.0
6962181067,2016-04-15,6,1.07,3.0
6962181067,2016-04-15,7,2.47,5.8
6962181067,2016-04-15,8,2.15,4.0
6962181067,2016-04-15,9,2.84,5.0
6962181067,2016-04-15,10,1.08,2.4
6962181067,2016-04-15,11,2.35,6.0
6962181067,2016-04-15,12,1.59,4.8
6962181067,2016-04-15,13,1.03,1.1
6962181067,2016-04-15,14,1.29,3.8
6962181067,2016-04-15,15,1.12,3.0
6962181067,2016-04-15,16,1.05,1.1
6962181067,2016-04-15,17,1.21,3.0
6962181067,2016-04-15,18,1.88,5.6
6962181067,2016-04-15,19,1.14,3.0
6962181067,2016-04-15,20,1.11,3.6
6962181067,2016-04-15,21,1.0,1.1
6962181067,2016-04-15,22,1.12,2.8
6962181067,2016-04-15,23,1.04,3.2
6962181067,2016-04-16,0,1.03,2.2
6962181067,2016-04-16,1,1.06,2.6
6962181067,2016-04-16,2,1.0,1.0
6962181067,2016-04-16,3,1.02,2.2
6962181067,2016-04-16,4,1.0,1.0
6962181067,2016-04-16,5,1.0,1.0
6962181067,2016-04-16,6,1.0,1.1
6962181067,2016-04-16,7,1.19,2.8
6962181067,2016-04-16,8,2.44,4.4
6962181067,2016-04-16,9,5.86,7.8
6962181067,2016-04-16,10,2.19,6.6
6962181067,2016-04-16,11,2.32,5.4
6962181067,2016-04-16,12,1.77,5.4
6962181067,2016-04-16,13,1.28,4.6
6962181067,2016-04-16,14,1.08,2.6
6962181067,2016-04-16,15,1.91,3.8
6962181067,2016-04-16,16,1.62,3.8
6962181067,2016-04-16,17,1.85,4.6
6962181067,2016-04-16,18,2.02,5.4
6962181067,2016-04-16,19,2.66,6.0
6962181067,2016-04-16,20,1.66,4.4
6962181067,2016-04-16,21,1.01,1.1
6962181067,2016-04-16,22,1.11,3.4
6962181067,2016-04-16,23,1.11,2.8
6962181067,2016-04-17,0,1.03,2.2
6962181067,2016-04-17,1,1.0,1.1
6962181067,2016-04-17,2,1.08,2.6
6962181067,2016-04-17,3,1.0,1.1
6962181067,2016-04-17,4,1.0,1.1
6962181067,2016-04-17,5,1.0,1.0
6962181067,2016-04-17,6,1.01,1.1
6962181067,2016-04-17,7,1.37,3.6
6962181067,2016-04-17,8,2.34,5.8
6962181067,2016-04-17,9,1.53,7.7
6962181067,2016-04-17,10,2.13,6.0
6962181067,2016-04-17,11,1.6,4.2
6962181067,2016-04-17,12,2.31,5.4
6962181067,2016-04-17,13,1.55,4.0
6962181067,2016-04-17,14,1.23,3.8
6962181067,2016-04-17,15,3.16,6.6
6962181067,2016-04-17,16,2.59,5.2
6962181067,2016-04-17,17,2.07,3.6
6962181067,2016-04-17,18,2.26,6.0
6962181067,2016-04-17,19,2.21,6.8
6962181067,2016-04-17,20,1.0,1.0
6962181067,2016-04-17,21,1.11,4.3
6962181067,2016-04-17,22,1.12,2.6
6962181067,2016-04-17,23,1.01,1.1
6962181067,2016-04-18,0,1.0,1.0
6962181067,2016-04-18,1,1.0,1.1
6962181067,2016-04-18,2,1.0,1.1
6962181067,2016-04-18,3,1.04,3.0
6962181067,2016-04-18,4,1.0,1.1
6962181067,2016-04-18,5,1.0,1.1
6962181067,2016-04-18,6,1.05,2.4
6962181067,2016-04-18,7,2.11,4.0
6962181067,2016-04-18,8,1.63,4.8
6962181067,2016-04-18,9,1.32,3.8
6962181067,2016-04-18,10,1.45,5.0
6962181067,2016-04-18,11,5.34,6.4
6962181067,2016-04-18,12,2.54,5.8
6962181067,2016-04-18,13,1.16,3.4
6962181067,2016-04-18,14,1.04,1.1
6962181067,2016-04-18,15,2.0,5.4
6962181067,2016-04-18,16,2.6,6.0
6962181067,2016-04-18,17,1.98,5.4
6962181067,2016-04-18,18,1.65,3.4
6962181067,2016-04-18,19,1.77,5.4
6962181067,2016-04-18,20,1.0,1.0
6962181067,2016-04-18,21,1.0,1.0
6962181067,2016-04-18,22,1.26,6.3
6962181067,2016-04-18,23,1.03,2.2
6962181067,2016-04-19,0,1.02,2.2
6962181067,2016-04-19,1,1.0,1.1
6962181067,2016-04-19,2,1.06,2.6
6962181067,2016-04-19,3,1.0,1.1
6962181067,2016-04-19,4,1.03,1.1
6962181067,2016-04-19,5,1.0,1.0
6962181067,2016-04-19,6,1.01,1.1
6962181067,2016-04-19,7,1.0,1.1
6962181067,2016-04-19,8,2.1,5.0
6962181067,2016-04-19,9,2.91,6.8
6962181067,2016-04-19,10,4.74,7.0
6962181067,2016-04-19,11,1.28,3.0
6962181067,2016-04-19,12,1.1,3.4
6962181067,2016-04-19,13,1.45,3.8
6962181067,2016-04-19,14,1.16,2.6
6962181067,2016-04-19,15,2.44,5.2
6962181067,2016-04-19,16,2.8,6.4
6962181067,2016-04-19,17,2.74,6.4
6962181067,2016-04-19,18,1.42,4.3
6962181067,2016-04-19,19,1.36,3.2
6962181067,2016-04-19,20,1.23,3.0
6962181067,2016-04-19,21,1.08,2.6
6962181067,2016-04-19,22,1.04,2.4
6962181067,2016-04-19,23,1.08,2.8
6962181067,2016-04-20,0,1.0,1.1
6962181067,2016-04-20,1,1.0,1.1
6962181067,2016-04-20,2,1.0,1.0
6962181067,2016-04-20,3,1.0,1.0
6962181067,2016-04-20,4,1.0,1.1
6962181067,2016-04-20,5,1.0,1.1
6962181067,2016-04-20,6,1.0,1.1
6962181067,2016-04-20,7,2.08,4.0
6962181067,2016-04-20,8,2.0,4.4
6962181067,2016-04-20,9,4.56,7.5
6962181067,2016-04-20,10,3.58,7.7
6962181067,2016-04-20,11,2.06,4.4
6962181067,2016-04-20,12,3.18,5.0
6962181067,2016-04-20,13,1.04,1.1
6962181067,2016-04-20,14,1.4,3.0
6962181067,2016-04-20,15,2.46,4.8
6962181067,2016-04-20,16,1.04,2.2
6962181067,2016-04-20,17,1.42,4.6
6962181067,2016-04-20,18,1.78,4.0
6962181067,2016-04-20,19,1.27,3.4
6962181067,2016-04-20,20,2.17,5.4
6962181067,2016-04-20,21,1.09,2.4
6962181067,2016-04-20,22,1.11,3.0
6962181067,2016-04-20,23,1.06,2.4
6962181067,2016-04-21,0,1.0,1.0
6962181067,2016-04-21,1,1.0,1.1
6962181067,2016-04-21,2,1.0,1.1
6962181067,2016-04-21,3,1.0,1.2
6962181067,2016-04-21,4,1.0,1.1
6962181067,2016-04-21,5,1.02,2.2
6962181067,2016-04-21,6,1.01,1.1
6962181067,2016-04-21,7,2.28,4.2
6962181067,2016-04-21,8,1.62,3.6
6962181067,2016-04-21,9,3.24,5.4
6962181067,2016-04-21,10,4.76,9.2
6962181067,2016-04-21,11,2.16,4.8
6962181067,2016-04-21,12,5.87,11.0
6962181067,2016-04-21,13,1.26,2.8
6962181067,2016-04-21,14,1.18,3.0
6962181067,2016-04-21,15,1.07,2.4
6962181067,2016-04-21,16,1.94,5.6
6962181067,2016-04-21,17,1.3,3.8
6962181067,2016-04-21,18,1.64,4.6
6962181067,2016-04-21,19,1.03,2.4
6962181067,2016-04-21,20,1.05,2.6
6962181067,2016-04-21,21,1.04,3.3
6962181067,2016-04-21,22,1.03,2.8
6962181067,2016-04-21,23,1.01,1.1
6962181067,2016-04-22,0,1.0,1.0
6962181067,2016-04-22,1,1.0,1.1
6962181067,2016-04-22,2,1.0,1.1
6962181067,2016-04-22,3,1.0,1.1
6962181067,2016-04-22,4,1.0,1.1
6962181067,2016-04-22,5,1.01,1.1
6962181067,2016-04-22,6,1.03,2.4
6962181067,2016-04-22,7,2.56,4.0
6962181067,2016-04-22,8,1.51,3.4
6962181067,2016-04-22,9,4.45,6.8
6962181067,2016-04-22,10,1.73,6.6
6962181067,2016-04-22,11,2.17,5.4
6962181067,2016-04-22,12,4.08,10.0
6962181067,2016-04-22,13,1.15,3.2
6962181067,2016-04-22,14,1.46,3.4
6962181067,2016-04-22,15,1.35,3.2
6962181067,2016-04-22,16,2.06,5.0
6962181067,2016-04-22,17,1.81,4.6
6962181067,2016-04-22,18,1.56,3.8
6962181067,2016-04-22,19,1.6,4.4
6962181067,2016-04-22,20,1.06,2.8
6962181067,2016-04-22,21,1.14,5.4
6962181067,2016-04-22,22,1.07,3.0
6962181067,2016-04-22,23,1.0,1.1
6962181067,2016-04-23,0,1.0,1.1
6962181067,2016-04-23,1,1.0,1.0
6962181067,2016-04-23,2,1.0,1.0
6962181067,2016-04-23,3,1.0,1.1
6962181067,2016-04-23,4,1.0,1.1
6962181067,2016-04-23,5,1.0,1.1
6962181067,2016-04-23,6,1.0,1.0
6962181067,2016-04-23,7,1.03,2.4
6962181067,2016-04-23,8,2.22,4.2
6962181067,2016-04-23,9,6.49,8.4
6962181067,2016-04-23,10,1.81,5.6
6962181067,2016-04-23,11,1.39,4.0
6962181067,2016-04-23,12,1.75,4.2
6962181067,2016-04-23,13,1.51,3.6
6962181067,2016-04-23,14,2.65,5.8
6962181067,2016-04-23,15,2.35,5.4
6962181067,2016-04-23,16,3.3,6.0
6962181067,2016-04-23,17,4.33,6.4
6962181067,2016-04-23,18,1.85,5.8
6962181067,2016-04-23,19,3.01,5.8
6962181067,2016-04-23,20,2.1,6.0
6962181067,2016-04-23,21,1.95,3.8
6962181067,2016-04-23,22,1.2,3.4
6962181067,2016-04-23,23,1.81,5.6
6962181067,2016-04-24,0,1.0,1.1
6962181067,2016-04-24,1,1.0,1.1
6962181067,2016-04-24,2,1.0,1.1
6962181067,2016-04-24,3,1.0,1.1
6962181067,2016-04-24,4,1.01,1.1
6962181067,2016-04-24,5,1.0,1.0
6962181067,2016-04-24,6,1.0,1.1
6962181067,2016-04-24,7,1.03,2.4
6962181067,2016-04-24,8,1.06,2.6
6962181067,2016-04-24,9,1.89,3.8
6962181067,2016-04-24,10,1.9,6.0
6962181067,2016-04-24,11,1.6,5.8
6962181067,2016-04-24,12,1.78,5.0
6962181067,2016-04-24,13,1.23,3.6
6962181067,2016-04-24,14,1.13,3.0
6962181067,2016-04-24,15,1.03,2.2
6962181067,2016-04-24,16,2.0,5.6
6962181067,2016-04-24,17,1.9,4.8
6962181067,2016-04-24,18,1.76,3.8
6962181067,2016-04-24,19,1.51,3.4
6962181067,2016-04-24,20,1.47,4.0
6962181067,2016-04-24,21,1.24,3.8
6962181067,2016-04-24,22,1.15,4.0
6962181067,2016-04-24,23,1.0,1.1
6962181067,2016-04-25,0,1.0,1.1
6962181067,2016-04-25,1,1.0,1.1
6962181067,2016-04-25,2,1.0,1.1
6962181067,2016-04-25,3,1.0,1.1
6962181067,2016-04-25,4,1.04,2.8
6962181067,2016-04-25,5,1.0,1.1
6962181067,2016-04-25,6,1.01,1.1
6962181067,2016-04-25,7,2.77,4.8
6962181067,2016-04-25,8,2.73,5.8
6962181067,2016-04-25,9,2.4,6.2
6962181067,2016-04-25,10,4.42,7.7
6962181067,2016-04-25,11,1.66,4.0
6962181067,2016-04-25,12,2.57,7.8
6962181067,2016-04-25,13,1.06,1.3
6962181067,2016-04-25,14,1.42,3.2
6962181067,2016-04-25,15,1.58,5.6
6962181067,2016-04-25,16,2.33,4.8
6962181067,2016-04-25,17,3.52,6.2
6962181067,2016-04-25,18,1.54,3.8
6962181067,2016-04-25,19,1.3,3.6
6962181067,2016-04-25,20,1.06,2.8
6962181067,2016-04-25,21,1.05,2.4
6962181067,2016-04-25,22,1.22,3.0
6962181067,2016-04-25,23,1.0,1.1
6962181067,2016-04-26,0,1.0,1.1
6962181067,2016-04-26,1,1.03,2.4
6962181067,2016-04-26,2,1.0,1.1
6962181067,2016-04-26,3,1.0,1.1
6962181067,2016-04-26,4,1.0,1.1
6962181067,2016-04-26,5,1.0,1.1
6962181067,2016-04-26,6,1.27,4.0
6962181067,2016-04-26,7,1.96,4.0
6962181067,2016-04-26,8,1.73,3.6
6962181067,2016-04-26,9,1.89,5.0
6962181067,2016-04-26,10,2.09,4.2
6962181067,2016-04-26,11,2.31,5.2
6962181067,2016-04-26,12,5.45,8.0
6962181067,2016-04-26,13,1.17,4.0
6962181067,2016-04-26,14,1.14,3.2
6962181067,2016-04-26,15,1.51,3.8
6962181067,2016-04-26,16,1.5,3.6
6962181067,2016-04-26,17,1.33,3.2
6962181067,2016-04-26,18,1.98,5.0
6962181067,2016-04-26,19,1.59,4.0
6962181067,2016-04-26,20,1.42,3.6
6962181067,2016-04-26,21,1.0,1.0
6962181067,2016-04-26,22,1.0,1.1
6962181067,2016-04-26,23,1.0,1.1
6962181067,2016-04-27,0,1.0,1.1
6962181067,2016-04-27,1,1.0,1.1
6962181067,2016-04-27,2,1.0,1.1
6962181067,2016-04-27,3,1.02,2.4
6962181067,2016-04-27,4,1.0,1.1
6962181067,2016-04-27,5,1.0,1.1
6962181067,2016-04-27,6,1.13,3.2
6962181067,2016-04-27,7,2.13,3.6
6962181067,2016-04-27,8,1.86,5.6
6962181067,2016-04-27,9,1.51,3.6
6962181067,2016-04-27,10,1.73,5.2
6962181067,2016-04-27,11,3.9,5.8
6962181067,2016-04-27,12,1.61,5.0
6962181067,2016-04-27,13,1.09,2.6
6962181067,2016-04-27,14,1.16,3.0
6962181067,2016-04-27,15,1.03,1.1
6962181067,2016-04-27,16,2.24,4.6
6962181067,2016-04-27,17,2.02,4.4
6962181067,2016-04-27,18,2.52,6.0
6962181067,2016-04-27,19,2.36,5.6
6962181067,2016-04-27,20,2.08,7.4
6962181067,2016-04-27,21,1.2,8.1
6962181067,2016-04-27,22,1.03,2.2
6962181067,2016-04-27,23,1.23,3.4
6962181067,2016-04-28,0,1.0,1.1
6962181067,2016-04-28,1,1.02,2.2
6962181067,2016-04-28,2,1.06,3.0
6962181067,2016-04-28,3,1.0,1.1
6962181067,2016-04-28,4,1.0,1.1
6962181067,2016-04-28,5,1.0,1.1
6962181067,2016-04-28,6,1.0,1.1
6962181067,2016-04-28,7,1.01,1.1
6962181067,2016-04-28,8,2.05,4.2
6962181067,2016-04-28,9,2.3,5.4
6962181067,2016-04-28,10,1.97,5.4
6962181067,2016-04-28,11,2.6,6.2
6962181067,2016-04-28,12,5.1,10.4
6962181067,2016-04-28,13,3.13,11.2
6962181067,2016-04-28,14,1.37,3.4
6962181067,2016-04-28,15,2.07,5.0
6962181067,2016-04-28,16,1.5,5.2
6962181067,2016-04-28,17,2.73,5.4
6962181067,2016-04-28,18,1.67,4.6
6962181067,2016-04-28,19,1.78,4.6
6962181067,2016-04-28,20,1.26,3.2
6962181067,2016-04-28,21,1.0,1.0
6962181067,2016-04-28,22,1.0,1.0
6962181067,2016-04-28,23,1.01,1.1
6962181067,2016-04-29,0,1.01,1.1
6962181067,2016-04-29,1,1.0,1.1
6962181067,2016-04-29,2,1.0,1.1
6962181067,2016-04-29,3,1.0,1.0
6962181067,2016-04-29,4,1.0,1.1
6962181067,2016-04-29,5,1.01,1.1
6962181067,2016-04-29,6,1.16,3.4
6962181067,2016-04-29,7,2.05,4.0
6962181067,2016-04-29,8,2.09,4.4
6962181067,2016-04-29,9,3.13,6.4
6962181067,2016-04-29,10,4.32,6.0
6962181067,2016-04-29,11,1.99,5.4
6962181067,2016-04-29,12,3.25,7.8
6962181067,2016-04-29,13,1.27,3.6
6962181067,2016-04-29,14,1.28,3.0
6962181067,2016-04-29,15,1.89,4.2
6962181067,2016-04-29,16,2.03,4.6
6962181067,2016-04-29,17,2.1,4.8
6962181067,2016-04-29,18,2.47,5.8
6962181067,2016-04-29,19,1.89,4.2
6962181067,2016-04-29,20,1.75,4.4
6962181067,2016-04-29,21,1.15,3.6
6962181067,2016-04-29,22,1.0,1.1
6962181067,2016-04-29,23,1.06,2.8
6962181067,2016-04-30,0,1.03,1.1
6962181067,2016-04-30,1,1.03,2.4
6962181067,2016-04-30,2,1.0,1.1
6962181067,2016-04-30,3,1.0,1.1
6962181067,2016-04-30,4,1.0,1.1
6962181067,2016-04-30,5,1.0,1.1
6962181067,2016-04-30,6,1.0,1.1
6962181067,2016-04-30,7,1.01,1.1
6962181067,2016-04-30,8,1.05,2.6
6962181067,2016-04-30,9,1.83,4.2
6962181067,2016-04-30,10,4.14,8.0
6962181067,2016-04-30,11,2.34,4.2
6962181067,2016-04-30,12,2.07,5.8
6962181067,2016-04-30,13,2.31,5.6
6962181067,2016-04-30,14,1.99,4.8
6962181067,2016-04-30,15,1.58,4.4
6962181067,2016-04-30,16,1.05,1.1
6962181067,2016-04-30,17,1.78,3.6
6962181067,2016-04-30,18,2.13,6.0
6962181067,2016-04-30,19,1.58,4.0
6962181067,2016-04-30,20,2.4,6.8
6962181067,2016-04-30,21,1.0,1.0
6962181067,2016-04-30,22,1.0,1.0
6962181067,2016-04-30,23,1.0,1.0
6962181067,2016-05-01,0,1.04,3.5
6962181067,2016-05-01,1,1.0,1.0
6962181067,2016-05-01,2,1.0,1.1
6962181067,2016-05-01,3,1.04,2.8
6962181067,2016-05-01,4,1.0,1.0
6962181067,2016-05-01,5,1.01,1.1
6962181067,2016-05-01,6,1.0,1.1
6962181067,2016-05-01,7,1.02,1.1
6962181067,2016-05-01,8,2.01,4.0
6962181067,2016-05-01,9,1.49,5.2
6962181067,2016-05-01,10,2.66,6.4
6962181067,2016-05-01,11,1.42,4.0
6962181067,2016-05-01,12,1.52,3.0
6962181067,2016-05-01,13,1.44,2.8
6962181067,2016-05-01,14,1.42,3.4
6962181067,2016-05-01,15,1.29,3.2
6962181067,2016-05-01,16,1.09,2.4
6962181067,2016-05-01,17,1.77,3.6
6962181067,2016-05-01,18,1.96,3.6
6962181067,2016-05-01,19,1.91,5.8
6962181067,2016-05-01,20,1.07,3.0
6962181067,2016-05-01,21,1.07,3.2
6962181067,2016-05-01,22,1.03,2.4
6962181067,2016-05-01,23,1.0,1.1
6962181067,2016-05-02,0,1.0,1.1
6962181067,2016-05-02,1,1.02,2.2
6962181067,2016-05-02,2,1.0,1.1
6962181067,2016-05-02,3,1.0,1.1
6962181067,2016-05-02,4,1.06,2.8
6962181067,2016-05-02,5,1.0,1.1
6962181067,2016-05-02,6,1.13,3.2
6962181067,2016-05-02,7,2.4,4.2
6962181067,2016-05-02,8,1.86,4.0
6962181067,2016-05-02,9,2.53,5.8
6962181067,2016-05-02,10,1.73,5.4
6962181067,2016-05-02,11,1.84,4.0
6962181067,2016-05-02,12,3.07,7.6
6962181067,2016-05-02,13,1.12,2.6
6962181067,2016-05-02,14,1.31,3.6
6962181067,2016-05-02,15,1.73,3.4
6962181067,2016-05-02,16,2.06,5.4
6962181067,2016-05-02,17,2.37,3.8
6962181067,2016-05-02,18,2.65,5.4
6962181067,2016-05-02,19,3.48,6.8
6962181067,2016-05-02,20,1.12,4.4
6962181067,2016-05-02,21,1.12,2.8
6962181067,2016-05-02,22,1.36,3.2
6962181067,2016-05-02,23,1.21,3.2
6962181067,2016-05-03,0,1.0,1.0
6962181067,2016-05-03,1,1.06,2.6
6962181067,2016-05-03,2,1.0,1.1
6962181067,2016-05-03,3,1.01,1.1
6962181067,2016-05-03,4,1.1,3.4
6962181067,2016-05-03,5,1.0,1.0
6962181067,2016-05-03,6,1.02,2.2
6962181067,2016-05-03,7,2.46,4.8
6962181067,2016-05-03,8,2.46,5.6
6962181067,2016-05-03,9,1.21,4.2
6962181067,2016-05-03,10,2.04,9.6
6962181067,2016-05-03,11,2.8,9.4
6962181067,2016-05-03,12,3.87,5.6
6962181067,2016-05-03,13,2.53,6.4
6962181067,2016-05-03,14,1.32,3.6
6962181067,2016-05-03,15,2.08,3.8
6962181067,2016-05-03,16,1.6,4.2
6962181067,2016-05-03,17,1.27,2.8
6962181067,2016-05-03,18,1.59,3.4
6962181067,2016-05-03,19,1.34,2.8
6962181067,2016-05-03,20,1.55,4.4
6962181067,2016-05-03,21,1.24,2.6
6962181067,2016-05-03,22,1.07,2.9
6962181067,2016-05-03,23,1.0,1.1
6962181067,2016-05-04,0,1.0,1.1
6962181067,2016-05-04,1,1.03,3.0
6962181067,2016-05-04,2,1.03,2.6
6962181067,2016-05-04,3,1.01,1.1
6962181067,2016-05-04,4,1.03,2.4
6962181067,2016-05-04,5,1.0,1.1
6962181067,2016-05-04,6,1.12,3.0
6962181067,2016-05-04,7,2.06,3.6
6962181067,2016-05-04,8,1.99,4.0
6962181067,2016-05-04,9,2.81,8.4
6962181067,2016-05-04,10,3.6,10.0
6962181067,2016-05-04,11,2.71,5.8
6962181067,2016-05-04,12,1.6,4.4
6962181067,2016-05-04,13,1.03,1.1
6962181067,2016-05-04,14,1.21,2.8
6962181067,2016-05-04,15,1.58,3.2
6962181067,2016-05-04,16,1.46,3.6
6962181067,2016-05-04,17,2.1,4.8
6962181067,2016-05-04,18,1.96,5.4
6962181067,2016-05-04,19,2.51,4.6
6962181067,2016-05-04,20,1.72,5.4
6962181067,2016-05-04,21,1.09,3.7
6962181067,2016-05-04,22,1.14,3.0
6962181067,2016-05-04,23,1.08,3.4
6962181067,2016-05-05,0,1.0,1.0
6962181067,2016-05-05,1,1.03,2.4
6962181067,2016-05-05,2,1.0,1.0
6962181067,2016-05-05,3,1.0,1.1
6962181067,2016-05-05,4,1.01,1.1
6962181067,2016-05-05,5,1.0,1.1
6962181067,2016-05-05,6,1.06,2.8
6962181067,2016-05-05,7,1.03,2.4
6962181067,2016-05-05,8,2.26,5.2
6962181067,2016-05-05,9,2.29,5.4
6962181067,2016-05-05,10,2.03,4.8
6962181067,2016-05-05,11,1.96,4.6
6962181067,2016-05-05,12,2.3,4.2
6962181067,2016-05-05,13,1.09,2.4
6962181067,2016-05-05,14,1.34,3.0
6962181067,2016-05-05,15,1.74,3.8
6962181067,2016-05-05,16,2.1,5.6
6962181067,2016-05-05,17,2.04,5.4
6962181067,2016-05-05,18,2.11,6.0
6962181067,2016-05-05,19,4.51,6.6
6962181067,2016-05-05,20,1.54,3.8
6962181067,2016-05-05,21,1.0,1.0
6962181067,2016-05-05,22,1.0,1.0
6962181067,2016-05-05,23,1.01,1.1
6962181067,2016-05-06,0,1.02,2.4
6962181067,2016-05-06,1,1.0,1.1
6962181067,2016-05-06,2,1.0,1.1
6962181067,2016-05-06,3,1.0,1.1
6962181067,2016-05-06,4,1.01,1.1
6962181067,2016-05-06,5,1.0,1.1
6962181067,2016-05-06,6,1.0,1.1
6962181067,2016-05-06,7,1.87,4.0
6962181067,2016-05-06,8,2.24,4.6
6962181067,2016-05-06,9,1.73,3.8
6962181067,2016-05-06,10,1.24,2.6
6962181067,2016-05-06,11,1.33,3.2
6962181067,2016-05-06,12,1.52,3.8
6962181067,2016-05-06,13,1.38,3.4
6962181067,2016-05-06,14,1.31,2.8
6962181067,2016-05-06,15,1.07,2.4
6962181067,2016-05-06,16,1.62,3.8
6962181067,2016-05-06,17,1.68,3.6
6962181067,2016-05-06,18,1.96,5.2
6962181067,2016-05-06,19,1.12,3.6
6962181067,2016-05-06,20,1.96,4.4
6962181067,2016-05-06,21,1.77,4.6
6962181067,2016-05-06,22,2.1,4.0
6962181067,2016-05-06,23,1.42,3.2
6962181067,2016-05-07,0,1.09,2.4
6962181067,2016-05-07,1,1.41,3.4
6962181067,2016-05-07,2,1.58,4.0
6962181067,2016-05-07,3,1.16,3.4
6962181067,2016-05-07,4,1.09,3.0
6962181067,2016-05-07,5,1.0,1.0
6962181067,2016-05-07,6,1.12,3.6
6962181067,2016-05-07,7,1.0,1.1
6962181067,2016-05-07,8,1.12,3.0
6962181067,2016-05-07,9,2.26,4.0
6962181067,2016-05-07,10,1.37,3.4
6962181067,2016-05-07,11,2.2,4.4
6962181067,2016-05-07,12,1.39,3.4
6962181067,2016-05-07,13,1.79,3.6
6962181067,2016-05-07,14,1.49,3.8
6962181067,2016-05-07,15,1.0,1.1
6962181067,2016-05-07,16,1.75,4.2
6962181067,2016-05-07,17,1.5,3.8
6962181067,2016-05-07,18,2.13,5.4
6962181067,2016-05-07,19,2.59,5.6
6962181067,2016-05-07,20,1.93,4.4
6962181067,2016-05-07,21,1.36,5.2
6962181067,2016-05-07,22,1.58,4.0
6962181067,2016-05-07,23,1.34,4.0
6962181067,2016-05-08,0,1.02,1.2
6962181067,2016-05-08,1,1.01,1.1
6962181067,2016-05-08,2,1.01,1.2
6962181067,2016-05-08,3,1.01,1.1
6962181067,2016-05-08,4,1.14,3.2
6962181067,2016-05-08,5,1.02,2.2
6962181067,2016-05-08,6,1.0,1.1
6962181067,2016-05-08,7,1.0,1.1
6962181067,2016-05-08,8,1.03,2.4
6962181067,2016-05-08,9,1.16,2.8
6962181067,2016-05-08,10,2.1,4.4
6962181067,2016-05-08,11,1.95,4.2
6962181067,2016-05-08,12,1.71,3.8
6962181067,2016-05-08,13,1.21,3.4
6962181067,2016-05-08,14,1.37,3.4
6962181067,2016-05-08,15,1.39,4.0
6962181067,2016-05-08,16,2.93,5.4
6962181067,2016-05-08,17,1.67,4.0
6962181067,2016-05-08,18,1.09,2.6
6962181067,2016-05-08,19,1.0,1.0
6962181067,2016-05-08,20,1.0,1.0
6962181067,2016-05-08,21,1.01,1.3
6962181067,2016-05-08,22,1.01,1.2
6962181067,2016-05-08,23,1.06,2.8
6962181067,2016-05-09,0,1.0,1.1
6962181067,2016-05-09,1,1.01,1.1
6962181067,2016-05-09,2,1.0,1.1
6962181067,2016-05-09,3,1.01,1.1
6962181067,2016-05-09,4,1.0,1.1
6962181067,2016-05-09,5,1.0,1.1
6962181067,2016-05-09,6,1.01,1.1
6962181067,2016-05-09,7,1.04,2.6
6962181067,2016-05-09,8,2.22,5.6
6962181067,2016-05-09,9,2.65,5.8
6962181067,2016-05-09,10,4.92,7.5
6962181067,2016-05-09,11,2.08,4.2
6962181067,2016-05-09,12,1.65,4.0
6962181067,2016-05-09,13,1.17,3.4
6962181067,2016-05-09,14,1.34,3.2
6962181067,2016-05-09,15,1.09,2.4
6962181067,2016-05-09,16,1.29,2.8
6962181067,2016-05-09,17,2.71,5.4
6962181067,2016-05-09,18,1.25,3.0
6962181067,2016-05-09,19,3.9,6.6
6962181067,2016-05-09,20,1.2,8.3
6962181067,2016-05-09,21,1.14,2.6
6962181067,2016-05-09,22,1.15,3.0
6962181067,2016-05-09,23,1.0,1.1
6962181067,2016-05-10,0,1.06,2.8
6962181067,2016-05-10,1,1.03,2.4
6962181067,2016-05-10,2,1.02,2.2
6962181067,2016-05-10,3,1.0,1.1
6962181067,2016-05-10,4,1.0,1.1
6962181067,2016-05-10,5,1.0,1.1
6962181067,2016-05-10,6,1.06,2.8
6962181067,2016-05-10,7,3.67,11.0
6962181067,2016-05-10,8,1.84,5.4
6962181067,2016-05-10,9,3.92,6.4
6962181067,2016-05-10,10,5.74,8.2
6962181067,2016-05-10,11,2.28,8.4
6962181067,2016-05-10,12,1.28,3.0
6962181067,2016-05-10,13,1.12,2.4
6962181067,2016-05-10,14,1.22,3.2
6962181067,2016-05-10,15,1.45,3.4
6962181067,2016-05-10,16,2.95,5.0
6962181067,2016-05-10,17,2.69,6.6
6962181067,2016-05-10,18,2.2,5.0
6962181067,2016-05-10,19,1.92,4.4
6962181067,2016-05-10,20,1.0,1.0
6962181067,2016-05-10,21,1.06,2.4
6962181067,2016-05-10,22,1.1,2.8
6962181067,2016-05-10,23,1.03,2.4
6962181067,2016-05-11,0,1.0,1.1
6962181067,2016-05-11,1,1.01,1.1
6962181067,2016-05-11,2,1.0,1.0
6962181067,2016-05-11,3,1.0,1.1
6962181067,2016-05-11,4,1.0,1.1
6962181067,2016-05-11,5,1.06,3.0
6962181067,2016-05-11,6,1.0,1.1
6962181067,2016-05-11,7,1.12,2.8
6962181067,2016-05-11,8,2.32,4.6
6962181067,2016-05-11,9,4.26,8.4
6962181067,2016-05-11,10,1.85,4.8
6962181067,2016-05-11,11,1.57,5.2
6962181067,2016-05-11,12,1.77,3.6
6962181067,2016-05-11,13,1.03,1.1
6962181067,2016-05-11,14,1.09,3.0
6962181067,2016-05-11,15,1.62,3.8
6962181067,2016-05-11,16,1.73,4.4
6962181067,2016-05-11,17,1.35,3.8
6962181067,2016-05-11,18,1.16,3.2
6962181067,2016-05-11,19,1.36,4.4
6962181067,2016-05-11,20,1.41,3.0
6962181067,2016-05-11,21,1.36,3.0
6962181067,2016-05-11,22,1.24,2.8
6962181067,2016-05-11,23,1.03,2.4
6962181067,2016-05-12,0,1.0,1.1
6962181067,2016-05-12,1,1.06,3.0
6962181067,2016-05-12,2,1.0,1.1
6962181067,2016-05-12,3,1.01,1.1
6962181067,2016-05-12,4,1.01,1.1
6962181067,2016-05-12,5,1.0,1.1
6962181067,2016-05-12,6,1.0,1.1
6962181067,2016-05-12,7,1.0,1.1
6962181067,2016-05-12,8,2.08,5.0
6962181067,2016-05-12,9,2.14,4.6
6962181067,2016-05-12,10,2.76,6.0
6962181067,2016-05-12,11,2.08,5.0
7007744171,2016-04-12,0,1.0,1.0
7007744171,2016-04-12,1,1.0,1.0
7007744171,2016-04-12,2,1.0,1.0
7007744171,2016-04-12,3,1.0,1.0
7007744171,2016-04-12,4,1.0,1.0
7007744171,2016-04-12,5,1.0,1.0
7007744171,2016-04-12,6,2.38,5.4
7007744171,2016-04-12,7,4.5,7.0
7007744171,2016-04-12,8,4.62,7.4
7007744171,2016-04-12,9,2.45,4.2
7007744171,2016-04-12,10,2.69,5.2
7007744171,2016-04-12,11,2.69,4.6
7007744171,2016-04-12,12,1.78,4.8
7007744171,2016-04-12,13,1.82,4.2
7007744171,2016-04-12,14,1.43,3.2
7007744171,2016-04-12,15,2.02,4.0
7007744171,2016-04-12,16,3.35,8.2
7007744171,2016-04-12,17,2.26,5.4
7007744171,2016-04-12,18,1.68,3.8
7007744171,2016-04-12,19,1.63,3.4
7007744171,2016-04-12,20,1.0,1.1
7007744171,2016-04-12,21,1.0,1.0
7007744171,2016-04-12,22,1.0,1.0
7007744171,2016-04-12,23,1.0,1.0
7007744171,2016-04-13,0,1.0,1.0
7007744171,2016-04-13,1,1.0,1.0
7007744171,2016-04-13,2,1.0,1.0
7007744171,2016-04-13,3,1.0,1.0
7007744171,2016-04-13,4,1.0,1.0
7007744171,2016-04-13,5,1.03,2.6
7007744171,2016-04-13,6,2.63,5.6
7007744171,2016-04-13,7,1.9,4.8
7007744171,2016-04-13,8,6.57,8.4
7007744171,2016-04-13,9,3.58,7.2
7007744171,2016-04-13,10,1.55,4.0
7007744171,2016-04-13,11,2.26,4.4
7007744171,2016-04-13,12,1.67,4.0
7007744171,2016-04-13,13,1.6,4.4
7007744171,2016-04-13,14,1.45,3.2
7007744171,2016-04-13,15,1.69,3.4
7007744171,2016-04-13,16,2.76,5.6
7007744171,2016-04-13,17,1.7,5.2
7007744171,2016-04-13,18,1.48,4.2
7007744171,2016-04-13,19,1.3,3.8
7007744171,2016-04-13,20,1.12,3.0
7007744171,2016-04-13,21,1.0,1.0
7007744171,2016-04-13,22,1.0,1.0
7007744171,2016-04-13,23,1.0,1.0
7007744171,2016-04-14,0,1.0,1.0
7007744171,2016-04-14,1,1.0,1.0
7007744171,2016-04-14,2,1.0,1.0
7007744171,2016-04-14,3,1.0,1.0
7007744171,2016-04-14,4,1.0,1.0
7007744171,2016-04-14,5,1.0,1.0
7007744171,2016-04-14,6,2.74,5.6
7007744171,2016-04-14,7,1.69,5.2
7007744171,2016-04-14,8,4.89,6.8
7007744171,2016-04-14,9,2.22,4.8
7007744171,2016-04-14,10,1.28,3.0
7007744171,2016-04-14,11,2.25,5.2
7007744171,2016-04-14,12,1.91,4.2
7007744171,2016-04-14,13,1.2,2.6
7007744171,2016-04-14,14,1.21,5.9
7007744171,2016-04-14,15,1.97,5.8
7007744171,2016-04-14,16,1.68,3.8
7007744171,2016-04-14,17,1.39,3.8
7007744171,2016-04-14,18,2.54,4.2
7007744171,2016-04-14,19,3.38,5.0
7007744171,2016-04-14,20,1.71,5.0
7007744171,2016-04-14,21,1.08,3.2
7007744171,2016-04-14,22,1.0,1.0
7007744171,2016-04-14,23,1.0,1.0
7007744171,2016-04-15,0,1.0,1.0
7007744171,2016-04-15,1,1.0,1.0
7007744171,2016-04-15,2,1.0,1.0
7007744171,2016-04-15,3,1.0,1.0
7007744171,2016-04-15,4,1.0,1.0
7007744171,2016-04-15,5,1.0,1.0
7007744171,2016-04-15,6,2.2,5.4
7007744171,2016-04-15,7,2.19,6.2
7007744171,2016-04-15,8,2.28,4.2
7007744171,2016-04-15,9,1.55,3.6
7007744171,2016-04-15,10,1.88,5.4
7007744171,2016-04-15,11,2.01,6.8
7007744171,2016-04-15,12,1.75,4.6
7007744171,2016-04-15,13,1.26,3.2
7007744171,2016-04-15,14,1.1,2.8
7007744171,2016-04-15,15,1.31,3.2
7007744171,2016-04-15,16,1.28,4.4
7007744171,2016-04-15,17,1.5,3.4
7007744171,2016-04-15,18,1.04,3.0
7007744171,2016-04-15,19,1.0,1.0
7007744171,2016-04-15,20,1.0,1.0
7007744171,2016-04-15,21,1.0,1.0
7007744171,2016-04-15,22,1.0,1.0
7007744171,2016-04-15,23,1.0,1.0
7007744171,2016-04-16,0,1.0,1.0
7007744171,2016-04-16,1,1.0,1.0
7007744171,2016-04-16,2,1.0,1.0
7007744171,2016-04-16,3,1.0,1.0
7007744171,2016-04-16,4,1.0,1.0
7007744171,2016-04-16,5,1.0,1.0
7007744171,2016-04-16,6,1.08,3.4
7007744171,2016-04-16,7,2.08,5.0
7007744171,2016-04-16,8,1.3,3.6
7007744171,2016-04-16,9,1.51,4.0
7007744171,2016-04-16,10,1.32,3.6
7007744171,2016-04-16,11,1.48,4.0
7007744171,2016-04-16,12,1.17,2.8
7007744171,2016-04-16,13,1.34,3.2
7007744171,2016-04-16,14,1.01,1.1
7007744171,2016-04-16,15,1.3,3.2
7007744171,2016-04-16,16,1.95,4.6
7007744171,2016-04-16,17,2.3,6.6
7007744171,2016-04-16,18,1.99,4.0
7007744171,2016-04-16,19,1.67,3.8
7007744171,2016-04-16,20,1.39,3.4
7007744171,2016-04-16,21,1.12,2.4
7007744171,2016-04-16,22,1.0,1.0
7007744171,2016-04-16,23,1.0,1.0
7007744171,2016-04-17,0,1.0,1.0
7007744171,2016-04-17,1,1.0,1.0
7007744171,2016-04-17,2,1.0,1.0
7007744171,2016-04-17,3,1.0,1.0
7007744171,2016-04-17,4,1.0,1.0
7007744171,2016-04-17,5,1.0,1.0
7007744171,2016-04-17,6,1.53,4.2
7007744171,2016-04-17,7,3.16,5.6
7007744171,2016-04-17,8,2.5,4.4
7007744171,2016-04-17,9,3.19,4.8
7007744171,2016-04-17,10,2.02,5.0
7007744171,2016-04-17,11,1.64,4.0
7007744171,2016-04-17,12,1.26,4.0
7007744171,2016-04-17,13,1.42,3.8
7007744171,2016-04-17,14,1.0,1.1
7007744171,2016-04-17,15,1.41,4.4
7007744171,2016-04-17,16,2.15,4.0
7007744171,2016-04-17,17,1.82,4.4
7007744171,2016-04-17,18,1.83,4.8
7007744171,2016-04-17,19,1.65,3.8
7007744171,2016-04-17,20,1.14,3.2
7007744171,2016-04-17,21,1.0,1.0
7007744171,2016-04-17,22,1.0,1.0
7007744171,2016-04-17,23,1.0,1.0
7007744171,2016-04-18,0,1.0,1.0
7007744171,2016-04-18,1,1.0,1.0
7007744171,2016-04-18,2,1.0,1.0
7007744171,2016-04-18,3,1.0,1.0
7007744171,2016-04-18,4,1.0,1.0
7007744171,2016-04-18,5,1.0,1.0
7007744171,2016-04-18,6,2.37,4.6
7007744171,2016-04-18,7,1.83,4.4
7007744171,2016-04-18,8,6.0,6.6
7007744171,2016-04-18,9,3.53,5.8
7007744171,2016-04-18,10,4.29,7.6
7007744171,2016-04-18,11,1.62,3.6
7007744171,2016-04-18,12,1.5,4.0
7007744171,2016-04-18,13,1.34,3.6
7007744171,2016-04-18,14,1.54,4.0
7007744171,2016-04-18,15,2.46,6.0
7007744171,2016-04-18,16,2.38,5.8
7007744171,2016-04-18,17,1.35,4.6
7007744171,2016-04-18,18,1.19,2.8
7007744171,2016-04-18,19,1.64,5.6
7007744171,2016-04-18,20,1.32,2.8
7007744171,2016-04-18,21,1.21,3.4
7007744171,2016-04-18,22,1.1,3.4
7007744171,2016-04-18,23,1.0,1.0
7007744171,2016-04-19,0,1.0,1.0
7007744171,2016-04-19,1,1.0,1.0
7007744171,2016-04-19,2,1.0,1.0
7007744171,2016-04-19,3,1.0,1.0
7007744171,2016-04-19,4,1.0,1.0
7007744171,2016-04-19,5,1.0,1.0
7007744171,2016-04-19,6,1.83,4.8
7007744171,2016-04-19,7,3.49,6.6
7007744171,2016-04-19,8,5.8,7.2
7007744171,2016-04-19,9,2.58,5.8
7007744171,2016-04-19,10,1.94,6.4
7007744171,2016-04-19,11,2.11,5.0
7007744171,2016-04-19,12,1.42,3.6
7007744171,2016-04-19,13,1.08,1.3
7007744171,2016-04-19,14,1.58,4.2
7007744171,2016-04-19,15,1.74,4.0
7007744171,2016-04-19,16,1.78,4.2
7007744171,2016-04-19,17,2.71,6.2
7007744171,2016-04-19,18,2.3,3.8
7007744171,2016-04-19,19,2.58,6.4
7007744171,2016-04-19,20,1.35,3.2
7007744171,2016-04-19,21,1.06,2.6
7007744171,2016-04-19,22,1.0,1.0
7007744171,2016-04-19,23,1.0,1.0
7007744171,2016-04-20,0,1.0,1.0
7007744171,2016-04-20,1,1.0,1.0
7007744171,2016-04-20,2,1.0,1.0
7007744171,2016-04-20,3,1.0,1.0
7007744171,2016-04-20,4,1.0,1.0
7007744171,2016-04-20,5,1.0,1.0
7007744171,2016-04-20,6,2.18,4.4
7007744171,2016-04-20,7,1.91,4.2
7007744171,2016-04-20,8,7.6,9.2
7007744171,2016-04-20,9,4.03,7.8
7007744171,2016-04-20,10,1.22,3.6
7007744171,2016-04-20,11,2.15,4.2
7007744171,2016-04-20,12,1.88,4.8
7007744171,2016-04-20,13,2.07,5.6
7007744171,2016-04-20,14,2.1,4.0
7007744171,2016-04-20,15,1.16,3.8
7007744171,2016-04-20,16,2.0,4.6
7007744171,2016-04-20,17,2.11,4.4
7007744171,2016-04-20,18,2.92,4.8
7007744171,2016-04-20,19,3.02,5.4
7007744171,2016-04-20,20,2.37,5.0
7007744171,2016-04-20,21,1.0,1.1
7007744171,2016-04-20,22,1.0,1.0
7007744171,2016-04-20,23,1.0,1.0
7007744171,2016-04-21,0,1.0,1.0
7007744171,2016-04-21,1,1.0,1.0
7007744171,2016-04-21,2,1.0,1.0
7007744171,2016-04-21,3,1.0,1.0
7007744171,2016-04-21,4,1.0,1.0
7007744171,2016-04-21,5,1.0,1.0
7007744171,2016-04-21,6,2.55,5.0
7007744171,2016-04-21,7,2.1,5.6
7007744171,2016-04-21,8,5.56,6.6
7007744171,2016-04-21,9,3.6,6.6
7007744171,2016-04-21,10,2.19,5.4
7007744171,2016-04-21,11,1.49,3.2
7007744171,2016-04-21,12,1.77,4.4
7007744171,2016-04-21,13,2.79,4.4
7007744171,2016-04-21,14,1.85,5.0
7007744171,2016-04-21,15,1.72,5.2
7007744171,2016-04-21,16,2.11,5.6
7007744171,2016-04-21,17,1.66,4.4
7007744171,2016-04-21,18,1.47,3.4
7007744171,2016-04-21,19,1.46,4.0
7007744171,2016-04-21,20,1.14,2.6
7007744171,2016-04-21,21,1.14,2.8
7007744171,2016-04-21,22,1.0,1.0
7007744171,2016-04-21,23,1.0,1.0
7007744171,2016-04-22,0,1.0,1.0
7007744171,2016-04-22,1,1.0,1.0
7007744171,2016-04-22,2,1.0,1.0
7007744171,2016-04-22,3,1.0,1.0
7007744171,2016-04-22,4,1.0,1.0
7007744171,2016-04-22,5,1.0,1.0
7007744171,2016-04-22,6,1.58,4.8
7007744171,2016-04-22,7,1.57,5.4
7007744171,2016-04-22,8,5.91,7.4
7007744171,2016-04-22,9,2.74,6.8
7007744171,2016-04-22,10,1.14,3.0
7007744171,2016-04-22,11,1.7,4.0
7007744171,2016-04-22,12,1.63,3.4
7007744171,2016-04-22,13,1.76,3.2
7007744171,2016-04-22,14,1.5,3.2
7007744171,2016-04-22,15,1.45,4.4
7007744171,2016-04-22,16,3.59,6.2
7007744171,2016-04-22,17,3.45,5.8
7007744171,2016-04-22,18,1.59,3.8
7007744171,2016-04-22,19,4.12,9.2
7007744171,2016-04-22,20,1.82,5.4
7007744171,2016-04-22,21,1.0,1.0
7007744171,2016-04-22,22,1.0,1.0
7007744171,2016-04-22,23,1.0,1.0
7007744171,2016-04-23,0,1.0,1.0
7007744171,2016-04-23,1,1.0,1.0
7007744171,2016-04-23,2,1.0,1.0
7007744171,2016-04-23,3,1.0,1.0
7007744171,2016-04-23,4,1.0,1.0
7007744171,2016-04-23,5,1.0,1.0
7007744171,2016-04-23,6,1.82,4.0
7007744171,2016-04-23,7,2.18,5.2
7007744171,2016-04-23,8,3.26,6.6
7007744171,2016-04-23,9,1.3,3.4
7007744171,2016-04-23,10,1.53,3.2
7007744171,2016-04-23,11,3.82,6.0
7007744171,2016-04-23,12,2.26,4.8
7007744171,2016-04-23,13,3.05,5.6
7007744171,2016-04-23,14,1.0,1.0
7007744171,2016-04-23,15,1.0,1.0
7007744171,2016-04-23,16,1.0,1.0
7007744171,2016-04-23,17,1.0,1.1
7007744171,2016-04-23,18,1.0,1.0
7007744171,2016-04-23,19,1.0,1.0
7007744171,2016-04-23,20,1.0,1.0
7007744171,2016-04-23,21,1.0,1.0
7007744171,2016-04-23,22,1.0,1.0
7007744171,2016-04-23,23,1.0,1.0
7007744171,2016-04-24,0,1.0,1.0
7007744171,2016-04-24,1,1.0,1.0
7007744171,2016-04-24,2,1.0,1.0
7007744171,2016-04-24,3,1.0,1.0
7007744171,2016-04-24,4,1.0,1.0
7007744171,2016-04-24,5,1.0,1.0
7007744171,2016-04-24,6,1.74,4.8
7007744171,2016-04-24,7,2.16,4.0
7007744171,2016-04-24,8,2.22,4.0
7007744171,2016-04-24,9,3.11,5.0
7007744171,2016-04-24,10,3.28,4.4
7007744171,2016-04-24,11,1.87,3.6
7007744171,2016-04-24,12,2.58,4.4
7007744171,2016-04-24,13,3.44,5.0
7007744171,2016-04-24,14,2.9,4.6
7007744171,2016-04-24,15,2.99,4.4
7007744171,2016-04-24,16,1.81,5.0
7007744171,2016-04-24,17,1.0,1.1
7007744171,2016-04-24,18,1.0,1.0
7007744171,2016-04-24,19,1.0,1.0
7007744171,2016-04-24,20,1.0,1.0
7007744171,2016-04-24,21,1.0,1.0
7007744171,2016-04-24,22,1.0,1.0
7007744171,2016-04-24,23,1.0,1.0
7007744171,2016-04-25,0,1.0,1.0
7007744171,2016-04-25,1,1.0,1.0
7007744171,2016-04-25,2,1.0,1.0
7007744171,2016-04-25,3,1.0,1.0
7007744171,2016-04-25,4,1.0,1.0
7007744171,2016-04-25,5,1.0,1.0
7007744171,2016-04-25,6,2.35,4.2
7007744171,2016-04-25,7,4.16,6.8
7007744171,2016-04-25,8,4.83,7.2
7007744171,2016-04-25,9,3.99,7.2
7007744171,2016-04-25,10,3.69,5.2
7007744171,2016-04-25,11,1.47,3.6
7007744171,2016-04-25,12,2.96,5.4
7007744171,2016-04-25,13,3.1,5.8
7007744171,2016-04-25,14,1.62,4.0
7007744171,2016-04-25,15,1.6,3.6
7007744171,2016-04-25,16,1.14,3.0
7007744171,2016-04-25,17,1.67,5.2
7007744171,2016-04-25,18,2.21,4.6
7007744171,2016-04-25,19,1.21,3.6
7007744171,2016-04-25,20,2.1,4.0
7007744171,2016-04-25,21,1.0,1.0
7007744171,2016-04-25,22,1.0,1.0
7007744171,2016-04-25,23,1.0,1.0
7007744171,2016-04-26,0,1.0,1.0
7007744171,2016-04-26,1,1.0,1.0
7007744171,2016-04-26,2,1.0,1.0
7007744171,2016-04-26,3,1.0,1.0
7007744171,2016-04-26,4,1.0,1.0
7007744171,2016-04-26,5,1.0,1.1
7007744171,2016-04-26,6,2.41,5.4
7007744171,2016-04-26,7,2.21,6.2
7007744171,2016-04-26,8,1.26,5.0
7007744171,2016-04-26,9,2.88,6.6
7007744171,2016-04-26,10,3.59,8.0
7007744171,2016-04-26,11,3.08,6.4
7007744171,2016-04-26,12,4.26,7.8
7007744171,2016-04-26,13,1.66,4.0
7007744171,2016-04-26,14,1.34,3.4
7007744171,2016-04-26,15,2.3,5.6
7007744171,2016-04-26,16,2.7,5.2
7007744171,2016-04-26,17,2.31,3.8
7007744171,2016-04-26,18,2.06,4.6
7007744171,2016-04-26,19,1.23,3.6
7007744171,2016-04-26,20,1.17,2.6
7007744171,2016-04-26,21,1.4,2.8
7007744171,2016-04-26,22,2.4,4.2
7007744171,2016-04-26,23,1.06,2.4
7007744171,2016-04-27,0,1.0,1.0
7007744171,2016-04-27,1,1.0,1.0
7007744171,2016-04-27,2,1.0,1.0
7007744171,2016-04-27,3,1.0,1.0
7007744171,2016-04-27,4,1.0,1.0
7007744171,2016-04-27,5,1.0,1.0
7007744171,2016-04-27,6,2.35,5.2
7007744171,2016-04-27,7,2.04,3.8
7007744171,2016-04-27,8,5.6,7.6
7007744171,2016-04-27,9,3.16,6.2
7007744171,2016-04-27,10,1.46,4.0
7007744171,2016-04-27,11,1.9,3.8
7007744171,2016-04-27,12,2.14,4.6
7007744171,2016-04-27,13,2.27,5.0
7007744171,2016-04-27,14,1.54,3.8
7007744171,2016-04-27,15,2.9,5.2
7007744171,2016-04-27,16,2.01,4.4
7007744171,2016-04-27,17,2.98,5.0
7007744171,2016-04-27,18,1.67,4.2
7007744171,2016-04-27,19,1.41,3.8
7007744171,2016-04-27,20,1.21,3.8
7007744171,2016-04-27,21,1.0,1.0
7007744171,2016-04-27,22,1.0,1.0
7007744171,2016-04-27,23,1.0,1.0
7007744171,2016-04-28,0,1.0,1.0
7007744171,2016-04-28,1,1.0,1.0
7007744171,2016-04-28,2,1.0,1.0
7007744171,2016-04-28,3,1.0,1.0
7007744171,2016-04-28,4,1.0,1.0
7007744171,2016-04-28,5,1.0,1.0
7007744171,2016-04-28,6,2.09,4.4
7007744171,2016-04-28,7,2.18,5.2
7007744171,2016-04-28,8,2.61,5.2
7007744171,2016-04-28,9,3.59,5.4
7007744171,2016-04-28,10,4.52,9.0
7007744171,2016-04-28,11,3.65,6.8
7007744171,2016-04-28,12,1.95,4.0
7007744171,2016-04-28,13,2.48,4.4
7007744171,2016-04-28,14,1.61,4.6
7007744171,2016-04-28,15,1.31,3.0
7007744171,2016-04-28,16,1.59,4.2
7007744171,2016-04-28,17,1.35,4.8
7007744171,2016-04-28,18,1.6,5.0
7007744171,2016-04-28,19,2.23,5.2
7007744171,2016-04-28,20,1.86,6.4
7007744171,2016-04-28,21,1.09,3.4
7007744171,2016-04-28,22,1.0,1.0
7007744171,2016-04-28,23,1.0,1.0
7007744171,2016-04-29,0,1.0,1.0
7007744171,2016-04-29,1,1.0,1.0
7007744171,2016-04-29,2,1.0,1.0
7007744171,2016-04-29,3,1.0,1.0
7007744171,2016-04-29,4,1.0,1.0
7007744171,2016-04-29,5,1.0,1.0
7007744171,2016-04-29,6,1.87,4.0
7007744171,2016-04-29,7,4.16,6.4
7007744171,2016-04-29,8,5.01,6.4
7007744171,2016-04-29,9,2.21,4.8
7007744171,2016-04-29,10,1.55,8.6
7007744171,2016-04-29,11,1.6,6.4
7007744171,2016-04-29,12,2.21,4.0
7007744171,2016-04-29,13,1.48,4.0
7007744171,2016-04-29,14,3.26,5.8
7007744171,2016-04-29,15,1.96,5.6
7007744171,2016-04-29,16,2.04,4.6
7007744171,2016-04-29,17,3.43,8.0
7007744171,2016-04-29,18,2.53,6.2
7007744171,2016-04-29,19,3.52,7.4
7007744171,2016-04-29,20,2.2,5.6
7007744171,2016-04-29,21,2.0,4.8
7007744171,2016-04-29,22,1.0,1.0
7007744171,2016-04-29,23,1.0,1.0
7007744171,2016-04-30,0,1.0,1.0
7007744171,2016-04-30,1,1.0,1.0
7007744171,2016-04-30,2,1.0,1.0
7007744171,2016-04-30,3,1.0,1.0
7007744171,2016-04-30,4,1.0,1.0
7007744171,2016-04-30,5,1.0,1.0
7007744171,2016-04-30,6,1.0,1.0
7007744171,2016-04-30,7,1.42,3.2
7007744171,2016-04-30,8,2.21,4.6
7007744171,2016-04-30,9,2.61,4.9
7007744171,2016-04-30,10,1.67,4.2
7007744171,2016-04-30,11,1.55,3.6
7007744171,2016-04-30,12,1.39,3.0
7007744171,2016-04-30,13,1.72,5.2
7007744171,2016-04-30,14,1.18,3.6
7007744171,2016-04-30,15,1.07,2.6
7007744171,2016-04-30,16,1.1,2.8
7007744171,2016-04-30,17,1.71,4.2
7007744171,2016-04-30,18,1.24,3.6
7007744171,2016-04-30,19,1.21,3.2
7007744171,2016-04-30,20,1.2,3.0
7007744171,2016-04-30,21,1.27,3.2
7007744171,2016-04-30,22,1.07,2.8
7007744171,2016-04-30,23,1.0,1.0
7007744171,2016-05-01,0,1.0,1.0
7007744171,2016-05-01,1,1.0,1.0
7007744171,2016-05-01,2,1.0,1.0
7007744171,2016-05-01,3,1.0,1.0
7007744171,2016-05-01,4,1.0,1.0
7007744171,2016-05-01,5,1.0,1.0
7007744171,2016-05-01,6,1.0,1.0
7007744171,2016-05-01,7,1.85,4.0
7007744171,2016-05-01,8,1.72,3.6
7007744171,2016-05-01,9,1.93,5.0
7007744171,2016-05-01,10,1.37,3.4
7007744171,2016-05-01,11,1.06,3.0
7007744171,2016-05-01,12,1.44,3.6
7007744171,2016-05-01,13,3.87,6.0
7007744171,2016-05-01,14,1.56,4.2
7007744171,2016-05-01,15,1.81,5.6
7007744171,2016-05-01,16,2.37,4.6
7007744171,2016-05-01,17,1.48,4.0
7007744171,2016-05-01,18,1.3,2.6
7007744171,2016-05-01,19,1.55,4.6
7007744171,2016-05-01,20,1.0,1.0
7007744171,2016-05-01,21,1.0,1.1
7007744171,2016-05-01,22,1.0,1.0
7007744171,2016-05-01,23,1.0,1.0
7007744171,2016-05-02,0,1.0,1.0
7007744171,2016-05-02,1,1.0,1.0
7007744171,2016-05-02,2,1.0,1.0
7007744171,2016-05-02,3,1.0,1.0
7007744171,2016-05-02,4,1.0,1.0
7007744171,2016-05-02,5,1.0,1.0
7007744171,2016-05-02,6,2.3,4.4
7007744171,2016-05-02,7,1.73,4.0
7007744171,2016-05-02,8,5.51,7.4
7007744171,2016-05-02,9,4.06,6.6
7007744171,2016-05-02,10,3.97,8.4
7007744171,2016-05-02,11,1.86,4.0
7007744171,2016-05-02,12,1.32,3.2
7007744171,2016-05-02,13,1.18,3.0
7007744171,2016-05-02,14,1.33,3.2
7007744171,2016-05-02,15,1.34,3.6
7007744171,2016-05-02,16,1.34,2.8
7007744171,2016-05-02,17,2.14,4.4
7007744171,2016-05-02,18,1.22,3.4
7007744171,2016-05-02,19,1.3,3.0
7007744171,2016-05-02,20,1.07,2.2
7007744171,2016-05-02,21,1.06,2.6
7007744171,2016-05-02,22,1.0,1.0
7007744171,2016-05-02,23,1.0,1.0
7007744171,2016-05-03,0,1.0,1.0
7007744171,2016-05-03,1,1.0,1.0
7007744171,2016-05-03,2,1.0,1.0
7007744171,2016-05-03,3,1.0,1.0
7007744171,2016-05-03,4,1.0,1.0
7007744171,2016-05-03,5,1.0,1.0
7007744171,2016-05-03,6,2.47,5.4
7007744171,2016-05-03,7,4.71,7.2
7007744171,2016-05-03,8,4.42,7.2
7007744171,2016-05-03,9,2.42,4.8
7007744171,2016-05-03,10,1.5,4.0
7007744171,2016-05-03,11,2.44,4.6
7007744171,2016-05-03,12,2.05,4.4
7007744171,2016-05-03,13,3.44,7.0
7007744171,2016-05-03,14,1.73,5.2
7007744171,2016-05-03,15,1.94,5.2
7007744171,2016-05-03,16,1.83,4.2
7007744171,2016-05-03,17,2.74,4.8
7007744171,2016-05-03,18,1.52,3.8
7007744171,2016-05-03,19,1.18,4.0
7007744171,2016-05-03,20,2.18,6.1
7007744171,2016-05-03,21,1.31,3.2
7007744171,2016-05-03,22,1.0,1.0
7007744171,2016-05-03,23,1.0,1.0
7007744171,2016-05-04,0,1.0,1.0
7007744171,2016-05-04,1,1.0,1.0
7007744171,2016-05-04,2,1.0,1.0
7007744171,2016-05-04,3,1.0,1.0
7007744171,2016-05-04,4,1.0,1.0
7007744171,2016-05-04,5,1.0,1.1
7007744171,2016-05-04,6,1.0,1.0
7007744171,2016-05-04,7,1.0,1.1
7007744171,2016-05-04,8,1.0,1.1
7007744171,2016-05-04,9,1.0,1.0
7007744171,2016-05-04,10,1.0,1.0
7007744171,2016-05-04,11,1.0,1.0
7007744171,2016-05-04,12,1.0,1.0
7007744171,2016-05-04,13,1.0,1.0
7007744171,2016-05-04,14,1.0,1.1
7007744171,2016-05-04,15,1.0,1.0
7007744171,2016-05-04,16,1.0,1.0
7007744171,2016-05-04,17,1.0,1.0
7007744171,2016-05-04,18,1.0,1.0
7007744171,2016-05-04,19,1.0,1.0
7007744171,2016-05-04,20,1.0,1.0
7007744171,2016-05-04,21,1.0,1.0
7007744171,2016-05-04,22,1.0,1.0
7007744171,2016-05-04,23,1.0,1.0
7007744171,2016-05-05,0,1.0,1.0
7007744171,2016-05-05,1,1.0,1.0
7007744171,2016-05-05,2,1.0,1.0
7007744171,2016-05-05,3,1.0,1.0
7007744171,2016-05-05,4,1.0,1.0
7007744171,2016-05-05,5,1.0,1.0
7007744171,2016-05-05,6,2.27,4.2
7007744171,2016-05-05,7,3.98,6.8
7007744171,2016-05-05,8,5.04,6.6
7007744171,2016-05-05,9,4.35,7.4
7007744171,2016-05-05,10,3.26,5.0
7007744171,2016-05-05,11,1.48,3.6
7007744171,2016-05-05,12,1.49,4.4
7007744171,2016-05-05,13,1.81,5.8
7007744171,2016-05-05,14,2.12,4.6
7007744171,2016-05-05,15,2.42,4.4
7007744171,2016-05-05,16,2.17,4.6
7007744171,2016-05-05,17,1.7,4.2
7007744171,2016-05-05,18,1.9,5.6
7007744171,2016-05-05,19,1.23,3.4
7007744171,2016-05-05,20,1.0,1.0
7007744171,2016-05-05,21,1.0,1.0
7007744171,2016-05-05,22,1.0,1.0
7007744171,2016-05-05,23,1.0,1.0
7007744171,2016-05-06,0,1.0,1.0
7007744171,2016-05-06,1,1.0,1.0
7007744171,2016-05-06,2,1.0,1.0
7007744171,2016-05-06,3,1.0,1.0
7007744171,2016-05-06,4,1.0,1.0
7007744171,2016-05-06,5,1.05,3.6
7007744171,2016-05-06,6,6.29,10.6
7007744171,2016-05-06,7,2.8,5.8
7007744171,2016-05-06,8,2.74,6.4
7007744171,2016-05-06,9,2.41,5.2
7007744171,2016-05-06,10,1.2,3.2
7007744171,2016-05-06,11,1.69,4.6
7007744171,2016-05-06,12,1.52,4.0
7007744171,2016-05-06,13,1.69,4.0
7007744171,2016-05-06,14,1.09,2.8
7007744171,2016-05-06,15,1.71,3.6
7007744171,2016-05-06,16,1.23,2.8
7007744171,2016-05-06,17,1.32,3.4
7007744171,2016-05-06,18,1.65,4.0
7007744171,2016-05-06,19,1.62,5.0
7007744171,2016-05-06,20,1.37,5.0
7007744171,2016-05-06,21,1.0,1.1
7007744171,2016-05-06,22,1.0,1.0
7007744171,2016-05-06,23,1.0,1.0
7007744171,2016-05-07,0,1.0,1.0
7086361926,2016-04-12,0,1.01,1.2
7086361926,2016-04-12,1,1.0,1.1
7086361926,2016-04-12,2,1.0,1.0
7086361926,2016-04-12,3,1.0,1.1
7086361926,2016-04-12,4,1.0,1.0
7086361926,2016-04-12,5,1.0,1.0
7086361926,2016-04-12,6,1.02,1.3
7086361926,2016-04-12,7,1.72,4.6
7086361926,2016-04-12,8,1.01,1.2
7086361926,2016-04-12,9,1.37,4.2
7086361926,2016-04-12,10,1.05,3.0
7086361926,2016-04-12,11,1.17,3.4
7086361926,2016-04-12,12,1.23,3.6
7086361926,2016-04-12,13,2.51,9.6
7086361926,2016-04-12,14,1.02,1.3
7086361926,2016-04-12,15,1.23,4.8
7086361926,2016-04-12,16,2.03,7.2
7086361926,2016-04-12,17,8.78,11.7
7086361926,2016-04-12,18,3.02,7.8
7086361926,2016-04-12,19,2.14,5.6
7086361926,2016-04-12,20,1.92,3.8
7086361926,2016-04-12,21,1.12,1.3
7086361926,2016-04-12,22,1.41,4.0
7086361926,2016-04-12,23,1.06,2.4
7086361926,2016-04-13,0,1.0,1.1
7086361926,2016-04-13,1,1.0,1.0
7086361926,2016-04-13,2,1.0,1.1
7086361926,2016-04-13,3,1.0,1.1
7086361926,2016-04-13,4,1.0,1.1
7086361926,2016-04-13,5,1.0,1.0
7086361926,2016-04-13,6,1.06,2.6
7086361926,2016-04-13,7,2.03,6.0
7086361926,2016-04-13,8,1.28,3.6
7086361926,2016-04-13,9,1.01,1.2
7086361926,2016-04-13,10,1.2,4.0
7086361926,2016-04-13,11,1.12,5.0
7086361926,2016-04-13,12,1.09,4.2
7086361926,2016-04-13,13,2.48,7.4
7086361926,2016-04-13,14,1.01,1.1
7086361926,2016-04-13,15,1.08,2.8
7086361926,2016-04-13,16,1.91,7.8
7086361926,2016-04-13,17,5.48,8.6
7086361926,2016-04-13,18,3.37,7.6
7086361926,2016-04-13,19,1.95,5.4
7086361926,2016-04-13,20,1.63,5.6
7086361926,2016-04-13,21,1.06,2.4
7086361926,2016-04-13,22,1.27,5.2
7086361926,2016-04-13,23,1.0,1.1
7086361926,2016-04-14,0,1.01,1.2
7086361926,2016-04-14,1,1.03,2.6
7086361926,2016-04-14,2,1.0,1.1
7086361926,2016-04-14,3,1.0,1.1
7086361926,2016-04-14,4,1.0,1.0
7086361926,2016-04-14,5,1.0,1.1
7086361926,2016-04-14,6,1.02,1.5
7086361926,2016-04-14,7,1.9,6.2
7086361926,2016-04-14,8,2.14,5.8
7086361926,2016-04-14,9,1.51,5.6
7086361926,2016-04-14,10,1.22,4.0
7086361926,2016-04-14,11,1.46,4.4
7086361926,2016-04-14,12,1.21,2.6
7086361926,2016-04-14,13,2.32,8.2
7086361926,2016-04-14,14,1.06,2.4
7086361926,2016-04-14,15,1.26,4.0
7086361926,2016-04-14,16,1.75,6.0
7086361926,2016-04-14,17,4.31,7.8
7086361926,2016-04-14,18,5.23,11.1
7086361926,2016-04-14,19,1.8,5.9
7086361926,2016-04-14,20,1.5,4.4
7086361926,2016-04-14,21,1.25,2.8
7086361926,2016-04-14,22,1.14,2.6
7086361926,2016-04-14,23,2.03,7.0
7086361926,2016-04-15,0,1.88,7.2
7086361926,2016-04-15,1,1.01,1.3
7086361926,2016-04-15,2,1.0,1.0
7086361926,2016-04-15,3,1.0,1.1
7086361926,2016-04-15,4,1.0,1.1
7086361926,2016-04-15,5,1.0,1.1
7086361926,2016-04-15,6,1.01,1.3
7086361926,2016-04-15,7,2.21,5.4
7086361926,2016-04-15,8,1.48,4.2
7086361926,2016-04-15,9,1.36,3.8
7086361926,2016-04-15,10,1.01,1.1
7086361926,2016-04-15,11,1.07,2.8
7086361926,2016-04-15,12,1.46,5.2
7086361926,2016-04-15,13,4.56,8.6
7086361926,2016-04-15,14,1.4,5.0
7086361926,2016-04-15,15,1.15,3.4
7086361926,2016-04-15,16,1.56,5.2
7086361926,2016-04-15,17,1.23,3.2
7086361926,2016-04-15,18,1.73,7.0
7086361926,2016-04-15,19,2.81,7.2
7086361926,2016-04-15,20,1.13,2.6
7086361926,2016-04-15,21,1.03,1.2
7086361926,2016-04-15,22,1.15,4.8
7086361926,2016-04-15,23,1.03,1.1
7086361926,2016-04-16,0,1.08,2.6
7086361926,2016-04-16,1,1.0,1.0
7086361926,2016-04-16,2,1.0,1.0
7086361926,2016-04-16,3,1.0,1.0
7086361926,2016-04-16,4,1.0,1.0
7086361926,2016-04-16,5,1.0,1.0
7086361926,2016-04-16,6,1.0,1.0
7086361926,2016-04-16,7,1.0,1.0
7086361926,2016-04-16,8,1.0,1.0
7086361926,2016-04-16,9,1.0,1.0
7086361926,2016-04-16,10,1.0,1.0
7086361926,2016-04-16,11,1.0,1.0
7086361926,2016-04-16,12,1.0,1.0
7086361926,2016-04-16,13,1.0,1.0
7086361926,2016-04-16,14,1.0,1.0
7086361926,2016-04-16,15,1.0,1.0
7086361926,2016-04-16,16,1.0,1.0
7086361926,2016-04-16,17,1.0,1.0
7086361926,2016-04-16,18,1.0,1.0
7086361926,2016-04-16,19,1.0,1.0
7086361926,2016-04-16,20,1.0,1.0
7086361926,2016-04-16,21,1.0,1.0
7086361926,2016-04-16,22,1.0,1.0
7086361926,2016-04-16,23,1.0,1.0
7086361926,2016-04-17,0,1.0,1.0
7086361926,2016-04-17,1,1.0,1.0
7086361926,2016-04-17,2,1.0,1.0
7086361926,2016-04-17,3,1.0,1.0
7086361926,2016-04-17,4,1.0,1.0
7086361926,2016-04-17,5,1.0,1.0
7086361926,2016-04-17,6,1.0,1.0
7086361926,2016-04-17,7,1.0,1.0
7086361926,2016-04-17,8,1.0,1.0
7086361926,2016-04-17,9,1.0,1.0
7086361926,2016-04-17,10,1.0,1.0
7086361926,2016-04-17,11,1.0,1.0
7086361926,2016-04-17,12,1.0,1.0
7086361926,2016-04-17,13,1.0,1.0
7086361926,2016-04-17,14,1.0,1.0
7086361926,2016-04-17,15,1.0,1.0
7086361926,2016-04-17,16,1.0,1.0
7086361926,2016-04-17,17,1.0,1.0
7086361926,2016-04-17,18,1.0,1.0
7086361926,2016-04-17,19,1.0,1.0
7086361926,2016-04-17,20,1.0,1.0
7086361926,2016-04-17,21,1.0,1.0
7086361926,2016-04-17,22,1.0,1.0
7086361926,2016-04-17,23,1.0,1.0
7086361926,2016-04-18,0,1.0,1.0
7086361926,2016-04-18,1,1.0,1.0
7086361926,2016-04-18,2,1.0,1.0
7086361926,2016-04-18,3,1.0,1.0
7086361926,2016-04-18,4,1.0,1.0
7086361926,2016-04-18,5,1.0,1.0
7086361926,2016-04-18,6,1.0,1.0
7086361926,2016-04-18,7,1.93,5.4
7086361926,2016-04-18,8,1.61,3.8
7086361926,2016-04-18,9,1.16,3.4
7086361926,2016-04-18,10,1.2,4.2
7086361926,2016-04-18,11,1.02,1.2
7086361926,2016-04-18,12,4.51,7.0
7086361926,2016-04-18,13,1.04,1.3
7086361926,2016-04-18,14,1.28,5.2
7086361926,2016-04-18,15,1.01,1.1
7086361926,2016-04-18,16,2.02,7.2
7086361926,2016-04-18,17,5.95,9.0
7086361926,2016-04-18,18,4.78,11.1
7086361926,2016-04-18,19,1.34,4.4
7086361926,2016-04-18,20,1.21,1.3
7086361926,2016-04-18,21,1.2,4.2
7086361926,2016-04-18,22,1.12,2.4
7086361926,2016-04-18,23,1.01,1.3
7086361926,2016-04-19,0,1.03,2.6
7086361926,2016-04-19,1,1.0,1.0
7086361926,2016-04-19,2,1.0,1.1
7086361926,2016-04-19,3,1.0,1.0
7086361926,2016-04-19,4,1.0,1.0
7086361926,2016-04-19,5,1.0,1.1
7086361926,2016-04-19,6,1.01,1.2
7086361926,2016-04-19,7,1.7,4.6
7086361926,2016-04-19,8,1.3,5.2
7086361926,2016-04-19,9,1.03,1.3
7086361926,2016-04-19,10,1.23,5.0
7086361926,2016-04-19,11,1.08,3.0
7086361926,2016-04-19,12,1.27,3.8
7086361926,2016-04-19,13,4.84,7.2
7086361926,2016-04-19,14,1.16,1.3
7086361926,2016-04-19,15,1.09,2.8
7086361926,2016-04-19,16,1.99,8.0
7086361926,2016-04-19,17,5.65,8.3
7086361926,2016-04-19,18,5.07,12.1
7086361926,2016-04-19,19,4.14,6.6
7086361926,2016-04-19,20,1.28,3.0
7086361926,2016-04-19,21,1.24,2.8
7086361926,2016-04-19,22,1.22,5.6
7086361926,2016-04-19,23,1.05,2.4
7086361926,2016-04-20,0,1.0,1.1
7086361926,2016-04-20,1,1.0,1.0
7086361926,2016-04-20,2,1.0,1.0
7086361926,2016-04-20,3,1.0,1.1
7086361926,2016-04-20,4,1.0,1.1
7086361926,2016-04-20,5,1.0,1.1
7086361926,2016-04-20,6,1.05,2.6
7086361926,2016-04-20,7,1.9,5.0
7086361926,2016-04-20,8,1.34,5.0
7086361926,2016-04-20,9,1.31,4.2
7086361926,2016-04-20,10,1.2,3.8
7086361926,2016-04-20,11,1.08,2.8
7086361926,2016-04-20,12,1.3,3.6
7086361926,2016-04-20,13,4.9,7.2
7086361926,2016-04-20,14,1.21,4.0
7086361926,2016-04-20,15,1.28,4.8
7086361926,2016-04-20,16,2.07,7.2
7086361926,2016-04-20,17,9.33,11.9
7086361926,2016-04-20,18,2.68,7.8
7086361926,2016-04-20,19,1.88,4.6
7086361926,2016-04-20,20,1.75,4.8
7086361926,2016-04-20,21,1.36,3.8
7086361926,2016-04-20,22,1.32,3.0
7086361926,2016-04-20,23,1.18,3.0
7086361926,2016-04-21,0,1.16,3.2
7086361926,2016-04-21,1,1.03,2.2
7086361926,2016-04-21,2,1.0,1.1
7086361926,2016-04-21,3,1.01,1.5
7086361926,2016-04-21,4,1.0,1.1
7086361926,2016-04-21,5,1.0,1.1
7086361926,2016-04-21,6,1.12,2.8
7086361926,2016-04-21,7,1.8,4.8
7086361926,2016-04-21,8,1.15,3.2
7086361926,2016-04-21,9,1.06,3.6
7086361926,2016-04-21,10,1.2,5.0
7086361926,2016-04-21,11,1.21,5.4
7086361926,2016-04-21,12,1.13,3.6
7086361926,2016-04-21,13,2.55,6.4
7086361926,2016-04-21,14,3.44,7.4
7086361926,2016-04-21,15,1.08,2.8
7086361926,2016-04-21,16,1.95,6.0
7086361926,2016-04-21,17,2.04,7.4
7086361926,2016-04-21,18,1.38,4.2
7086361926,2016-04-21,19,1.1,2.8
7086361926,2016-04-21,20,1.8,4.6
7086361926,2016-04-21,21,2.04,5.2
7086361926,2016-04-21,22,2.37,5.6
7086361926,2016-04-21,23,1.65,4.8
7086361926,2016-04-22,0,1.0,1.1
7086361926,2016-04-22,1,1.0,1.1
7086361926,2016-04-22,2,1.0,1.1
7086361926,2016-04-22,3,1.0,1.1
7086361926,2016-04-22,4,1.0,1.1
7086361926,2016-04-22,5,1.0,1.1
7086361926,2016-04-22,6,1.05,3.0
7086361926,2016-04-22,7,2.29,5.6
7086361926,2016-04-22,8,1.64,5.2
7086361926,2016-04-22,9,1.02,1.2
7086361926,2016-04-22,10,1.73,4.8
7086361926,2016-04-22,11,1.58,4.0
7086361926,2016-04-22,12,1.51,5.2
7086361926,2016-04-22,13,1.16,3.2
7086361926,2016-04-22,14,1.16,4.0
7086361926,2016-04-22,15,1.43,5.4
7086361926,2016-04-22,16,2.04,7.0
7086361926,2016-04-22,17,5.66,8.5
7086361926,2016-04-22,18,5.07,12.1
7086361926,2016-04-22,19,3.44,11.1
7086361926,2016-04-22,20,1.36,4.4
7086361926,2016-04-22,21,1.72,5.2
7086361926,2016-04-22,22,1.0,1.0
7086361926,2016-04-22,23,1.0,1.0
7086361926,2016-04-23,0,1.0,1.0
7086361926,2016-04-23,1,1.0,1.0
7086361926,2016-04-23,2,1.0,1.0
7086361926,2016-04-23,3,1.0,1.0
7086361926,2016-04-23,4,1.0,1.0
7086361926,2016-04-23,5,1.0,1.0
7086361926,2016-04-23,6,1.0,1.0
7086361926,2016-04-23,7,1.0,1.0
7086361926,2016-04-23,8,1.0,1.0
7086361926,2016-04-23,9,1.0,1.0
7086361926,2016-04-23,10,1.0,1.0
7086361926,2016-04-23,11,1.0,1.0
7086361926,2016-04-23,12,1.07,2.4
7086361926,2016-04-23,13,1.37,3.6
7086361926,2016-04-23,14,2.69,7.2
7086361926,2016-04-23,15,1.66,4.2
7086361926,2016-04-23,16,1.47,4.6
7086361926,2016-04-23,17,1.24,2.4
7086361926,2016-04-23,18,1.2,1.3
7086361926,2016-04-23,19,1.29,3.0
7086361926,2016-04-23,20,1.24,2.4
7086361926,2016-04-23,21,1.31,4.2
7086361926,2016-04-23,22,1.28,3.4
7086361926,2016-04-23,23,1.1,3.0
7086361926,2016-04-24,0,1.04,2.4
7086361926,2016-04-24,1,1.0,1.1
7086361926,2016-04-24,2,1.0,1.1
7086361926,2016-04-24,3,1.0,1.1
7086361926,2016-04-24,4,1.0,1.1
7086361926,2016-04-24,5,1.0,1.1
7086361926,2016-04-24,6,1.0,1.0
7086361926,2016-04-24,7,1.0,1.0
7086361926,2016-04-24,8,1.0,1.0
7086361926,2016-04-24,9,1.0,1.1
7086361926,2016-04-24,10,1.0,1.1
7086361926,2016-04-24,11,1.0,1.1
7086361926,2016-04-24,12,1.32,5.2
7086361926,2016-04-24,13,1.06,1.3
7086361926,2016-04-24,14,2.03,7.0
7086361926,2016-04-24,15,2.62,7.0
7086361926,2016-04-24,16,1.32,4.0
7086361926,2016-04-24,17,1.11,1.3
7086361926,2016-04-24,18,2.01,6.8
7086361926,2016-04-24,19,2.12,5.2
7086361926,2016-04-24,20,1.08,2.4
7086361926,2016-04-24,21,1.15,2.8
7086361926,2016-04-24,22,1.27,3.2
7086361926,2016-04-24,23,1.02,1.3
7086361926,2016-04-25,0,1.0,1.1
7086361926,2016-04-25,1,1.01,1.1
7086361926,2016-04-25,2,1.0,1.1
7086361926,2016-04-25,3,1.0,1.0
7086361926,2016-04-25,4,1.0,1.1
7086361926,2016-04-25,5,1.0,1.1
7086361926,2016-04-25,6,1.02,1.4
7086361926,2016-04-25,7,2.23,5.2
7086361926,2016-04-25,8,1.06,1.3
7086361926,2016-04-25,9,1.05,3.4
7086361926,2016-04-25,10,1.22,5.2
7086361926,2016-04-25,11,1.24,4.4
7086361926,2016-04-25,12,1.16,3.8
7086361926,2016-04-25,13,4.37,8.4
7086361926,2016-04-25,14,1.01,1.1
7086361926,2016-04-25,15,1.09,2.8
7086361926,2016-04-25,16,1.97,8.6
7086361926,2016-04-25,17,5.59,8.7
7086361926,2016-04-25,18,5.03,12.3
7086361926,2016-04-25,19,1.59,5.0
7086361926,2016-04-25,20,1.62,3.6
7086361926,2016-04-25,21,1.16,2.6
7086361926,2016-04-25,22,1.12,2.6
7086361926,2016-04-25,23,1.0,1.0
7086361926,2016-04-26,0,1.01,1.3
7086361926,2016-04-26,1,1.04,2.6
7086361926,2016-04-26,2,1.02,2.4
7086361926,2016-04-26,3,1.01,1.1
7086361926,2016-04-26,4,1.0,1.0
7086361926,2016-04-26,5,1.0,1.1
7086361926,2016-04-26,6,1.04,2.6
7086361926,2016-04-26,7,2.0,5.8
7086361926,2016-04-26,8,1.28,3.8
7086361926,2016-04-26,9,1.02,1.2
7086361926,2016-04-26,10,1.26,4.4
7086361926,2016-04-26,11,1.24,4.4
7086361926,2016-04-26,12,1.75,3.8
7086361926,2016-04-26,13,3.67,7.4
7086361926,2016-04-26,14,2.27,7.2
7086361926,2016-04-26,15,1.27,4.2
7086361926,2016-04-26,16,2.18,6.4
7086361926,2016-04-26,17,5.02,8.6
7086361926,2016-04-26,18,4.93,11.7
7086361926,2016-04-26,19,1.58,5.0
7086361926,2016-04-26,20,1.23,2.6
7086361926,2016-04-26,21,1.05,1.2
7086361926,2016-04-26,22,1.07,2.6
7086361926,2016-04-26,23,1.0,1.2
7086361926,2016-04-27,0,1.01,1.2
7086361926,2016-04-27,1,1.03,2.4
7086361926,2016-04-27,2,1.01,1.2
7086361926,2016-04-27,3,1.0,1.0
7086361926,2016-04-27,4,1.0,1.1
7086361926,2016-04-27,5,1.0,1.1
7086361926,2016-04-27,6,1.01,1.3
7086361926,2016-04-27,7,1.87,5.6
7086361926,2016-04-27,8,1.21,4.0
7086361926,2016-04-27,9,1.27,5.0
7086361926,2016-04-27,10,1.02,1.1
7086361926,2016-04-27,11,1.19,4.0
7086361926,2016-04-27,12,1.22,4.0
7086361926,2016-04-27,13,1.56,6.6
7086361926,2016-04-27,14,1.75,7.6
7086361926,2016-04-27,15,1.08,3.0
7086361926,2016-04-27,16,1.98,6.6
7086361926,2016-04-27,17,8.34,11.7
7086361926,2016-04-27,18,2.73,8.2
7086361926,2016-04-27,19,1.22,2.8
7086361926,2016-04-27,20,1.94,7.8
7086361926,2016-04-27,21,1.64,3.4
7086361926,2016-04-27,22,1.42,4.4
7086361926,2016-04-27,23,1.17,2.6
7086361926,2016-04-28,0,2.03,6.0
7086361926,2016-04-28,1,1.01,1.2
7086361926,2016-04-28,2,1.0,1.1
7086361926,2016-04-28,3,1.0,1.1
7086361926,2016-04-28,4,1.0,1.0
7086361926,2016-04-28,5,1.01,1.3
7086361926,2016-04-28,6,1.06,2.4
7086361926,2016-04-28,7,1.95,5.8
7086361926,2016-04-28,8,1.47,4.8
7086361926,2016-04-28,9,1.16,3.2
7086361926,2016-04-28,10,1.24,4.4
7086361926,2016-04-28,11,1.02,1.3
7086361926,2016-04-28,12,1.29,3.6
7086361926,2016-04-28,13,4.4,7.6
7086361926,2016-04-28,14,1.9,6.4
7086361926,2016-04-28,15,1.23,4.2
7086361926,2016-04-28,16,2.1,6.6
7086361926,2016-04-28,17,5.54,9.0
7086361926,2016-04-28,18,4.24,11.3
7086361926,2016-04-28,19,1.16,2.8
7086361926,2016-04-28,20,1.2,3.6
7086361926,2016-04-28,21,1.55,4.8
7086361926,2016-04-28,22,1.56,4.8
7086361926,2016-04-28,23,1.0,1.0
7086361926,2016-04-29,0,1.0,1.0
7086361926,2016-04-29,1,1.0,1.0
7086361926,2016-04-29,2,1.0,1.0
7086361926,2016-04-29,3,1.0,1.0
7086361926,2016-04-29,4,1.0,1.0
7086361926,2016-04-29,5,1.0,1.0
7086361926,2016-04-29,6,1.0,1.0
7086361926,2016-04-29,7,2.24,5.6
7086361926,2016-04-29,8,1.41,3.4
7086361926,2016-04-29,9,1.49,4.0
7086361926,2016-04-29,10,1.04,1.3
7086361926,2016-04-29,11,1.22,5.0
7086361926,2016-04-29,12,1.29,4.2
7086361926,2016-04-29,13,3.11,7.8
7086361926,2016-04-29,14,1.02,1.3
7086361926,2016-04-29,15,1.24,3.4
7086361926,2016-04-29,16,2.1,7.3
7086361926,2016-04-29,17,5.45,8.4
7086361926,2016-04-29,18,2.65,6.8
7086361926,2016-04-29,19,1.59,4.2
7086361926,2016-04-29,20,1.34,3.8
7086361926,2016-04-29,21,1.43,3.4
7086361926,2016-04-29,22,1.66,6.2
7086361926,2016-04-29,23,1.21,2.8
7086361926,2016-04-30,0,1.31,3.4
7086361926,2016-04-30,1,1.95,6.8
7086361926,2016-04-30,2,1.02,1.2
7086361926,2016-04-30,3,1.05,1.2
7086361926,2016-04-30,4,1.02,1.2
7086361926,2016-04-30,5,1.0,1.0
7086361926,2016-04-30,6,1.0,1.1
7086361926,2016-04-30,7,1.0,1.1
7086361926,2016-04-30,8,1.0,1.2
7086361926,2016-04-30,9,1.05,1.3
7086361926,2016-04-30,10,2.03,6.0
7086361926,2016-04-30,11,1.94,7.4
7086361926,2016-04-30,12,3.46,7.4
7086361926,2016-04-30,13,1.68,3.4
7086361926,2016-04-30,14,2.12,3.8
7086361926,2016-04-30,15,3.43,7.2
7086361926,2016-04-30,16,2.28,7.0
7086361926,2016-04-30,17,1.97,6.4
7086361926,2016-04-30,18,1.76,5.0
7086361926,2016-04-30,19,2.29,5.8
7086361926,2016-04-30,20,2.55,6.6
7086361926,2016-04-30,21,2.24,4.8
7086361926,2016-04-30,22,1.68,5.0
7086361926,2016-04-30,23,3.29,11.7
7086361926,2016-05-01,0,1.24,3.4
7086361926,2016-05-01,1,1.0,1.1
7086361926,2016-05-01,2,1.02,2.2
7086361926,2016-05-01,3,1.01,1.2
7086361926,2016-05-01,4,1.0,1.0
7086361926,2016-05-01,5,1.0,1.1
7086361926,2016-05-01,6,1.0,1.3
7086361926,2016-05-01,7,1.65,5.2
7086361926,2016-05-01,8,3.62,8.2
7086361926,2016-05-01,9,1.54,3.4
7086361926,2016-05-01,10,3.51,7.4
7086361926,2016-05-01,11,1.37,4.6
7086361926,2016-05-01,12,1.92,5.8
7086361926,2016-05-01,13,2.75,5.2
7086361926,2016-05-01,14,2.96,7.0
7086361926,2016-05-01,15,1.98,5.4
7086361926,2016-05-01,16,1.0,1.1
7086361926,2016-05-01,17,1.0,1.1
7086361926,2016-05-01,18,2.05,8.0
7086361926,2016-05-01,19,1.59,8.0
7086361926,2016-05-01,20,2.24,6.2
7086361926,2016-05-01,21,1.37,2.8
7086361926,2016-05-01,22,1.23,4.6
7086361926,2016-05-01,23,1.15,4.6
7086361926,2016-05-02,0,1.02,1.2
7086361926,2016-05-02,1,1.0,1.1
7086361926,2016-05-02,2,1.0,1.0
7086361926,2016-05-02,3,1.0,1.0
7086361926,2016-05-02,4,1.0,1.0
7086361926,2016-05-02,5,1.0,1.0
7086361926,2016-05-02,6,1.13,4.2
7086361926,2016-05-02,7,1.98,4.8
7086361926,2016-05-02,8,1.12,3.2
7086361926,2016-05-02,9,1.2,5.0
7086361926,2016-05-02,10,1.14,3.8
7086361926,2016-05-02,11,1.08,2.8
7086361926,2016-05-02,12,1.37,3.8
7086361926,2016-05-02,13,4.29,7.2
7086361926,2016-05-02,14,1.07,1.3
7086361926,2016-05-02,15,1.4,5.6
7086361926,2016-05-02,16,2.07,7.0
7086361926,2016-05-02,17,5.87,8.1
7086361926,2016-05-02,18,4.8,12.3
7086361926,2016-05-02,19,1.4,4.8
7086361926,2016-05-02,20,1.22,1.3
7086361926,2016-05-02,21,1.06,1.3
7086361926,2016-05-02,22,1.3,4.2
7086361926,2016-05-02,23,1.03,2.4
7086361926,2016-05-03,0,1.02,2.0
7086361926,2016-05-03,1,1.0,1.1
7086361926,2016-05-03,2,1.01,1.2
7086361926,2016-05-03,3,1.0,1.0
7086361926,2016-05-03,4,1.0,1.1
7086361926,2016-05-03,5,1.0,1.1
7086361926,2016-05-03,6,1.04,2.6
7086361926,2016-05-03,7,1.59,5.4
7086361926,2016-05-03,8,1.08,1.3
7086361926,2016-05-03,9,1.26,4.8
7086361926,2016-05-03,10,1.23,4.0
7086361926,2016-05-03,11,1.17,3.4
7086361926,2016-05-03,12,1.26,3.4
7086361926,2016-05-03,13,4.27,7.2
7086361926,2016-05-03,14,1.26,3.8
7086361926,2016-05-03,15,1.34,5.4
7086361926,2016-05-03,16,1.99,6.8
7086361926,2016-05-03,17,5.74,9.2
7086361926,2016-05-03,18,3.72,11.5
7086361926,2016-05-03,19,1.3,4.2
7086361926,2016-05-03,20,1.5,5.2
7086361926,2016-05-03,21,1.99,7.2
7086361926,2016-05-03,22,1.2,4.0
7086361926,2016-05-03,23,1.61,5.0
7086361926,2016-05-04,0,1.0,1.0
7086361926,2016-05-04,1,1.0,1.1
7086361926,2016-05-04,2,1.0,1.1
7086361926,2016-05-04,3,1.01,1.1
7086361926,2016-05-04,4,1.0,1.2
7086361926,2016-05-04,5,1.0,1.0
7086361926,2016-05-04,6,1.06,2.6
7086361926,2016-05-04,7,1.6,5.8
7086361926,2016-05-04,8,1.18,3.8
7086361926,2016-05-04,9,1.09,4.0
7086361926,2016-05-04,10,1.23,3.6
7086361926,2016-05-04,11,1.09,2.8
7086361926,2016-05-04,12,1.45,5.0
7086361926,2016-05-04,13,2.34,7.6
7086361926,2016-05-04,14,1.08,2.8
7086361926,2016-05-04,15,1.24,5.2
7086361926,2016-05-04,16,2.07,6.6
7086361926,2016-05-04,17,8.69,12.1
7086361926,2016-05-04,18,2.54,7.4
7086361926,2016-05-04,19,1.67,4.6
7086361926,2016-05-04,20,1.19,1.3
7086361926,2016-05-04,21,1.26,3.0
7086361926,2016-05-04,22,1.28,4.2
7086361926,2016-05-04,23,1.03,2.4
7086361926,2016-05-05,0,1.0,1.0
7086361926,2016-05-05,1,1.0,1.0
7086361926,2016-05-05,2,1.0,1.0
7086361926,2016-05-05,3,1.0,1.0
7086361926,2016-05-05,4,1.0,1.0
7086361926,2016-05-05,5,1.0,1.0
7086361926,2016-05-05,6,1.0,1.0
7086361926,2016-05-05,7,1.82,5.8
7086361926,2016-05-05,8,1.6,5.2
7086361926,2016-05-05,9,1.03,1.3
7086361926,2016-05-05,10,1.25,3.4
7086361926,2016-05-05,11,1.32,4.8
7086361926,2016-05-05,12,1.16,3.2
7086361926,2016-05-05,13,5.65,12.0
7086361926,2016-05-05,14,1.28,3.4
7086361926,2016-05-05,15,1.21,4.8
7086361926,2016-05-05,16,1.7,5.4
7086361926,2016-05-05,17,1.91,4.8
7086361926,2016-05-05,18,1.42,5.4
7086361926,2016-05-05,19,1.34,3.6
7086361926,2016-05-05,20,1.68,5.4
7086361926,2016-05-05,21,1.14,3.2
7086361926,2016-05-05,22,1.3,3.8
7086361926,2016-05-05,23,1.23,3.8
7086361926,2016-05-06,0,1.11,2.8
7086361926,2016-05-06,1,1.32,4.4
7086361926,2016-05-06,2,1.0,1.1
7086361926,2016-05-06,3,1.01,1.3
7086361926,2016-05-06,4,1.0,1.1
7086361926,2016-05-06,5,1.0,1.2
7086361926,2016-05-06,6,1.06,2.6
7086361926,2016-05-06,7,2.47,7.2
7086361926,2016-05-06,8,1.35,4.6
7086361926,2016-05-06,9,1.22,4.4
7086361926,2016-05-06,10,1.17,3.4
7086361926,2016-05-06,11,1.09,4.0
7086361926,2016-05-06,12,1.36,4.6
7086361926,2016-05-06,13,5.2,7.6
7086361926,2016-05-06,14,1.53,5.8
7086361926,2016-05-06,15,1.19,4.4
7086361926,2016-05-06,16,2.23,6.8
7086361926,2016-05-06,17,6.2,9.0
7086361926,2016-05-06,18,3.97,12.5
7086361926,2016-05-06,19,1.85,5.0
7086361926,2016-05-06,20,1.56,7.6
7086361926,2016-05-06,21,1.1,2.4
7086361926,2016-05-06,22,1.05,1.3
7086361926,2016-05-06,23,1.01,1.2
7086361926,2016-05-07,0,1.1,2.6
7086361926,2016-05-07,1,1.01,1.2
7086361926,2016-05-07,2,1.01,1.2
7086361926,2016-05-07,3,1.0,1.0
7086361926,2016-05-07,4,1.01,1.2
7086361926,2016-05-07,5,1.0,1.2
7086361926,2016-05-07,6,1.06,1.5
7086361926,2016-05-07,7,1.01,1.2
7086361926,2016-05-07,8,1.01,1.2
7086361926,2016-05-07,9,1.24,5.0
7086361926,2016-05-07,10,1.83,4.6
7086361926,2016-05-07,11,2.08,5.2
7086361926,2016-05-07,12,4.54,6.8
7086361926,2016-05-07,13,2.51,6.8
7086361926,2016-05-07,14,2.95,7.4
7086361926,2016-05-07,15,1.94,5.4
7086361926,2016-05-07,16,1.92,5.6
7086361926,2016-05-07,17,1.85,6.0
7086361926,2016-05-07,18,2.14,7.6
7086361926,2016-05-07,19,1.06,2.4
7086361926,2016-05-07,20,1.4,5.0
7086361926,2016-05-07,21,3.1,8.2
7086361926,2016-05-07,22,1.47,5.4
7086361926,2016-05-07,23,1.09,2.4
7086361926,2016-05-08,0,1.14,2.8
7086361926,2016-05-08,1,1.01,1.1
7086361926,2016-05-08,2,1.0,1.0
7086361926,2016-05-08,3,1.0,1.1
7086361926,2016-05-08,4,1.01,1.2
7086361926,2016-05-08,5,1.0,1.0
7086361926,2016-05-08,6,1.0,1.1
7086361926,2016-05-08,7,1.02,2.4
7086361926,2016-05-08,8,1.03,1.3
7086361926,2016-05-08,9,2.03,6.0
7086361926,2016-05-08,10,1.08,1.3
7086361926,2016-05-08,11,1.12,2.8
7086361926,2016-05-08,12,1.6,5.4
7086361926,2016-05-08,13,1.3,4.2
7086361926,2016-05-08,14,1.43,5.4
7086361926,2016-05-08,15,3.94,7.2
7086361926,2016-05-08,16,3.69,7.0
7086361926,2016-05-08,17,2.17,6.0
7086361926,2016-05-08,18,1.02,1.1
7086361926,2016-05-08,19,1.64,5.8
7086361926,2016-05-08,20,2.39,8.2
7086361926,2016-05-08,21,1.39,3.4
7086361926,2016-05-08,22,1.37,3.2
7086361926,2016-05-08,23,1.95,7.2
7086361926,2016-05-09,0,1.0,1.0
7086361926,2016-05-09,1,1.0,1.1
7086361926,2016-05-09,2,1.01,1.2
7086361926,2016-05-09,3,1.0,1.0
7086361926,2016-05-09,4,1.0,1.2
7086361926,2016-05-09,5,1.01,1.2
7086361926,2016-05-09,6,1.08,2.4
7086361926,2016-05-09,7,1.68,6.2
7086361926,2016-05-09,8,1.49,4.0
7086361926,2016-05-09,9,1.28,4.6
7086361926,2016-05-09,10,1.05,3.2
7086361926,2016-05-09,11,1.19,4.8
7086361926,2016-05-09,12,1.42,4.0
7086361926,2016-05-09,13,5.43,8.2
7086361926,2016-05-09,14,1.75,8.0
7086361926,2016-05-09,15,1.08,3.0
7086361926,2016-05-09,16,2.17,6.6
7086361926,2016-05-09,17,5.24,9.1
7086361926,2016-05-09,18,4.36,11.5
7086361926,2016-05-09,19,3.01,6.0
7086361926,2016-05-09,20,2.06,4.0
7086361926,2016-05-09,21,1.23,4.8
7086361926,2016-05-09,22,1.02,1.3
7086361926,2016-05-09,23,1.0,1.0
7086361926,2016-05-10,0,1.0,1.0
7086361926,2016-05-10,1,1.0,1.0
7086361926,2016-05-10,2,1.0,1.0
7086361926,2016-05-10,3,1.0,1.0
7086361926,2016-05-10,4,1.0,1.0
7086361926,2016-05-10,5,1.0,1.0
7086361926,2016-05-10,6,1.0,1.0
7086361926,2016-05-10,7,1.62,4.8
7086361926,2016-05-10,8,1.28,4.8
7086361926,2016-05-10,9,1.21,4.0
7086361926,2016-05-10,10,1.18,4.0
7086361926,2016-05-10,11,1.24,4.0
7086361926,2016-05-10,12,1.2,3.4
7086361926,2016-05-10,13,5.26,8.2
7086361926,2016-05-10,14,1.22,3.8
7086361926,2016-05-10,15,1.07,3.4
7086361926,2016-05-10,16,2.26,6.8
7086361926,2016-05-10,17,8.49,12.3
7086361926,2016-05-10,18,2.39,7.0
7086361926,2016-05-10,19,1.35,4.4
7086361926,2016-05-10,20,1.12,1.3
7086361926,2016-05-10,21,1.12,1.3
7086361926,2016-05-10,22,1.14,3.8
7086361926,2016-05-10,23,1.01,1.2
7086361926,2016-05-11,0,1.0,1.1
7086361926,2016-05-11,1,1.02,2.4
7086361926,2016-05-11,2,1.0,1.1
7086361926,2016-05-11,3,1.0,1.1
7086361926,2016-05-11,4,1.0,1.1
7086361926,2016-05-11,5,1.0,1.0
7086361926,2016-05-11,6,1.06,2.6
7086361926,2016-05-11,7,1.66,5.4
7086361926,2016-05-11,8,1.29,4.0
7086361926,2016-05-11,9,1.17,4.0
7086361926,2016-05-11,10,1.22,3.6
7086361926,2016-05-11,11,1.13,4.0
7086361926,2016-05-11,12,1.24,3.4
7086361926,2016-05-11,13,4.23,8.4
7086361926,2016-05-11,14,1.11,2.8
7086361926,2016-05-11,15,1.06,2.4
7086361926,2016-05-11,16,2.41,7.0
7086361926,2016-05-11,17,5.94,8.4
7086361926,2016-05-11,18,4.34,12.7
7086361926,2016-05-11,19,1.76,5.8
7086361926,2016-05-11,20,1.33,4.2
7086361926,2016-05-11,21,1.16,1.3
7086361926,2016-05-11,22,1.12,2.6
7086361926,2016-05-11,23,1.02,1.3
7086361926,2016-05-12,0,1.0,1.0
7086361926,2016-05-12,1,1.0,1.0
7086361926,2016-05-12,2,1.0,1.0
7086361926,2016-05-12,3,1.0,1.1
7086361926,2016-05-12,4,1.0,1.1
7086361926,2016-05-12,5,1.0,1.1
7086361926,2016-05-12,6,1.02,1.2
7086361926,2016-05-12,7,1.23,3.4
7086361926,2016-05-12,8,1.73,6.2
7086361926,2016-05-12,9,1.02,1.2
7086361926,2016-05-12,10,1.21,4.2
7086361926,2016-05-12,11,1.16,4.2
7086361926,2016-05-12,12,1.27,4.0
8053475328,2016-04-12,0,1.03,1.1
8053475328,2016-04-12,1,1.06,2.6
8053475328,2016-04-12,2,1.5,3.4
8053475328,2016-04-12,3,1.0,1.0
8053475328,2016-04-12,4,1.0,1.0
8053475328,2016-04-12,5,1.0,1.0
8053475328,2016-04-12,6,1.0,1.0
8053475328,2016-04-12,7,1.0,1.0
8053475328,2016-04-12,8,1.0,1.0
8053475328,2016-04-12,9,1.0,1.0
8053475328,2016-04-12,10,1.0,1.0
8053475328,2016-04-12,11,1.22,4.2
8053475328,2016-04-12,12,1.21,4.0
8053475328,2016-04-12,13,1.2,3.4
8053475328,2016-04-12,14,5.16,10.5
8053475328,2016-04-12,15,1.05,1.1
8053475328,2016-04-12,16,1.21,3.6
8053475328,2016-04-12,17,3.72,8.0
8053475328,2016-04-12,18,3.28,10.1
8053475328,2016-04-12,19,7.76,10.1
8053475328,2016-04-12,20,1.16,3.4
8053475328,2016-04-12,21,2.61,4.4
8053475328,2016-04-12,22,1.19,3.8
8053475328,2016-04-12,23,1.26,3.8
8053475328,2016-04-13,0,1.04,2.4
8053475328,2016-04-13,1,1.28,3.8
8053475328,2016-04-13,2,1.0,1.0
8053475328,2016-04-13,3,1.0,1.0
8053475328,2016-04-13,4,1.0,1.0
8053475328,2016-04-13,5,1.0,1.0
8053475328,2016-04-13,6,1.0,1.0
8053475328,2016-04-13,7,1.0,1.0
8053475328,2016-04-13,8,1.0,1.0
8053475328,2016-04-13,9,1.0,1.0
8053475328,2016-04-13,10,1.14,3.2
8053475328,2016-04-13,11,1.78,6.4
8053475328,2016-04-13,12,1.44,3.6
8053475328,2016-04-13,13,3.93,10.3
8053475328,2016-04-13,14,2.58,9.9
8053475328,2016-04-13,15,1.0,1.0
8053475328,2016-04-13,16,1.51,4.0
8053475328,2016-04-13,17,2.52,5.4
8053475328,2016-04-13,18,2.81,9.9
8053475328,2016-04-13,19,8.9,10.1
8053475328,2016-04-13,20,1.08,2.6
8053475328,2016-04-13,21,1.39,3.8
8053475328,2016-04-13,22,1.34,3.8
8053475328,2016-04-13,23,1.24,3.2
8053475328,2016-04-14,0,1.11,2.6
8053475328,2016-04-14,1,1.02,1.1
8053475328,2016-04-14,2,1.14,3.8
8053475328,2016-04-14,3,1.0,1.0
8053475328,2016-04-14,4,1.0,1.0
8053475328,2016-04-14,5,1.0,1.0
8053475328,2016-04-14,6,1.0,1.0
8053475328,2016-04-14,7,1.0,1.0
8053475328,2016-04-14,8,1.0,1.0
8053475328,2016-04-14,9,1.0,1.0
8053475328,2016-04-14,10,1.69,4.8
8053475328,2016-04-14,11,2.17,4.4
8053475328,2016-04-14,12,2.1,5.4
8053475328,2016-04-14,13,2.89,10.1
8053475328,2016-04-14,14,3.77,10.3
8053475328,2016-04-14,15,1.08,2.8
8053475328,2016-04-14,16,1.56,4.2
8053475328,2016-04-14,17,1.64,4.0
8053475328,2016-04-14,18,4.63,10.1
8053475328,2016-04-14,19,6.91,10.1
8053475328,2016-04-14,20,3.53,8.0
8053475328,2016-04-14,21,1.16,4.2
8053475328,2016-04-14,22,1.42,3.8
8053475328,2016-04-14,23,1.83,4.0
8053475328,2016-04-15,0,1.26,4.2
8053475328,2016-04-15,1,1.14,3.2
8053475328,2016-04-15,2,1.08,3.2
8053475328,2016-04-15,3,1.0,1.0
8053475328,2016-04-15,4,1.0,1.0
8053475328,2016-04-15,5,1.0,1.0
8053475328,2016-04-15,6,1.0,1.0
8053475328,2016-04-15,7,1.0,1.0
8053475328,2016-04-15,8,1.0,1.0
8053475328,2016-04-15,9,1.0,1.0
8053475328,2016-04-15,10,1.0,1.1
8053475328,2016-04-15,11,1.34,4.0
8053475328,2016-04-15,12,1.27,3.8
8053475328,2016-04-15,13,3.8,10.3
8053475328,2016-04-15,14,3.14,10.1
8053475328,2016-04-15,15,1.29,3.6
8053475328,2016-04-15,16,1.53,3.8
8053475328,2016-04-15,17,1.9,4.2
8053475328,2016-04-15,18,4.84,10.3
8053475328,2016-04-15,19,7.71,9.9
8053475328,2016-04-15,20,3.78,8.0
8053475328,2016-04-15,21,1.31,3.4
8053475328,2016-04-15,22,2.31,3.6
8053475328,2016-04-15,23,1.0,1.0
8053475328,2016-04-16,0,1.0,1.0
8053475328,2016-04-16,1,1.0,1.1
8053475328,2016-04-16,2,1.0,1.0
8053475328,2016-04-16,3,1.06,4.2
8053475328,2016-04-16,4,1.0,1.0
8053475328,2016-04-16,5,1.0,1.0
8053475328,2016-04-16,6,1.0,1.0
8053475328,2016-04-16,7,1.0,1.0
8053475328,2016-04-16,8,1.0,1.0
8053475328,2016-04-16,9,1.0,1.0
8053475328,2016-04-16,10,1.0,1.0
8053475328,2016-04-16,11,1.32,4.4
8053475328,2016-04-16,12,1.24,4.8
8053475328,2016-04-16,13,5.25,9.7
8053475328,2016-04-16,14,1.13,4.0
8053475328,2016-04-16,15,1.14,3.6
8053475328,2016-04-16,16,1.1,3.0
8053475328,2016-04-16,17,1.21,3.2
8053475328,2016-04-16,18,1.52,3.8
8053475328,2016-04-16,19,8.37,10.1
8053475328,2016-04-16,20,2.22,9.4
8053475328,2016-04-16,21,1.23,3.6
8053475328,2016-04-16,22,1.45,3.2
8053475328,2016-04-16,23,1.0,1.0
8053475328,2016-04-17,0,1.0,1.0
8053475328,2016-04-17,1,1.0,1.0
8053475328,2016-04-17,2,1.0,1.0
8053475328,2016-04-17,3,1.0,1.0
8053475328,2016-04-17,4,1.07,3.8
8053475328,2016-04-17,5,1.0,1.0
8053475328,2016-04-17,6,1.0,1.0
8053475328,2016-04-17,7,1.0,1.0
8053475328,2016-04-17,8,1.0,1.0
8053475328,2016-04-17,9,1.0,1.0
8053475328,2016-04-17,10,1.0,1.0
8053475328,2016-04-17,11,1.0,1.0
8053475328,2016-04-17,12,1.0,1.0
8053475328,2016-04-17,13,1.27,3.4
8053475328,2016-04-17,14,3.85,8.0
8053475328,2016-04-17,15,3.32,7.8
8053475328,2016-04-17,16,1.32,4.8
8053475328,2016-04-17,17,2.06,4.4
8053475328,2016-04-17,18,2.11,4.4
8053475328,2016-04-17,19,5.32,7.8
8053475328,2016-04-17,20,1.8,5.8
8053475328,2016-04-17,21,2.88,7.8
8053475328,2016-04-17,22,4.46,8.2
8053475328,2016-04-17,23,2.53,8.0
8053475328,2016-04-18,0,1.1,3.0
8053475328,2016-04-18,1,1.38,4.2
8053475328,2016-04-18,2,1.05,3.8
8053475328,2016-04-18,3,1.0,1.0
8053475328,2016-04-18,4,1.0,1.0
8053475328,2016-04-18,5,1.0,1.0
8053475328,2016-04-18,6,1.0,1.0
8053475328,2016-04-18,7,1.0,1.0
8053475328,2016-04-18,8,1.0,1.0
8053475328,2016-04-18,9,1.0,1.0
8053475328,2016-04-18,10,1.0,1.0
8053475328,2016-04-18,11,1.81,4.0
8053475328,2016-04-18,12,1.82,3.8
8053475328,2016-04-18,13,5.02,10.1
8053475328,2016-04-18,14,1.34,5.0
8053475328,2016-04-18,15,1.42,3.6
8053475328,2016-04-18,16,1.04,1.1
8053475328,2016-04-18,17,1.71,4.0
8053475328,2016-04-18,18,2.05,4.8
8053475328,2016-04-18,19,5.28,7.6
8053475328,2016-04-18,20,1.09,3.0
8053475328,2016-04-18,21,2.68,4.4
8053475328,2016-04-18,22,4.84,9.9
8053475328,2016-04-18,23,1.27,4.4
8053475328,2016-04-19,0,1.21,4.2
8053475328,2016-04-19,1,1.36,3.4
8053475328,2016-04-19,2,1.0,1.0
8053475328,2016-04-19,3,1.0,1.1
8053475328,2016-04-19,4,1.0,1.0
8053475328,2016-04-19,5,1.0,1.0
8053475328,2016-04-19,6,1.0,1.0
8053475328,2016-04-19,7,1.0,1.0
8053475328,2016-04-19,8,1.0,1.0
8053475328,2016-04-19,9,1.0,1.0
8053475328,2016-04-19,10,1.0,1.0
8053475328,2016-04-19,11,1.47,3.6
8053475328,2016-04-19,12,1.76,4.0
8053475328,2016-04-19,13,1.43,3.8
8053475328,2016-04-19,14,1.35,3.4
8053475328,2016-04-19,15,2.56,10.1
8053475328,2016-04-19,16,4.39,10.3
8053475328,2016-04-19,17,1.12,2.4
8053475328,2016-04-19,18,1.99,4.2
8053475328,2016-04-19,19,5.24,10.1
8053475328,2016-04-19,20,1.06,2.6
8053475328,2016-04-19,21,2.95,8.2
8053475328,2016-04-19,22,4.49,9.9
8053475328,2016-04-19,23,1.26,3.4
8053475328,2016-04-20,0,1.05,2.8
8053475328,2016-04-20,1,1.19,3.4
8053475328,2016-04-20,2,1.1,3.0
8053475328,2016-04-20,3,1.0,1.0
8053475328,2016-04-20,4,1.0,1.0
8053475328,2016-04-20,5,1.0,1.0
8053475328,2016-04-20,6,1.0,1.0
8053475328,2016-04-20,7,1.0,1.0
8053475328,2016-04-20,8,1.0,1.0
8053475328,2016-04-20,9,1.0,1.0
8053475328,2016-04-20,10,1.15,3.6
8053475328,2016-04-20,11,1.45,4.0
8053475328,2016-04-20,12,1.1,2.6
8053475328,2016-04-20,13,1.52,4.2
8053475328,2016-04-20,14,5.2,10.3
8053475328,2016-04-20,15,1.34,4.2
8053475328,2016-04-20,16,1.25,4.8
8053475328,2016-04-20,17,1.71,3.8
8053475328,2016-04-20,18,2.25,9.4
8053475328,2016-04-20,19,4.44,10.1
8053475328,2016-04-20,20,1.1,2.6
8053475328,2016-04-20,21,2.38,3.6
8053475328,2016-04-20,22,5.09,9.9
8053475328,2016-04-20,23,1.34,3.2
8053475328,2016-04-21,0,1.02,1.1
8053475328,2016-04-21,1,1.27,4.0
8053475328,2016-04-21,2,1.11,3.8
8053475328,2016-04-21,3,1.0,1.0
8053475328,2016-04-21,4,1.0,1.0
8053475328,2016-04-21,5,1.0,1.0
8053475328,2016-04-21,6,1.0,1.0
8053475328,2016-04-21,7,1.0,1.0
8053475328,2016-04-21,8,1.0,1.0
8053475328,2016-04-21,9,1.0,1.0
8053475328,2016-04-21,10,1.49,3.2
8053475328,2016-04-21,11,1.4,3.4
8053475328,2016-04-21,12,1.45,3.8
8053475328,2016-04-21,13,1.91,10.1
8053475328,2016-04-21,14,4.68,10.3
8053475328,2016-04-21,15,1.22,3.4
8053475328,2016-04-21,16,1.3,5.4
8053475328,2016-04-21,17,1.78,5.0
8053475328,2016-04-21,18,1.94,4.2
8053475328,2016-04-21,19,5.09,7.6
8053475328,2016-04-21,20,1.03,1.1
8053475328,2016-04-21,21,2.14,5.0
8053475328,2016-04-21,22,5.42,9.9
8053475328,2016-04-21,23,1.2,3.2
8053475328,2016-04-22,0,1.08,2.6
8053475328,2016-04-22,1,1.09,3.6
8053475328,2016-04-22,2,1.21,4.4
8053475328,2016-04-22,3,1.0,1.0
8053475328,2016-04-22,4,1.0,1.0
8053475328,2016-04-22,5,1.0,1.0
8053475328,2016-04-22,6,1.0,1.0
8053475328,2016-04-22,7,1.0,1.0
8053475328,2016-04-22,8,1.0,1.0
8053475328,2016-04-22,9,1.0,1.0
8053475328,2016-04-22,10,1.0,1.0
8053475328,2016-04-22,11,1.16,3.4
8053475328,2016-04-22,12,1.09,3.4
8053475328,2016-04-22,13,5.06,9.9
8053475328,2016-04-22,14,1.11,2.6
8053475328,2016-04-22,15,1.22,3.6
8053475328,2016-04-22,16,1.33,4.4
8053475328,2016-04-22,17,1.27,4.0
8053475328,2016-04-22,18,1.21,3.8
8053475328,2016-04-22,19,1.68,4.0
8053475328,2016-04-22,20,5.32,10.1
8053475328,2016-04-22,21,1.01,1.1
8053475328,2016-04-22,22,2.16,3.8
8053475328,2016-04-22,23,1.36,4.2
8053475328,2016-04-23,0,1.16,3.2
8053475328,2016-04-23,1,1.01,1.1
8053475328,2016-04-23,2,1.01,1.1
8053475328,2016-04-23,3,1.32,3.8
8053475328,2016-04-23,4,1.0,1.0
8053475328,2016-04-23,5,1.0,1.0
8053475328,2016-04-23,6,1.0,1.0
8053475328,2016-04-23,7,1.0,1.0
8053475328,2016-04-23,8,1.0,1.0
8053475328,2016-04-23,9,1.0,1.1
8053475328,2016-04-23,10,1.0,1.0
8053475328,2016-04-23,11,1.0,1.0
8053475328,2016-04-23,12,1.26,3.8
8053475328,2016-04-23,13,5.03,10.1
8053475328,2016-04-23,14,5.68,10.1
8053475328,2016-04-23,15,1.3,4.0
8053475328,2016-04-23,16,1.61,4.4
8053475328,2016-04-23,17,2.7,4.4
8053475328,2016-04-23,18,2.35,5.6
8053475328,2016-04-23,19,5.63,9.9
8053475328,2016-04-23,20,1.7,5.0
8053475328,2016-04-23,21,2.38,4.2
8053475328,2016-04-23,22,5.18,9.9
8053475328,2016-04-23,23,1.35,3.8
8053475328,2016-04-24,0,1.06,2.4
8053475328,2016-04-24,1,1.23,3.2
8053475328,2016-04-24,2,1.18,3.6
8053475328,2016-04-24,3,1.0,1.0
8053475328,2016-04-24,4,1.0,1.0
8053475328,2016-04-24,5,1.0,1.0
8053475328,2016-04-24,6,1.0,1.0
8053475328,2016-04-24,7,1.0,1.0
8053475328,2016-04-24,8,1.0,1.0
8053475328,2016-04-24,9,1.0,1.0
8053475328,2016-04-24,10,1.0,1.0
8053475328,2016-04-24,11,1.0,1.0
8053475328,2016-04-24,12,1.0,1.0
8053475328,2016-04-24,13,1.82,3.8
8053475328,2016-04-24,14,6.69,10.3
8053475328,2016-04-24,15,4.7,10.1
8053475328,2016-04-24,16,3.85,6.8
8053475328,2016-04-24,17,2.28,4.2
8053475328,2016-04-24,18,5.55,10.1
8053475328,2016-04-24,19,1.5,4.2
8053475328,2016-04-24,20,1.29,3.8
8053475328,2016-04-24,21,5.54,9.9
8053475328,2016-04-24,22,1.24,3.4
8053475328,2016-04-24,23,1.05,2.6
8053475328,2016-04-25,0,1.0,1.1
8053475328,2016-04-25,1,1.12,4.0
8053475328,2016-04-25,2,1.0,1.0
8053475328,2016-04-25,3,1.0,1.0
8053475328,2016-04-25,4,1.0,1.0
8053475328,2016-04-25,5,1.0,1.0
8053475328,2016-04-25,6,1.0,1.0
8053475328,2016-04-25,7,1.0,1.0
8053475328,2016-04-25,8,1.0,1.0
8053475328,2016-04-25,9,1.0,1.0
8053475328,2016-04-25,10,1.78,4.8
8053475328,2016-04-25,11,2.39,4.2
8053475328,2016-04-25,12,1.42,4.0
8053475328,2016-04-25,13,3.02,10.1
8053475328,2016-04-25,14,3.59,10.3
8053475328,2016-04-25,15,1.18,3.6
8053475328,2016-04-25,16,1.59,3.6
8053475328,2016-04-25,17,3.82,7.6
8053475328,2016-04-25,18,2.52,7.6
8053475328,2016-04-25,19,5.28,10.1
8053475328,2016-04-25,20,1.41,3.8
8053475328,2016-04-25,21,4.38,9.9
8053475328,2016-04-25,22,3.0,9.7
8053475328,2016-04-25,23,1.06,2.6
8053475328,2016-04-26,0,1.25,3.4
8053475328,2016-04-26,1,1.32,3.4
8053475328,2016-04-26,2,1.19,4.2
8053475328,2016-04-26,3,1.0,1.0
8053475328,2016-04-26,4,1.0,1.0
8053475328,2016-04-26,5,1.0,1.0
8053475328,2016-04-26,6,1.0,1.0
8053475328,2016-04-26,7,1.0,1.0
8053475328,2016-04-26,8,1.0,1.0
8053475328,2016-04-26,9,1.0,1.0
8053475328,2016-04-26,10,1.46,4.2
8053475328,2016-04-26,11,1.35,3.4
8053475328,2016-04-26,12,2.21,7.0
8053475328,2016-04-26,13,4.94,8.0
8053475328,2016-04-26,14,1.3,3.8
8053475328,2016-04-26,15,1.49,4.2
8053475328,2016-04-26,16,1.25,3.4
8053475328,2016-04-26,17,1.48,4.2
8053475328,2016-04-26,18,5.12,10.3
8053475328,2016-04-26,19,1.47,8.0
8053475328,2016-04-26,20,1.06,2.6
8053475328,2016-04-26,21,1.87,3.8
8053475328,2016-04-26,22,1.77,3.8
8053475328,2016-04-26,23,1.42,3.8
8053475328,2016-04-27,0,1.0,1.0
8053475328,2016-04-27,1,1.15,3.2
8053475328,2016-04-27,2,1.31,4.8
8053475328,2016-04-27,3,1.0,1.0
8053475328,2016-04-27,4,1.0,1.0
8053475328,2016-04-27,5,1.0,1.0
8053475328,2016-04-27,6,1.0,1.0
8053475328,2016-04-27,7,1.0,1.0
8053475328,2016-04-27,8,1.0,1.0
8053475328,2016-04-27,9,1.0,1.0
8053475328,2016-04-27,10,1.07,3.2
8053475328,2016-04-27,11,1.56,4.2
8053475328,2016-04-27,12,1.84,3.6
8053475328,2016-04-27,13,3.85,10.3
8053475328,2016-04-27,14,2.74,10.1
8053475328,2016-04-27,15,1.0,1.1
8053475328,2016-04-27,16,1.17,3.6
8053475328,2016-04-27,17,1.77,3.8
8053475328,2016-04-27,18,1.62,3.2
8053475328,2016-04-27,19,5.22,9.9
8053475328,2016-04-27,20,1.03,1.1
8053475328,2016-04-27,21,2.37,5.2
8053475328,2016-04-27,22,1.62,4.4
8053475328,2016-04-27,23,1.72,4.0
8053475328,2016-04-28,0,1.0,1.1
8053475328,2016-04-28,1,1.0,1.0
8053475328,2016-04-28,2,1.0,1.0
8053475328,2016-04-28,3,1.0,1.0
8053475328,2016-04-28,4,1.0,1.0
8053475328,2016-04-28,5,1.0,1.0
8053475328,2016-04-28,6,1.0,1.0
8053475328,2016-04-28,7,1.0,1.0
8053475328,2016-04-28,8,1.0,1.0
8053475328,2016-04-28,9,1.0,1.0
8053475328,2016-04-28,10,1.0,1.1
8053475328,2016-04-28,11,1.48,3.4
8053475328,2016-04-28,12,2.1,4.2
8053475328,2016-04-28,13,2.55,10.1
8053475328,2016-04-28,14,4.12,10.5
8053475328,2016-04-28,15,1.22,3.8
8053475328,2016-04-28,16,1.45,3.8
8053475328,2016-04-28,17,1.27,3.6
8053475328,2016-04-28,18,1.65,3.4
8053475328,2016-04-28,19,5.36,10.5
8053475328,2016-04-28,20,1.07,2.6
8053475328,2016-04-28,21,2.13,3.8
8053475328,2016-04-28,22,5.16,9.9
8053475328,2016-04-28,23,1.34,4.0
8053475328,2016-04-29,0,1.12,3.6
8053475328,2016-04-29,1,1.01,1.1
8053475328,2016-04-29,2,1.38,3.8
8053475328,2016-04-29,3,1.0,1.0
8053475328,2016-04-29,4,1.0,1.0
8053475328,2016-04-29,5,1.0,1.0
8053475328,2016-04-29,6,1.0,1.0
8053475328,2016-04-29,7,1.0,1.0
8053475328,2016-04-29,8,1.0,1.0
8053475328,2016-04-29,9,1.0,1.0
8053475328,2016-04-29,10,1.0,1.0
8053475328,2016-04-29,11,1.26,4.8
8053475328,2016-04-29,12,1.71,6.0
8053475328,2016-04-29,13,1.35,4.4
8053475328,2016-04-29,14,5.42,10.3
8053475328,2016-04-29,15,1.25,4.0
8053475328,2016-04-29,16,1.31,4.2
8053475328,2016-04-29,17,1.9,5.2
8053475328,2016-04-29,18,3.55,9.9
8053475328,2016-04-29,19,3.11,10.3
8053475328,2016-04-29,20,1.32,3.6
8053475328,2016-04-29,21,1.92,4.0
8053475328,2016-04-29,22,1.41,4.0
8053475328,2016-04-29,23,1.23,3.2
8053475328,2016-04-30,0,1.14,2.8
8053475328,2016-04-30,1,1.45,4.2
8053475328,2016-04-30,2,1.05,2.4
8053475328,2016-04-30,3,1.02,1.1
8053475328,2016-04-30,4,1.39,3.8
8053475328,2016-04-30,5,1.0,1.0
8053475328,2016-04-30,6,1.0,1.0
8053475328,2016-04-30,7,1.0,1.0
8053475328,2016-04-30,8,1.0,1.0
8053475328,2016-04-30,9,1.0,1.0
8053475328,2016-04-30,10,1.0,1.0
8053475328,2016-04-30,11,1.0,1.0
8053475328,2016-04-30,12,1.42,4.0
8053475328,2016-04-30,13,1.04,1.1
8053475328,2016-04-30,14,1.05,2.6
8053475328,2016-04-30,15,5.04,13.5
8053475328,2016-04-30,16,2.3,6.6
8053475328,2016-04-30,17,2.13,5.2
8053475328,2016-04-30,18,1.08,2.8
8053475328,2016-04-30,19,1.28,4.0
8053475328,2016-04-30,20,1.13,3.8
8053475328,2016-04-30,21,1.1,2.6
8053475328,2016-04-30,22,1.28,3.4
8053475328,2016-04-30,23,1.09,2.8
8053475328,2016-05-01,0,1.0,1.0
8053475328,2016-05-01,1,1.0,1.0
8053475328,2016-05-01,2,1.0,1.0
8053475328,2016-05-01,3,1.0,1.0
8053475328,2016-05-01,4,1.0,1.0
8053475328,2016-05-01,5,1.0,1.0
8053475328,2016-05-01,6,1.0,1.0
8053475328,2016-05-01,7,1.3,4.0
8053475328,2016-05-01,8,1.0,1.0
8053475328,2016-05-01,9,1.0,1.0
8053475328,2016-05-01,10,1.0,1.0
8053475328,2016-05-01,11,1.0,1.0
8053475328,2016-05-01,12,1.0,1.0
8053475328,2016-05-01,13,1.31,3.6
8053475328,2016-05-01,14,1.71,3.8
8053475328,2016-05-01,15,1.49,4.2
8053475328,2016-05-01,16,1.0,1.0
8053475328,2016-05-01,17,1.0,1.0
8053475328,2016-05-01,18,1.0,1.0
8053475328,2016-05-01,19,1.0,1.0
8053475328,2016-05-01,20,1.0,1.0
8053475328,2016-05-01,21,1.0,1.0
8053475328,2016-05-01,22,1.0,1.1
8053475328,2016-05-01,23,1.0,1.0
8053475328,2016-05-02,0,1.0,1.0
8053475328,2016-05-02,1,1.0,1.0
8053475328,2016-05-02,2,1.0,1.0
8053475328,2016-05-02,3,1.0,1.0
8053475328,2016-05-02,4,1.0,1.0
8053475328,2016-05-02,5,1.0,1.0
8053475328,2016-05-02,6,1.13,4.2
8053475328,2016-05-02,7,1.0,1.0
8053475328,2016-05-02,8,1.0,1.0
8053475328,2016-05-02,9,1.0,1.0
8053475328,2016-05-02,10,1.0,1.0
8053475328,2016-05-02,11,1.0,1.0
8053475328,2016-05-02,12,1.0,1.0
8053475328,2016-05-02,13,1.0,1.0
8053475328,2016-05-02,14,1.0,1.0
8053475328,2016-05-02,15,1.0,1.0
8053475328,2016-05-02,16,1.0,1.0
8053475328,2016-05-02,17,1.14,3.2
8053475328,2016-05-02,18,2.12,4.0
8053475328,2016-05-02,19,2.02,4.0
8053475328,2016-05-02,20,1.18,2.8
8053475328,2016-05-02,21,1.12,3.2
8053475328,2016-05-02,22,1.32,4.0
8053475328,2016-05-02,23,1.25,3.4
8053475328,2016-05-03,0,1.43,5.4
8053475328,2016-05-03,1,1.21,3.4
8053475328,2016-05-03,2,1.0,1.0
8053475328,2016-05-03,3,1.0,1.0
8053475328,2016-05-03,4,1.0,1.0
8053475328,2016-05-03,5,1.0,1.0
8053475328,2016-05-03,6,1.0,1.0
8053475328,2016-05-03,7,1.0,1.0
8053475328,2016-05-03,8,1.0,1.0
8053475328,2016-05-03,9,1.0,1.1
8053475328,2016-05-03,10,1.0,1.0
8053475328,2016-05-03,11,1.0,1.0
8053475328,2016-05-03,12,1.54,4.0
8053475328,2016-05-03,13,1.31,3.4
8053475328,2016-05-03,14,5.68,10.1
8053475328,2016-05-03,15,1.55,4.2
8053475328,2016-05-03,16,1.65,5.6
8053475328,2016-05-03,17,4.9,8.0
8053475328,2016-05-03,18,1.76,3.8
8053475328,2016-05-03,19,4.68,10.1
8053475328,2016-05-03,20,1.61,8.0
8053475328,2016-05-03,21,1.76,3.4
8053475328,2016-05-03,22,1.38,4.4
8053475328,2016-05-03,23,1.03,1.1
8053475328,2016-05-04,0,1.22,2.8
8053475328,2016-05-04,1,1.03,1.1
8053475328,2016-05-04,2,1.3,4.0
8053475328,2016-05-04,3,1.0,1.0
8053475328,2016-05-04,4,1.0,1.0
8053475328,2016-05-04,5,1.0,1.0
8053475328,2016-05-04,6,1.0,1.0
8053475328,2016-05-04,7,1.0,1.0
8053475328,2016-05-04,8,1.0,1.0
8053475328,2016-05-04,9,1.0,1.0
8053475328,2016-05-04,10,1.0,1.1
8053475328,2016-05-04,11,1.0,1.0
8053475328,2016-05-04,12,1.67,4.0
8053475328,2016-05-04,13,1.28,3.4
8053475328,2016-05-04,14,5.08,10.1
8053475328,2016-05-04,15,1.3,3.8
8053475328,2016-05-04,16,1.42,5.4
8053475328,2016-05-04,17,1.13,2.6
8053475328,2016-05-04,18,1.29,3.4
8053475328,2016-05-04,19,4.88,9.6
8053475328,2016-05-04,20,1.04,3.4
8053475328,2016-05-04,21,4.1,9.9
8053475328,2016-05-04,22,3.15,9.9
8053475328,2016-05-04,23,1.14,3.2
8053475328,2016-05-05,0,1.08,2.8
8053475328,2016-05-05,1,1.04,1.1
8053475328,2016-05-05,2,1.09,3.4
8053475328,2016-05-05,3,1.0,1.0
8053475328,2016-05-05,4,1.0,1.0
8053475328,2016-05-05,5,1.0,1.0
8053475328,2016-05-05,6,1.0,1.0
8053475328,2016-05-05,7,1.0,1.0
8053475328,2016-05-05,8,1.0,1.0
8053475328,2016-05-05,9,1.0,1.0
8053475328,2016-05-05,10,1.0,1.0
8053475328,2016-05-05,11,1.25,3.8
8053475328,2016-05-05,12,1.81,4.2
8053475328,2016-05-05,13,1.28,4.2
8053475328,2016-05-05,14,4.77,9.9
8053475328,2016-05-05,15,1.25,4.4
8053475328,2016-05-05,16,1.11,3.8
8053475328,2016-05-05,17,1.48,3.8
8053475328,2016-05-05,18,1.97,3.6
8053475328,2016-05-05,19,5.26,7.8
8053475328,2016-05-05,20,1.06,2.6
8053475328,2016-05-05,21,5.56,10.1
8053475328,2016-05-05,22,1.47,8.2
8053475328,2016-05-05,23,1.02,1.1
8053475328,2016-05-06,0,1.13,3.2
8053475328,2016-05-06,1,1.14,3.4
8053475328,2016-05-06,2,1.09,4.0
8053475328,2016-05-06,3,1.0,1.0
8053475328,2016-05-06,4,1.0,1.0
8053475328,2016-05-06,5,1.0,1.0
8053475328,2016-05-06,6,1.0,1.0
8053475328,2016-05-06,7,1.0,1.0
8053475328,2016-05-06,8,1.0,1.0
8053475328,2016-05-06,9,1.0,1.0
8053475328,2016-05-06,10,1.0,1.0
8053475328,2016-05-06,11,1.0,1.0
8053475328,2016-05-06,12,1.0,1.0
8053475328,2016-05-06,13,1.41,3.8
8053475328,2016-05-06,14,5.48,10.5
8053475328,2016-05-06,15,1.0,1.0
8053475328,2016-05-06,16,1.0,1.0
8053475328,2016-05-06,17,1.18,3.0
8053475328,2016-05-06,18,1.43,3.4
8053475328,2016-05-06,19,5.2,10.3
8053475328,2016-05-06,20,1.0,1.0
8053475328,2016-05-06,21,2.9,7.8
8053475328,2016-05-06,22,4.18,7.6
8053475328,2016-05-06,23,1.12,3.0
8053475328,2016-05-07,0,1.18,3.2
8053475328,2016-05-07,1,1.0,1.0
8053475328,2016-05-07,2,1.0,1.1
8053475328,2016-05-07,3,1.0,1.0
8053475328,2016-05-07,4,1.08,3.6
8053475328,2016-05-07,5,1.0,1.0
8053475328,2016-05-07,6,1.0,1.0
8053475328,2016-05-07,7,1.0,1.0
8053475328,2016-05-07,8,1.0,1.0
8053475328,2016-05-07,9,1.0,1.0
8053475328,2016-05-07,10,1.0,1.0
8053475328,2016-05-07,11,1.0,1.0
8053475328,2016-05-07,12,1.0,1.0
8053475328,2016-05-07,13,1.32,3.4
8053475328,2016-05-07,14,4.3,10.3
8053475328,2016-05-07,15,2.1,9.4
8053475328,2016-05-07,16,5.82,10.5
8053475328,2016-05-07,17,3.71,10.3
8053475328,2016-05-07,18,2.12,4.8
8053475328,2016-05-07,19,5.52,10.5
8053475328,2016-05-07,20,1.0,1.1
8053475328,2016-05-07,21,2.24,4.8
8053475328,2016-05-07,22,3.1,7.8
8053475328,2016-05-07,23,1.25,3.4
8053475328,2016-05-08,0,1.38,3.6
8053475328,2016-05-08,1,1.04,2.6
8053475328,2016-05-08,2,1.13,3.8
8053475328,2016-05-08,3,1.09,2.8
8053475328,2016-05-08,4,1.22,3.6
8053475328,2016-05-08,5,1.0,1.0
8053475328,2016-05-08,6,1.0,1.0
8053475328,2016-05-08,7,1.0,1.0
8053475328,2016-05-08,8,1.0,1.0
8053475328,2016-05-08,9,1.0,1.0
8053475328,2016-05-08,10,1.0,1.0
8053475328,2016-05-08,11,1.0,1.0
8053475328,2016-05-08,12,1.28,3.8
8053475328,2016-05-08,13,1.07,2.4
8053475328,2016-05-08,14,5.36,10.3
8053475328,2016-05-08,15,1.86,4.2
8053475328,2016-05-08,16,2.29,5.0
8053475328,2016-05-08,17,2.73,5.4
8053475328,2016-05-08,18,2.4,3.8
8053475328,2016-05-08,19,5.67,10.3
8053475328,2016-05-08,20,1.32,3.4
8053475328,2016-05-08,21,8.9,10.1
8053475328,2016-05-08,22,2.36,9.5
8053475328,2016-05-08,23,1.18,3.2
8053475328,2016-05-09,0,1.02,1.1
8053475328,2016-05-09,1,1.1,3.0
8053475328,2016-05-09,2,1.0,1.0
8053475328,2016-05-09,3,1.05,3.4
8053475328,2016-05-09,4,1.0,1.0
8053475328,2016-05-09,5,1.0,1.0
8053475328,2016-05-09,6,1.0,1.0
8053475328,2016-05-09,7,1.0,1.0
8053475328,2016-05-09,8,1.0,1.0
8053475328,2016-05-09,9,1.0,1.0
8053475328,2016-05-09,10,1.0,1.0
8053475328,2016-05-09,11,1.01,1.1
8053475328,2016-05-09,12,1.76,4.2
8053475328,2016-05-09,13,2.88,5.0
8053475328,2016-05-09,14,5.7,7.8
8053475328,2016-05-09,15,1.19,3.4
8053475328,2016-05-09,16,1.2,4.8
8053475328,2016-05-09,17,1.48,3.6
8053475328,2016-05-09,18,5.16,10.3
8053475328,2016-05-09,19,1.1,2.6
8053475328,2016-05-09,20,1.06,2.6
8053475328,2016-05-09,21,2.07,5.0
8053475328,2016-05-09,22,1.05,3.0
8053475328,2016-05-09,23,1.14,2.8
8053475328,2016-05-10,0,1.08,2.8
8053475328,2016-05-10,1,1.03,1.1
8053475328,2016-05-10,2,1.2,3.6
8053475328,2016-05-10,3,1.0,1.0
8053475328,2016-05-10,4,1.0,1.0
8053475328,2016-05-10,5,1.0,1.0
8053475328,2016-05-10,6,1.0,1.0
8053475328,2016-05-10,7,1.0,1.0
8053475328,2016-05-10,8,1.0,1.0
8053475328,2016-05-10,9,1.0,1.0
8053475328,2016-05-10,10,1.0,1.0
8053475328,2016-05-10,11,1.14,3.6
8053475328,2016-05-10,12,1.16,3.0
8053475328,2016-05-10,13,4.65,11.9
8053475328,2016-05-10,14,1.78,9.4
8053475328,2016-05-10,15,1.39,3.6
8053475328,2016-05-10,16,1.44,5.6
8053475328,2016-05-10,17,5.23,7.6
8053475328,2016-05-10,18,2.94,8.3
8053475328,2016-05-10,19,3.82,10.3
8053475328,2016-05-10,20,1.05,2.4
8053475328,2016-05-10,21,1.75,4.0
8053475328,2016-05-10,22,1.21,3.8
8053475328,2016-05-10,23,1.29,3.4
8053475328,2016-05-11,0,1.12,3.4
8053475328,2016-05-11,1,1.05,2.4
8053475328,2016-05-11,2,1.09,2.6
8053475328,2016-05-11,3,1.05,2.6
8053475328,2016-05-11,4,1.15,3.6
8053475328,2016-05-11,5,1.0,1.0
8053475328,2016-05-11,6,1.0,1.0
8053475328,2016-05-11,7,1.0,1.0
8053475328,2016-05-11,8,1.0,1.0
8053475328,2016-05-11,9,1.0,1.0
8053475328,2016-05-11,10,1.0,1.0
8053475328,2016-05-11,11,1.09,2.8
8053475328,2016-05-11,12,2.0,4.0
8053475328,2016-05-11,13,1.56,3.8
8053475328,2016-05-11,14,3.95,10.5
8053475328,2016-05-11,15,2.78,10.1
8053475328,2016-05-11,16,2.15,4.4
8053475328,2016-05-11,17,1.98,4.2
8053475328,2016-05-11,18,4.89,9.7
8053475328,2016-05-11,19,1.05,2.6
8053475328,2016-05-11,20,1.02,1.1
8053475328,2016-05-11,21,2.25,4.0
8053475328,2016-05-11,22,1.13,3.0
8053475328,2016-05-11,23,1.25,3.6
8053475328,2016-05-12,0,1.1,3.0
8053475328,2016-05-12,1,1.0,1.0
8053475328,2016-05-12,2,1.11,5.0
8053475328,2016-05-12,3,1.0,1.0
8053475328,2016-05-12,4,1.0,1.0
8053475328,2016-05-12,5,1.0,1.0
8053475328,2016-05-12,6,1.0,1.0
8053475328,2016-05-12,7,1.0,1.0
8053475328,2016-05-12,8,1.0,1.0
8053475328,2016-05-12,9,1.0,1.0
8053475328,2016-05-12,10,1.0,1.0
8053475328,2016-05-12,11,1.0,1.0
8053475328,2016-05-12,12,1.8,4.0
8053475328,2016-05-12,13,1.06,1.1
8053475328,2016-05-12,14,5.32,10.3
8253242879,2016-04-12,0,1.0,1.0
8253242879,2016-04-12,1,1.0,1.0
8253242879,2016-04-12,2,1.0,1.0
8253242879,2016-04-12,3,1.0,1.0
8253242879,2016-04-12,4,1.0,1.0
8253242879,2016-04-12,5,1.0,1.0
8253242879,2016-04-12,6,1.0,1.0
8253242879,2016-04-12,7,1.0,1.0
8253242879,2016-04-12,8,1.0,1.0
8253242879,2016-04-12,9,1.0,1.0
8253242879,2016-04-12,10,5.38,9.9
8253242879,2016-04-12,11,2.64,9.7
8253242879,2016-04-12,12,1.77,4.4
8253242879,2016-04-12,13,1.2,3.4
8253242879,2016-04-12,14,1.55,4.8
8253242879,2016-04-12,15,1.15,2.6
8253242879,2016-04-12,16,1.75,4.8
8253242879,2016-04-12,17,1.48,4.6
8253242879,2016-04-12,18,1.25,3.6
8253242879,2016-04-12,19,1.29,4.4
8253242879,2016-04-12,20,1.13,4.4
8253242879,2016-04-12,21,1.15,3.8
8253242879,2016-04-12,22,1.38,4.6
8253242879,2016-04-12,23,1.26,4.0
8253242879,2016-04-13,0,1.0,1.0
8253242879,2016-04-13,1,1.0,1.0
8253242879,2016-04-13,2,1.0,1.0
8253242879,2016-04-13,3,1.0,1.0
8253242879,2016-04-13,4,1.0,1.0
8253242879,2016-04-13,5,1.0,1.0
8253242879,2016-04-13,6,1.0,1.0
8253242879,2016-04-13,7,1.0,1.0
8253242879,2016-04-13,8,1.0,1.0
8253242879,2016-04-13,9,1.0,1.0
8253242879,2016-04-13,10,1.0,1.0
8253242879,2016-04-13,11,1.11,3.8
8253242879,2016-04-13,12,6.72,11.1
8253242879,2016-04-13,13,1.57,4.8
8253242879,2016-04-13,14,1.3,3.6
8253242879,2016-04-13,15,1.39,4.8
8253242879,2016-04-13,16,1.07,2.6
8253242879,2016-04-13,17,1.3,4.2
8253242879,2016-04-13,18,1.02,2.4
8253242879,2016-04-13,19,1.06,3.2
8253242879,2016-04-13,20,1.18,3.0
8253242879,2016-04-13,21,1.25,4.6
8253242879,2016-04-13,22,1.29,4.4
8253242879,2016-04-13,23,1.26,3.0
8253242879,2016-04-14,0,1.0,1.0
8253242879,2016-04-14,1,1.0,1.0
8253242879,2016-04-14,2,1.0,1.0
8253242879,2016-04-14,3,1.0,1.0
8253242879,2016-04-14,4,1.0,1.0
8253242879,2016-04-14,5,1.0,1.0
8253242879,2016-04-14,6,1.0,1.0
8253242879,2016-04-14,7,1.0,1.0
8253242879,2016-04-14,8,1.0,1.0
8253242879,2016-04-14,9,1.0,1.0
8253242879,2016-04-14,10,3.7,8.2
8253242879,2016-04-14,11,2.68,7.4
8253242879,2016-04-14,12,1.23,3.8
8253242879,2016-04-14,13,1.06,3.4
8253242879,2016-04-14,14,1.0,1.0
8253242879,2016-04-14,15,1.0,1.0
8253242879,2016-04-14,16,1.0,1.0
8253242879,2016-04-14,17,1.0,1.0
8253242879,2016-04-14,18,1.0,1.0
8253242879,2016-04-14,19,1.0,1.0
8253242879,2016-04-14,20,1.0,1.0
8253242879,2016-04-14,21,1.0,1.0
8253242879,2016-04-14,22,1.0,1.0
8253242879,2016-04-14,23,1.0,1.0
8253242879,2016-04-15,0,1.0,1.0
8253242879,2016-04-15,1,1.0,1.0
8253242879,2016-04-15,2,1.0,1.0
8253242879,2016-04-15,3,1.0,1.0
8253242879,2016-04-15,4,1.0,1.0
8253242879,2016-04-15,5,1.0,1.0
8253242879,2016-04-15,6,1.0,1.0
8253242879,2016-04-15,7,1.0,1.0
8253242879,2016-04-15,8,1.0,1.0
8253242879,2016-04-15,9,1.0,1.0
8253242879,2016-04-15,10,1.0,1.0
8253242879,2016-04-15,11,1.0,1.0
8253242879,2016-04-15,12,1.26,4.0
8253242879,2016-04-15,13,1.65,4.4
8253242879,2016-04-15,14,1.14,3.2
8253242879,2016-04-15,15,1.07,2.4
8253242879,2016-04-15,16,1.26,4.0
8253242879,2016-04-15,17,1.83,6.8
8253242879,2016-04-15,18,1.31,3.6
8253242879,2016-04-15,19,1.08,3.4
8253242879,2016-04-15,20,1.23,3.6
8253242879,2016-04-15,21,1.11,3.0
8253242879,2016-04-15,22,1.18,4.2
8253242879,2016-04-15,23,1.31,3.6
8253242879,2016-04-16,0,1.02,2.4
8253242879,2016-04-16,1,1.0,1.0
8253242879,2016-04-16,2,1.0,1.0
8253242879,2016-04-16,3,1.0,1.0
8253242879,2016-04-16,4,1.0,1.0
8253242879,2016-04-16,5,1.0,1.0
8253242879,2016-04-16,6,1.0,1.0
8253242879,2016-04-16,7,1.0,1.0
8253242879,2016-04-16,8,1.0,1.0
8253242879,2016-04-16,9,1.0,1.0
8253242879,2016-04-16,10,1.72,4.2
8253242879,2016-04-16,11,1.12,2.4
8253242879,2016-04-16,12,2.99,7.0
8253242879,2016-04-16,13,3.27,6.4
8253242879,2016-04-16,14,1.53,6.8
8253242879,2016-04-16,15,1.18,3.2
8253242879,2016-04-16,16,1.15,3.2
8253242879,2016-04-16,17,1.02,2.4
8253242879,2016-04-16,18,1.03,2.6
8253242879,2016-04-16,19,1.05,2.8
8253242879,2016-04-16,20,1.2,4.2
8253242879,2016-04-16,21,1.34,4.8
8253242879,2016-04-16,22,1.75,4.6
8253242879,2016-04-16,23,1.25,3.6
8253242879,2016-04-17,0,1.0,1.0
8253242879,2016-04-17,1,1.0,1.0
8253242879,2016-04-17,2,1.0,1.0
8253242879,2016-04-17,3,1.0,1.0
8253242879,2016-04-17,4,1.0,1.0
8253242879,2016-04-17,5,1.0,1.0
8253242879,2016-04-17,6,1.0,1.0
8253242879,2016-04-17,7,1.0,1.0
8253242879,2016-04-17,8,1.0,1.0
8253242879,2016-04-17,9,1.3,4.8
8253242879,2016-04-17,10,7.21,10.7
8253242879,2016-04-17,11,1.72,5.4
8253242879,2016-04-17,12,1.35,4.8
8253242879,2016-04-17,13,1.0,1.0
8253242879,2016-04-17,14,1.81,4.0
8253242879,2016-04-17,15,1.08,3.6
8253242879,2016-04-17,16,1.54,4.0
8253242879,2016-04-17,17,2.49,6.0
8253242879,2016-04-17,18,1.27,4.0
8253242879,2016-04-17,19,1.24,4.2
8253242879,2016-04-17,20,1.12,3.0
8253242879,2016-04-17,21,1.22,3.2
8253242879,2016-04-17,22,1.16,3.2
8253242879,2016-04-17,23,1.0,1.0
8253242879,2016-04-18,0,1.0,1.0
8253242879,2016-04-18,1,1.0,1.0
8253242879,2016-04-18,2,1.0,1.0
8253242879,2016-04-18,3,1.0,1.0
8253242879,2016-04-18,4,1.0,1.0
8253242879,2016-04-18,5,1.0,1.0
8253242879,2016-04-18,6,1.0,1.0
8253242879,2016-04-18,7,1.0,1.0
8253242879,2016-04-18,8,1.0,1.0
8253242879,2016-04-18,9,2.1,10.1
8253242879,2016-04-18,10,3.42,8.2
8253242879,2016-04-18,11,1.46,3.8
8253242879,2016-04-18,12,1.37,5.2
8253242879,2016-04-18,13,1.0,1.0
8253242879,2016-04-18,14,1.52,4.4
8253242879,2016-04-18,15,1.66,4.4
8253242879,2016-04-18,16,1.55,4.4
8253242879,2016-04-18,17,1.0,1.0
8253242879,2016-04-18,18,1.2,3.8
8253242879,2016-04-18,19,1.16,3.0
8253242879,2016-04-18,20,1.1,3.4
8253242879,2016-04-18,21,1.02,2.4
8253242879,2016-04-18,22,1.06,3.0
8253242879,2016-04-18,23,1.13,3.6
8253242879,2016-04-19,0,1.0,1.0
8253242879,2016-04-19,1,1.0,1.0
8253242879,2016-04-19,2,1.0,1.0
8253242879,2016-04-19,3,1.0,1.0
8253242879,2016-04-19,4,1.0,1.0
8253242879,2016-04-19,5,1.0,1.0
8253242879,2016-04-19,6,1.0,1.0
8253242879,2016-04-19,7,1.0,1.0
8253242879,2016-04-19,8,1.0,1.0
8253242879,2016-04-19,9,1.33,4.2
8253242879,2016-04-19,10,1.52,3.8
8253242879,2016-04-19,11,1.02,2.4
8253242879,2016-04-19,12,1.3,4.2
8253242879,2016-04-19,13,1.69,4.8
8253242879,2016-04-19,14,2.07,6.2
8253242879,2016-04-19,15,1.19,4.0
8253242879,2016-04-19,16,1.54,4.6
8253242879,2016-04-19,17,1.51,4.4
8253242879,2016-04-19,18,1.13,3.0
8253242879,2016-04-19,19,1.27,4.0
8253242879,2016-04-19,20,1.08,2.6
8253242879,2016-04-19,21,1.37,4.6
8253242879,2016-04-19,22,1.19,4.0
8253242879,2016-04-19,23,1.45,4.6
8253242879,2016-04-20,0,1.0,1.0
8253242879,2016-04-20,1,1.0,1.0
8253242879,2016-04-20,2,1.0,1.0
8253242879,2016-04-20,3,1.0,1.0
8253242879,2016-04-20,4,1.0,1.0
8253242879,2016-04-20,5,1.0,1.0
8253242879,2016-04-20,6,1.0,1.0
8253242879,2016-04-20,7,1.67,4.2
8253242879,2016-04-20,8,1.57,2.8
8253242879,2016-04-20,9,1.07,3.6
8253242879,2016-04-20,10,1.79,4.8
8253242879,2016-04-20,11,1.73,5.0
8253242879,2016-04-20,12,1.96,6.2
8253242879,2016-04-20,13,2.21,7.4
8253242879,2016-04-20,14,1.37,3.2
8253242879,2016-04-20,15,1.02,2.4
8253242879,2016-04-20,16,1.3,3.8
8253242879,2016-04-20,17,1.87,5.6
8253242879,2016-04-20,18,1.68,6.6
8253242879,2016-04-20,19,1.4,3.6
8253242879,2016-04-20,20,1.02,2.4
8253242879,2016-04-20,21,1.11,2.8
8253242879,2016-04-20,22,1.57,5.2
8253242879,2016-04-20,23,1.12,3.2
8253242879,2016-04-21,0,1.0,1.0
8253242879,2016-04-21,1,1.0,1.0
8253242879,2016-04-21,2,1.0,1.0
8253242879,2016-04-21,3,1.0,1.0
8253242879,2016-04-21,4,1.0,1.0
8253242879,2016-04-21,5,1.0,1.0
8253242879,2016-04-21,6,1.0,1.0
8253242879,2016-04-21,7,1.0,1.0
8253242879,2016-04-21,8,1.86,5.8
8253242879,2016-04-21,9,1.15,5.0
8253242879,2016-04-21,10,1.0,1.0
8253242879,2016-04-21,11,7.77,11.7
8253242879,2016-04-21,12,1.97,7.4
8253242879,2016-04-21,13,1.08,4.2
8253242879,2016-04-21,14,1.86,4.2
8253242879,2016-04-21,15,1.35,3.0
8253242879,2016-04-21,16,1.68,6.4
8253242879,2016-04-21,17,1.36,3.4
8253242879,2016-04-21,18,1.23,3.8
8253242879,2016-04-21,19,1.22,4.2
8253242879,2016-04-21,20,1.53,4.8
8253242879,2016-04-21,21,1.36,3.2
8253242879,2016-04-21,22,1.65,3.8
8253242879,2016-04-21,23,1.22,4.0
8253242879,2016-04-22,0,1.0,1.0
8253242879,2016-04-22,1,1.0,1.0
8253242879,2016-04-22,2,1.0,1.0
8253242879,2016-04-22,3,1.0,1.0
8253242879,2016-04-22,4,1.0,1.0
8253242879,2016-04-22,5,1.0,1.0
8253242879,2016-04-22,6,1.0,1.0
8253242879,2016-04-22,7,1.0,1.0
8253242879,2016-04-22,8,1.0,1.0
8253242879,2016-04-22,9,1.0,1.0
8253242879,2016-04-22,10,1.0,1.0
8253242879,2016-04-22,11,1.0,1.0
8253242879,2016-04-22,12,1.0,1.0
8253242879,2016-04-22,13,1.65,3.8
8253242879,2016-04-22,14,1.5,3.4
8253242879,2016-04-22,15,1.17,3.0
8253242879,2016-04-22,16,1.15,3.0
8253242879,2016-04-22,17,1.85,4.4
8253242879,2016-04-22,18,1.21,3.4
8253242879,2016-04-22,19,1.17,3.0
8253242879,2016-04-22,20,1.33,4.6
8253242879,2016-04-22,21,1.23,4.2
8253242879,2016-04-22,22,1.26,4.0
8253242879,2016-04-22,23,1.23,3.6
8253242879,2016-04-23,0,1.0,1.0
8253242879,2016-04-23,1,1.0,1.0
8253242879,2016-04-23,2,1.0,1.0
8253242879,2016-04-23,3,1.0,1.0
8253242879,2016-04-23,4,1.0,1.0
8253242879,2016-04-23,5,1.0,1.0
8253242879,2016-04-23,6,1.0,1.0
8253242879,2016-04-23,7,1.0,1.0
8253242879,2016-04-23,8,1.0,1.0
8253242879,2016-04-23,9,1.62,7.6
8253242879,2016-04-23,10,1.21,4.0
8253242879,2016-04-23,11,5.19,10.5
8253242879,2016-04-23,12,2.55,7.8
8253242879,2016-04-23,13,1.38,4.0
8253242879,2016-04-23,14,1.56,5.8
8253242879,2016-04-23,15,1.32,3.2
8253242879,2016-04-23,16,2.06,7.2
8253242879,2016-04-23,17,1.57,4.6
8253242879,2016-04-23,18,1.76,7.0
8253242879,2016-04-23,19,1.65,6.0
8253242879,2016-04-23,20,1.17,3.6
8253242879,2016-04-23,21,1.0,1.0
8253242879,2016-04-23,22,1.48,5.0
8253242879,2016-04-23,23,1.32,4.6
8253242879,2016-04-24,0,1.0,1.0
8253242879,2016-04-24,1,1.0,1.0
8253242879,2016-04-24,2,1.0,1.0
8253242879,2016-04-24,3,1.0,1.0
8253242879,2016-04-24,4,1.0,1.0
8253242879,2016-04-24,5,1.0,1.0
8253242879,2016-04-24,6,1.0,1.0
8253242879,2016-04-24,7,1.0,1.0
8253242879,2016-04-24,8,1.0,1.0
8253242879,2016-04-24,9,1.28,4.2
8253242879,2016-04-24,10,1.25,4.0
8253242879,2016-04-24,11,5.96,10.7
8253242879,2016-04-24,12,2.51,11.1
8253242879,2016-04-24,13,1.7,6.6
8253242879,2016-04-24,14,1.17,4.6
8253242879,2016-04-24,15,1.12,3.8
8253242879,2016-04-24,16,1.0,1.0
8253242879,2016-04-24,17,1.17,3.8
8253242879,2016-04-24,18,1.49,5.2
8253242879,2016-04-24,19,1.25,4.4
8253242879,2016-04-24,20,1.02,2.4
8253242879,2016-04-24,21,1.11,4.4
8253242879,2016-04-24,22,1.02,2.4
8253242879,2016-04-24,23,1.17,3.2
8253242879,2016-04-25,0,1.03,2.6
8253242879,2016-04-25,1,1.0,1.0
8253242879,2016-04-25,2,1.0,1.0
8253242879,2016-04-25,3,1.0,1.0
8253242879,2016-04-25,4,1.03,2.6
8253242879,2016-04-25,5,1.0,1.0
8253242879,2016-04-25,6,1.0,1.0
8253242879,2016-04-25,7,1.02,2.4
8253242879,2016-04-25,8,1.89,4.6
8253242879,2016-04-25,9,1.55,6.2
8253242879,2016-04-25,10,1.0,1.0
8253242879,2016-04-25,11,1.05,2.6
8253242879,2016-04-25,12,1.13,3.0
8253242879,2016-04-25,13,1.75,4.8
8253242879,2016-04-25,14,2.06,3.8
8253242879,2016-04-25,15,3.43,6.4
8253242879,2016-04-25,16,3.09,5.8
8253242879,2016-04-25,17,1.05,2.6
8253242879,2016-04-25,18,1.0,1.0
8253242879,2016-04-25,19,1.0,1.0
8253242879,2016-04-25,20,1.0,1.0
8253242879,2016-04-25,21,1.0,1.0
8253242879,2016-04-25,22,1.0,1.0
8253242879,2016-04-25,23,1.0,1.0
8253242879,2016-04-26,0,1.0,1.0
8253242879,2016-04-26,1,1.0,1.0
8253242879,2016-04-26,2,1.0,1.0
8253242879,2016-04-26,3,1.0,1.0
8253242879,2016-04-26,4,1.0,1.0
8253242879,2016-04-26,5,1.0,1.0
8253242879,2016-04-26,6,1.0,1.0
8253242879,2016-04-26,7,1.0,1.0
8253242879,2016-04-26,8,1.03,2.6
8253242879,2016-04-26,9,1.0,1.0
8253242879,2016-04-26,10,1.0,1.0
8253242879,2016-04-26,11,1.06,4.6
8253242879,2016-04-26,12,4.51,10.3
8253242879,2016-04-26,13,1.6,4.2
8253242879,2016-04-26,14,1.3,5.2
8253242879,2016-04-26,15,1.05,2.8
8253242879,2016-04-26,16,1.24,4.2
8253242879,2016-04-26,17,1.36,5.2
8253242879,2016-04-26,18,1.11,3.8
8253242879,2016-04-26,19,1.16,3.6
8253242879,2016-04-26,20,1.1,2.6
8253242879,2016-04-26,21,1.26,4.4
8253242879,2016-04-26,22,1.36,4.8
8253242879,2016-04-26,23,1.35,3.8
8253242879,2016-04-27,0,1.0,1.0
8253242879,2016-04-27,1,1.0,1.0
8253242879,2016-04-27,2,1.0,1.0
8253242879,2016-04-27,3,1.0,1.0
8253242879,2016-04-27,4,1.0,1.0
8253242879,2016-04-27,5,1.0,1.0
8253242879,2016-04-27,6,1.0,1.0
8253242879,2016-04-27,7,1.0,1.0
8253242879,2016-04-27,8,1.0,1.0
8253242879,2016-04-27,9,1.0,1.0
8253242879,2016-04-27,10,1.04,3.2
8253242879,2016-04-27,11,7.19,9.7
8253242879,2016-04-27,12,1.38,4.6
8253242879,2016-04-27,13,1.56,7.2
8253242879,2016-04-27,14,1.78,6.6
8253242879,2016-04-27,15,1.02,2.4
8253242879,2016-04-27,16,1.14,2.8
8253242879,2016-04-27,17,1.24,4.4
8253242879,2016-04-27,18,1.11,3.4
8253242879,2016-04-27,19,1.07,3.4
8253242879,2016-04-27,20,1.14,4.6
8253242879,2016-04-27,21,1.13,3.0
8253242879,2016-04-27,22,1.33,5.0
8253242879,2016-04-27,23,1.64,6.6
8253242879,2016-04-28,0,1.0,1.0
8253242879,2016-04-28,1,1.0,1.0
8253242879,2016-04-28,2,1.0,1.0
8253242879,2016-04-28,3,1.0,1.0
8253242879,2016-04-28,4,1.0,1.0
8253242879,2016-04-28,5,1.0,1.0
8253242879,2016-04-28,6,1.0,1.0
8253242879,2016-04-28,7,1.0,1.0
8253242879,2016-04-28,8,1.0,1.0
8253242879,2016-04-28,9,1.0,1.0
8253242879,2016-04-28,10,1.0,1.0
8253242879,2016-04-28,11,1.0,1.0
8253242879,2016-04-28,12,3.33,7.0
8253242879,2016-04-28,13,1.24,4.0
8253242879,2016-04-28,14,1.0,1.0
8253242879,2016-04-28,15,1.0,1.0
8253242879,2016-04-28,16,1.0,1.0
8253242879,2016-04-28,17,1.0,1.0
8253242879,2016-04-28,18,1.0,1.0
8253242879,2016-04-28,19,1.0,1.0
8253242879,2016-04-28,20,1.0,1.0
8253242879,2016-04-28,21,1.0,1.0
8253242879,2016-04-28,22,1.0,1.0
8253242879,2016-04-28,23,1.0,1.0
8253242879,2016-04-29,0,1.0,1.0
8253242879,2016-04-29,1,1.0,1.0
8253242879,2016-04-29,2,1.0,1.0
8253242879,2016-04-29,3,1.0,1.0
8253242879,2016-04-29,4,1.0,1.0
8253242879,2016-04-29,5,1.0,1.0
8253242879,2016-04-29,6,1.0,1.0
8253242879,2016-04-29,7,1.0,1.0
8253242879,2016-04-29,8,1.0,1.0
8253242879,2016-04-29,9,1.07,5.0
8253242879,2016-04-29,10,1.0,1.0
8253242879,2016-04-29,11,1.0,1.0
8253242879,2016-04-29,12,4.31,8.9
8253242879,2016-04-29,13,1.5,4.8
8253242879,2016-04-29,14,1.24,3.2
8253242879,2016-04-29,15,1.36,3.6
8253242879,2016-04-29,16,1.61,6.2
8253242879,2016-04-29,17,1.21,2.8
8253242879,2016-04-29,18,1.08,2.6
8253242879,2016-04-29,19,1.2,3.8
8253242879,2016-04-29,20,1.6,6.8
8253242879,2016-04-29,21,1.53,4.4
8253242879,2016-04-29,22,1.34,3.6
8378563200,2016-04-12,0,1.01,1.2
8378563200,2016-04-12,1,1.11,3.0
8378563200,2016-04-12,2,1.0,1.2
8378563200,2016-04-12,3,1.01,1.2
8378563200,2016-04-12,4,1.37,5.0
8378563200,2016-04-12,5,7.42,8.0
8378563200,2016-04-12,6,1.43,4.2
8378563200,2016-04-12,7,1.94,5.4
8378563200,2016-04-12,8,2.62,7.2
8378563200,2016-04-12,9,1.26,2.8
8378563200,2016-04-12,10,1.4,6.8
8378563200,2016-04-12,11,1.66,6.4
8378563200,2016-04-12,12,1.28,5.8
8378563200,2016-04-12,13,2.12,7.2
8378563200,2016-04-12,14,1.75,6.4
8378563200,2016-04-12,15,1.4,6.8
8378563200,2016-04-12,16,1.9,7.2
8378563200,2016-04-12,17,1.4,3.8
8378563200,2016-04-12,18,1.25,3.8
8378563200,2016-04-12,19,1.81,5.2
8378563200,2016-04-12,20,1.11,2.6
8378563200,2016-04-12,21,1.05,2.6
8378563200,2016-04-12,22,1.0,1.0
8378563200,2016-04-12,23,1.06,2.6
8378563200,2016-04-13,0,1.01,1.2
8378563200,2016-04-13,1,1.01,1.2
8378563200,2016-04-13,2,1.14,3.6
8378563200,2016-04-13,3,1.01,1.2
8378563200,2016-04-13,4,1.4,3.8
8378563200,2016-04-13,5,7.42,8.0
8378563200,2016-04-13,6,1.3,4.2
8378563200,2016-04-13,7,1.65,5.6
8378563200,2016-04-13,8,4.51,7.6
8378563200,2016-04-13,9,1.53,6.0
8378563200,2016-04-13,10,1.73,6.6
8378563200,2016-04-13,11,2.25,7.2
8378563200,2016-04-13,12,3.66,7.0
8378563200,2016-04-13,13,1.79,6.6
8378563200,2016-04-13,14,1.4,3.0
8378563200,2016-04-13,15,1.8,6.8
8378563200,2016-04-13,16,1.91,7.6
8378563200,2016-04-13,17,1.32,3.4
8378563200,2016-04-13,18,1.55,4.0
8378563200,2016-04-13,19,1.44,3.4
8378563200,2016-04-13,20,1.36,4.4
8378563200,2016-04-13,21,1.01,1.2
8378563200,2016-04-13,22,1.06,2.6
8378563200,2016-04-13,23,1.02,1.2
8378563200,2016-04-14,0,1.11,3.2
8378563200,2016-04-14,1,1.04,2.6
8378563200,2016-04-14,2,1.01,1.2
8378563200,2016-04-14,3,1.04,2.4
8378563200,2016-04-14,4,1.4,3.8
8378563200,2016-04-14,5,6.83,8.0
8378563200,2016-04-14,6,1.82,8.0
8378563200,2016-04-14,7,1.75,5.2
8378563200,2016-04-14,8,3.31,7.4
8378563200,2016-04-14,9,2.9,7.0
8378563200,2016-04-14,10,1.82,5.4
8378563200,2016-04-14,11,1.57,4.4
8378563200,2016-04-14,12,5.48,7.8
8378563200,2016-04-14,13,1.65,6.2
8378563200,2016-04-14,14,1.74,6.4
8378563200,2016-04-14,15,2.03,7.2
8378563200,2016-04-14,16,1.27,3.6
8378563200,2016-04-14,17,1.34,3.4
8378563200,2016-04-14,18,1.25,3.8
8378563200,2016-04-14,19,1.36,3.0
8378563200,2016-04-14,20,1.37,3.2
8378563200,2016-04-14,21,1.1,3.0
8378563200,2016-04-14,22,1.02,1.2
8378563200,2016-04-14,23,1.01,1.2
8378563200,2016-04-15,0,1.04,2.8
8378563200,2016-04-15,1,1.01,1.2
8378563200,2016-04-15,2,1.01,1.2
8378563200,2016-04-15,3,1.04,2.6
8378563200,2016-04-15,4,1.1,3.2
8378563200,2016-04-15,5,1.01,1.2
8378563200,2016-04-15,6,1.44,5.0
8378563200,2016-04-15,7,1.7,4.4
8378563200,2016-04-15,8,4.38,7.4
8378563200,2016-04-15,9,2.84,6.8
8378563200,2016-04-15,10,1.95,6.6
8378563200,2016-04-15,11,3.58,7.8
8378563200,2016-04-15,12,1.78,6.4
8378563200,2016-04-15,13,1.45,6.4
8378563200,2016-04-15,14,1.75,6.6
8378563200,2016-04-15,15,2.13,7.6
8378563200,2016-04-15,16,1.33,3.8
8378563200,2016-04-15,17,1.54,5.4
8378563200,2016-04-15,18,2.15,6.8
8378563200,2016-04-15,19,1.12,4.0
8378563200,2016-04-15,20,1.07,2.6
8378563200,2016-04-15,21,1.12,3.2
8378563200,2016-04-15,22,2.03,6.4
8378563200,2016-04-15,23,1.01,1.2
8378563200,2016-04-16,0,1.02,1.2
8378563200,2016-04-16,1,1.03,2.6
8378563200,2016-04-16,2,1.03,2.6
8378563200,2016-04-16,3,1.12,3.4
8378563200,2016-04-16,4,1.06,2.8
8378563200,2016-04-16,5,1.03,1.2
8378563200,2016-04-16,6,1.01,1.2
8378563200,2016-04-16,7,1.14,3.2
8378563200,2016-04-16,8,1.48,4.4
8378563200,2016-04-16,9,1.29,3.2
8378563200,2016-04-16,10,1.52,3.8
8378563200,2016-04-16,11,1.35,3.2
8378563200,2016-04-16,12,1.36,4.2
8378563200,2016-04-16,13,1.75,5.8
8378563200,2016-04-16,14,4.36,8.2
8378563200,2016-04-16,15,5.76,7.8
8378563200,2016-04-16,16,1.3,3.4
8378563200,2016-04-16,17,1.13,3.4
8378563200,2016-04-16,18,1.44,4.2
8378563200,2016-04-16,19,1.45,3.6
8378563200,2016-04-16,20,1.45,4.4
8378563200,2016-04-16,21,1.06,2.4
8378563200,2016-04-16,22,1.06,2.6
8378563200,2016-04-16,23,1.12,3.2
8378563200,2016-04-17,0,1.01,1.2
8378563200,2016-04-17,1,1.01,1.2
8378563200,2016-04-17,2,1.01,1.2
8378563200,2016-04-17,3,1.01,1.2
8378563200,2016-04-17,4,1.02,1.2
8378563200,2016-04-17,5,1.01,1.2
8378563200,2016-04-17,6,1.16,3.2
8378563200,2016-04-17,7,1.32,3.2
8378563200,2016-04-17,8,1.49,4.4
8378563200,2016-04-17,9,1.22,2.8
8378563200,2016-04-17,10,1.34,4.8
8378563200,2016-04-17,11,1.34,4.0
8378563200,2016-04-17,12,1.27,3.8
8378563200,2016-04-17,13,1.25,2.8
8378563200,2016-04-17,14,1.03,1.2
8378563200,2016-04-17,15,1.15,2.8
8378563200,2016-04-17,16,1.21,3.8
8378563200,2016-04-17,17,1.27,3.8
8378563200,2016-04-17,18,1.76,5.6
8378563200,2016-04-17,19,1.15,3.2
8378563200,2016-04-17,20,1.33,4.2
8378563200,2016-04-17,21,1.09,2.8
8378563200,2016-04-17,22,1.0,1.2
8378563200,2016-04-17,23,1.11,3.2
8378563200,2016-04-18,0,1.02,1.2
8378563200,2016-04-18,1,1.02,1.2
8378563200,2016-04-18,2,1.03,2.4
8378563200,2016-04-18,3,1.01,1.2
8378563200,2016-04-18,4,1.38,4.2
8378563200,2016-04-18,5,7.42,8.0
8378563200,2016-04-18,6,1.3,4.0
8378563200,2016-04-18,7,1.57,3.6
8378563200,2016-04-18,8,4.34,7.0
8378563200,2016-04-18,9,1.67,6.8
8378563200,2016-04-18,10,1.49,6.6
8378563200,2016-04-18,11,1.5,4.0
8378563200,2016-04-18,12,4.65,7.2
8378563200,2016-04-18,13,1.41,6.0
8378563200,2016-04-18,14,1.73,6.6
8378563200,2016-04-18,15,2.2,7.6
8378563200,2016-04-18,16,1.43,4.2
8378563200,2016-04-18,17,1.43,3.8
8378563200,2016-04-18,18,1.99,6.8
8378563200,2016-04-18,19,1.68,6.8
8378563200,2016-04-18,20,1.66,4.4
8378563200,2016-04-18,21,1.07,2.4
8378563200,2016-04-18,22,1.12,3.2
8378563200,2016-04-18,23,1.04,2.6
8378563200,2016-04-19,0,1.01,1.2
8378563200,2016-04-19,1,1.01,1.2
8378563200,2016-04-19,2,1.11,3.4
8378563200,2016-04-19,3,1.01,1.2
8378563200,2016-04-19,4,1.31,4.0
8378563200,2016-04-19,5,7.42,8.0
8378563200,2016-04-19,6,1.32,3.6
8378563200,2016-04-19,7,1.64,4.2
8378563200,2016-04-19,8,4.49,7.0
8378563200,2016-04-19,9,1.41,6.2
8378563200,2016-04-19,10,1.49,6.6
8378563200,2016-04-19,11,1.51,5.0
8378563200,2016-04-19,12,4.64,7.4
8378563200,2016-04-19,13,1.51,6.6
8378563200,2016-04-19,14,1.42,6.2
8378563200,2016-04-19,15,1.22,2.6
8378563200,2016-04-19,16,2.17,7.8
8378563200,2016-04-19,17,1.47,4.2
8378563200,2016-04-19,18,1.47,4.2
8378563200,2016-04-19,19,1.46,6.8
8378563200,2016-04-19,20,1.98,7.0
8378563200,2016-04-19,21,1.3,4.0
8378563200,2016-04-19,22,1.05,2.4
8378563200,2016-04-19,23,1.01,1.2
8378563200,2016-04-20,0,1.05,2.8
8378563200,2016-04-20,1,1.03,2.6
8378563200,2016-04-20,2,1.02,1.2
8378563200,2016-04-20,3,1.02,1.2
8378563200,2016-04-20,4,1.3,3.8
8378563200,2016-04-20,5,7.42,8.0
8378563200,2016-04-20,6,1.44,4.2
8378563200,2016-04-20,7,1.79,6.2
8378563200,2016-04-20,8,2.21,7.2
8378563200,2016-04-20,9,1.4,7.0
8378563200,2016-04-20,10,1.88,6.8
8378563200,2016-04-20,11,2.23,7.4
8378563200,2016-04-20,12,2.71,7.0
8378563200,2016-04-20,13,1.41,6.2
8378563200,2016-04-20,14,1.49,6.4
8378563200,2016-04-20,15,2.22,7.2
8378563200,2016-04-20,16,1.58,4.2
8378563200,2016-04-20,17,1.35,4.0
8378563200,2016-04-20,18,1.55,6.2
8378563200,2016-04-20,19,1.22,3.2
8378563200,2016-04-20,20,1.61,4.8
8378563200,2016-04-20,21,1.06,2.6
8378563200,2016-04-20,22,1.0,1.2
8378563200,2016-04-20,23,1.02,1.2
8378563200,2016-04-21,0,1.01,1.2
8378563200,2016-04-21,1,1.12,3.4
8378563200,2016-04-21,2,1.01,1.2
8378563200,2016-04-21,3,1.01,1.2
8378563200,2016-04-21,4,1.35,4.2
8378563200,2016-04-21,5,7.42,8.0
8378563200,2016-04-21,6,1.31,4.0
8378563200,2016-04-21,7,1.65,4.2
8378563200,2016-04-21,8,3.33,7.4
8378563200,2016-04-21,9,3.13,7.2
8378563200,2016-04-21,10,1.89,6.6
8378563200,2016-04-21,11,2.31,7.2
8378563200,2016-04-21,12,5.12,7.2
8378563200,2016-04-21,13,1.78,6.6
8378563200,2016-04-21,14,1.55,5.8
8378563200,2016-04-21,15,2.28,7.6
8378563200,2016-04-21,16,1.39,3.8
8378563200,2016-04-21,17,1.36,3.6
8378563200,2016-04-21,18,1.27,3.6
8378563200,2016-04-21,19,1.61,5.0
8378563200,2016-04-21,20,1.09,2.6
8378563200,2016-04-21,21,1.01,1.2
8378563200,2016-04-21,22,1.01,1.2
8378563200,2016-04-21,23,1.01,1.2
8378563200,2016-04-22,0,1.14,3.2
8378563200,2016-04-22,1,1.02,1.2
8378563200,2016-04-22,2,1.01,1.2
8378563200,2016-04-22,3,1.02,1.2
8378563200,2016-04-22,4,1.44,4.0
8378563200,2016-04-22,5,7.42,8.0
8378563200,2016-04-22,6,1.26,3.6
8378563200,2016-04-22,7,1.79,5.2
8378563200,2016-04-22,8,5.0,7.6
8378563200,2016-04-22,9,2.68,7.0
8378563200,2016-04-22,10,1.79,6.8
8378563200,2016-04-22,11,2.11,6.8
8378563200,2016-04-22,12,2.27,7.0
8378563200,2016-04-22,13,1.44,6.6
8378563200,2016-04-22,14,1.43,6.2
8378563200,2016-04-22,15,1.42,6.6
8378563200,2016-04-22,16,2.08,7.2
8378563200,2016-04-22,17,1.33,3.6
8378563200,2016-04-22,18,1.17,2.6
8378563200,2016-04-22,19,1.28,3.2
8378563200,2016-04-22,20,1.4,3.0
8378563200,2016-04-22,21,1.35,4.0
8378563200,2016-04-22,22,1.04,3.0
8378563200,2016-04-22,23,1.01,1.2
8378563200,2016-04-23,0,1.02,1.2
8378563200,2016-04-23,1,1.01,1.2
8378563200,2016-04-23,2,1.08,3.2
8378563200,2016-04-23,3,1.02,1.2
8378563200,2016-04-23,4,1.01,1.2
8378563200,2016-04-23,5,1.09,3.2
8378563200,2016-04-23,6,1.03,2.6
8378563200,2016-04-23,7,1.1,4.4
8378563200,2016-04-23,8,1.61,3.6
8378563200,2016-04-23,9,1.19,3.2
8378563200,2016-04-23,10,1.09,1.2
8378563200,2016-04-23,11,1.32,3.6
8378563200,2016-04-23,12,1.59,4.2
8378563200,2016-04-23,13,1.82,4.2
8378563200,2016-04-23,14,3.91,7.4
8378563200,2016-04-23,15,1.33,4.0
8378563200,2016-04-23,16,1.52,4.2
8378563200,2016-04-23,17,1.11,2.4
8378563200,2016-04-23,18,1.36,4.0
8378563200,2016-04-23,19,1.29,3.0
8378563200,2016-04-23,20,1.24,3.2
8378563200,2016-04-23,21,1.36,5.6
8378563200,2016-04-23,22,1.13,2.6
8378563200,2016-04-23,23,1.04,2.4
8378563200,2016-04-24,0,1.02,1.2
8378563200,2016-04-24,1,1.11,3.2
8378563200,2016-04-24,2,1.06,2.6
8378563200,2016-04-24,3,1.01,1.2
8378563200,2016-04-24,4,1.02,1.2
8378563200,2016-04-24,5,1.01,1.2
8378563200,2016-04-24,6,1.02,1.2
8378563200,2016-04-24,7,1.5,4.4
8378563200,2016-04-24,8,1.37,3.4
8378563200,2016-04-24,9,1.24,2.6
8378563200,2016-04-24,10,1.59,5.2
8378563200,2016-04-24,11,1.43,4.0
8378563200,2016-04-24,12,1.58,4.2
8378563200,2016-04-24,13,1.55,6.6
8378563200,2016-04-24,14,1.15,3.0
8378563200,2016-04-24,15,1.87,6.6
8378563200,2016-04-24,16,1.42,6.0
8378563200,2016-04-24,17,1.35,3.8
8378563200,2016-04-24,18,1.18,2.8
8378563200,2016-04-24,19,1.2,2.6
8378563200,2016-04-24,20,1.35,4.0
8378563200,2016-04-24,21,1.4,3.8
8378563200,2016-04-24,22,1.01,1.2
8378563200,2016-04-24,23,1.01,1.2
8378563200,2016-04-25,0,1.01,1.2
8378563200,2016-04-25,1,1.01,1.2
8378563200,2016-04-25,2,1.03,2.4
8378563200,2016-04-25,3,1.01,1.2
8378563200,2016-04-25,4,1.35,4.4
8378563200,2016-04-25,5,7.42,8.0
8378563200,2016-04-25,6,1.37,4.0
8378563200,2016-04-25,7,1.72,5.2
8378563200,2016-04-25,8,2.46,7.0
8378563200,2016-04-25,9,1.47,6.4
8378563200,2016-04-25,10,1.66,6.4
8378563200,2016-04-25,11,3.41,7.2
8378563200,2016-04-25,12,4.62,6.8
8378563200,2016-04-25,13,1.6,6.6
8378563200,2016-04-25,14,1.59,6.6
8378563200,2016-04-25,15,2.14,7.0
8378563200,2016-04-25,16,1.24,3.4
8378563200,2016-04-25,17,1.26,3.4
8378563200,2016-04-25,18,1.43,4.4
8378563200,2016-04-25,19,1.46,5.0
8378563200,2016-04-25,20,1.04,1.2
8378563200,2016-04-25,21,1.04,2.6
8378563200,2016-04-25,22,1.01,1.2
8378563200,2016-04-25,23,1.12,3.4
8378563200,2016-04-26,0,1.02,1.2
8378563200,2016-04-26,1,1.02,1.2
8378563200,2016-04-26,2,1.0,1.2
8378563200,2016-04-26,3,1.01,1.2
8378563200,2016-04-26,4,1.08,3.2
8378563200,2016-04-26,5,1.04,2.8
8378563200,2016-04-26,6,1.36,3.6
8378563200,2016-04-26,7,1.72,5.2
8378563200,2016-04-26,8,4.91,7.2
8378563200,2016-04-26,9,2.01,6.8
8378563200,2016-04-26,10,1.75,6.6
8378563200,2016-04-26,11,3.71,7.2
8378563200,2016-04-26,12,4.29,7.0
8378563200,2016-04-26,13,1.57,6.0
8378563200,2016-04-26,14,1.97,6.6
8378563200,2016-04-26,15,2.3,7.6
8378563200,2016-04-26,16,1.19,3.6
8378563200,2016-04-26,17,1.33,4.0
8378563200,2016-04-26,18,1.36,3.0
8378563200,2016-04-26,19,1.55,4.0
8378563200,2016-04-26,20,1.41,4.4
8378563200,2016-04-26,21,1.05,2.4
8378563200,2016-04-26,22,1.01,1.2
8378563200,2016-04-26,23,1.12,3.6
8378563200,2016-04-27,0,1.01,1.2
8378563200,2016-04-27,1,1.11,3.2
8378563200,2016-04-27,2,1.01,1.2
8378563200,2016-04-27,3,1.08,3.2
8378563200,2016-04-27,4,1.01,1.2
8378563200,2016-04-27,5,1.03,1.2
8378563200,2016-04-27,6,1.35,4.4
8378563200,2016-04-27,7,1.68,4.8
8378563200,2016-04-27,8,2.23,7.0
8378563200,2016-04-27,9,1.62,5.8
8378563200,2016-04-27,10,1.77,5.6
8378563200,2016-04-27,11,1.42,5.4
8378563200,2016-04-27,12,1.69,5.4
8378563200,2016-04-27,13,1.53,4.4
8378563200,2016-04-27,14,1.31,4.2
8378563200,2016-04-27,15,1.22,3.6
8378563200,2016-04-27,16,1.37,5.2
8378563200,2016-04-27,17,2.04,7.2
8378563200,2016-04-27,18,1.72,6.4
8378563200,2016-04-27,19,1.45,5.6
8378563200,2016-04-27,20,2.07,6.8
8378563200,2016-04-27,21,1.07,2.4
8378563200,2016-04-27,22,1.09,3.6
8378563200,2016-04-27,23,1.09,3.4
8378563200,2016-04-28,0,1.02,1.2
8378563200,2016-04-28,1,1.04,2.6
8378563200,2016-04-28,2,1.01,1.2
8378563200,2016-04-28,3,1.01,1.2
8378563200,2016-04-28,4,1.1,3.2
8378563200,2016-04-28,5,1.04,2.6
8378563200,2016-04-28,6,1.19,4.2
8378563200,2016-04-28,7,1.41,4.0
8378563200,2016-04-28,8,1.22,4.0
8378563200,2016-04-28,9,1.6,7.0
8378563200,2016-04-28,10,1.92,6.8
8378563200,2016-04-28,11,1.46,5.0
8378563200,2016-04-28,12,1.35,6.2
8378563200,2016-04-28,13,1.6,5.6
8378563200,2016-04-28,14,1.43,4.8
8378563200,2016-04-28,15,1.45,3.8
8378563200,2016-04-28,16,2.14,7.2
8378563200,2016-04-28,17,1.82,4.0
8378563200,2016-04-28,18,1.31,3.4
8378563200,2016-04-28,19,1.25,3.8
8378563200,2016-04-28,20,1.56,4.8
8378563200,2016-04-28,21,1.01,1.2
8378563200,2016-04-28,22,1.08,3.0
8378563200,2016-04-28,23,1.01,1.2
8378563200,2016-04-29,0,1.03,1.2
8378563200,2016-04-29,1,1.01,1.2
8378563200,2016-04-29,2,1.02,1.2
8378563200,2016-04-29,3,1.01,1.2
8378563200,2016-04-29,4,1.08,3.2
8378563200,2016-04-29,5,1.01,1.2
8378563200,2016-04-29,6,1.34,4.4
8378563200,2016-04-29,7,1.7,5.0
8378563200,2016-04-29,8,2.24,7.2
8378563200,2016-04-29,9,1.65,5.4
8378563200,2016-04-29,10,1.64,6.6
8378563200,2016-04-29,11,1.64,5.0
8378563200,2016-04-29,12,1.26,2.8
8378563200,2016-04-29,13,1.74,6.0
8378563200,2016-04-29,14,1.31,4.2
8378563200,2016-04-29,15,1.22,2.8
8378563200,2016-04-29,16,1.87,7.8
8378563200,2016-04-29,17,1.6,3.4
8378563200,2016-04-29,18,1.68,6.4
8378563200,2016-04-29,19,1.35,3.6
8378563200,2016-04-29,20,1.27,3.2
8378563200,2016-04-29,21,1.38,4.2
8378563200,2016-04-29,22,1.05,2.6
8378563200,2016-04-29,23,1.03,2.8
8378563200,2016-04-30,0,1.06,3.2
8378563200,2016-04-30,1,1.13,3.0
8378563200,2016-04-30,2,1.02,1.2
8378563200,2016-04-30,3,1.02,1.2
8378563200,2016-04-30,4,1.03,1.2
8378563200,2016-04-30,5,1.13,3.2
8378563200,2016-04-30,6,1.04,1.2
8378563200,2016-04-30,7,1.44,4.4
8378563200,2016-04-30,8,1.27,3.0
8378563200,2016-04-30,9,1.16,3.6
8378563200,2016-04-30,10,1.47,4.2
8378563200,2016-04-30,11,1.16,3.2
8378563200,2016-04-30,12,1.68,6.2
8378563200,2016-04-30,13,1.56,5.0
8378563200,2016-04-30,14,1.35,3.6
8378563200,2016-04-30,15,1.08,2.6
8378563200,2016-04-30,16,1.18,4.0
8378563200,2016-04-30,17,1.2,3.6
8378563200,2016-04-30,18,1.39,4.0
8378563200,2016-04-30,19,1.29,3.6
8378563200,2016-04-30,20,1.17,2.6
8378563200,2016-04-30,21,1.42,3.6
8378563200,2016-04-30,22,1.15,3.2
8378563200,2016-04-30,23,1.15,4.0
8378563200,2016-05-01,0,1.01,1.2
8378563200,2016-05-01,1,1.09,3.2
8378563200,2016-05-01,2,1.03,1.2
8378563200,2016-05-01,3,1.01,1.2
8378563200,2016-05-01,4,1.01,1.2
8378563200,2016-05-01,5,1.09,3.6
8378563200,2016-05-01,6,1.01,1.2
8378563200,2016-05-01,7,1.37,3.8
8378563200,2016-05-01,8,1.37,5.0
8378563200,2016-05-01,9,1.25,3.0
8378563200,2016-05-01,10,1.23,2.8
8378563200,2016-05-01,11,1.59,5.4
8378563200,2016-05-01,12,1.57,5.0
8378563200,2016-05-01,13,1.4,3.6
8378563200,2016-05-01,14,1.26,4.4
8378563200,2016-05-01,15,1.42,3.4
8378563200,2016-05-01,16,4.15,7.8
8378563200,2016-05-01,17,6.29,8.2
8378563200,2016-05-01,18,1.33,3.4
8378563200,2016-05-01,19,1.2,3.0
8378563200,2016-05-01,20,1.36,4.2
8378563200,2016-05-01,21,1.24,3.2
8378563200,2016-05-01,22,1.02,1.2
8378563200,2016-05-01,23,1.09,2.8
8378563200,2016-05-02,0,1.02,1.2
8378563200,2016-05-02,1,1.06,2.6
8378563200,2016-05-02,2,1.01,1.2
8378563200,2016-05-02,3,1.01,1.2
8378563200,2016-05-02,4,1.39,5.0
8378563200,2016-05-02,5,7.42,8.0
8378563200,2016-05-02,6,1.25,3.6
8378563200,2016-05-02,7,1.6,4.0
8378563200,2016-05-02,8,2.26,7.0
8378563200,2016-05-02,9,1.15,2.8
8378563200,2016-05-02,10,1.53,6.2
8378563200,2016-05-02,11,1.29,3.4
8378563200,2016-05-02,12,1.67,6.0
8378563200,2016-05-02,13,1.5,6.2
8378563200,2016-05-02,14,1.5,6.0
8378563200,2016-05-02,15,1.48,5.8
8378563200,2016-05-02,16,1.71,7.2
8378563200,2016-05-02,17,1.77,7.0
8378563200,2016-05-02,18,1.39,3.8
8378563200,2016-05-02,19,1.28,3.8
8378563200,2016-05-02,20,1.42,3.6
8378563200,2016-05-02,21,1.02,1.2
8378563200,2016-05-02,22,1.02,1.2
8378563200,2016-05-02,23,1.0,1.2
8378563200,2016-05-03,0,1.01,1.2
8378563200,2016-05-03,1,1.09,3.2
8378563200,2016-05-03,2,1.01,1.2
8378563200,2016-05-03,3,1.01,1.2
8378563200,2016-05-03,4,1.34,4.0
8378563200,2016-05-03,5,7.42,8.0
8378563200,2016-05-03,6,1.29,3.8
8378563200,2016-05-03,7,1.73,5.0
8378563200,2016-05-03,8,2.53,7.6
8378563200,2016-05-03,9,1.73,5.2
8378563200,2016-05-03,10,1.5,5.8
8378563200,2016-05-03,11,1.4,4.8
8378563200,2016-05-03,12,1.49,6.0
8378563200,2016-05-03,13,1.3,3.0
8378563200,2016-05-03,14,1.49,5.4
8378563200,2016-05-03,15,1.65,6.2
8378563200,2016-05-03,16,1.44,5.6
8378563200,2016-05-03,17,2.66,7.2
8378563200,2016-05-03,18,1.63,6.8
8378563200,2016-05-03,19,1.6,4.4
8378563200,2016-05-03,20,2.0,6.0
8378563200,2016-05-03,21,1.35,5.0
8378563200,2016-05-03,22,1.3,5.2
8378563200,2016-05-03,23,1.04,2.4
8378563200,2016-05-04,0,1.0,1.2
8378563200,2016-05-04,1,1.11,3.0
8378563200,2016-05-04,2,1.0,1.2
8378563200,2016-05-04,3,1.01,1.2
8378563200,2016-05-04,4,1.08,3.2
8378563200,2016-05-04,5,1.02,1.2
8378563200,2016-05-04,6,1.3,3.8
8378563200,2016-05-04,7,1.76,5.0
8378563200,2016-05-04,8,2.46,7.2
8378563200,2016-05-04,9,2.06,6.8
8378563200,2016-05-04,10,1.54,7.0
8378563200,2016-05-04,11,1.78,6.0
8378563200,2016-05-04,12,1.52,6.0
8378563200,2016-05-04,13,1.35,4.2
8378563200,2016-05-04,14,1.61,5.8
8378563200,2016-05-04,15,1.48,5.2
8378563200,2016-05-04,16,2.32,7.6
8378563200,2016-05-04,17,1.41,4.0
8378563200,2016-05-04,18,1.52,4.2
8378563200,2016-05-04,19,1.38,3.6
8378563200,2016-05-04,20,1.4,4.4
8378563200,2016-05-04,21,1.21,4.2
8378563200,2016-05-04,22,1.15,3.4
8378563200,2016-05-04,23,1.03,2.6
8378563200,2016-05-05,0,1.1,3.4
8378563200,2016-05-05,1,1.01,1.2
8378563200,2016-05-05,2,1.01,1.2
8378563200,2016-05-05,3,1.03,2.4
8378563200,2016-05-05,4,1.37,4.0
8378563200,2016-05-05,5,7.42,8.0
8378563200,2016-05-05,6,1.24,4.2
8378563200,2016-05-05,7,1.79,5.0
8378563200,2016-05-05,8,2.42,7.2
8378563200,2016-05-05,9,1.46,5.6
8378563200,2016-05-05,10,1.6,6.2
8378563200,2016-05-05,11,1.44,5.0
8378563200,2016-05-05,12,1.57,6.4
8378563200,2016-05-05,13,1.7,6.2
8378563200,2016-05-05,14,1.46,5.0
8378563200,2016-05-05,15,1.6,6.4
8378563200,2016-05-05,16,1.78,7.8
8378563200,2016-05-05,17,1.47,6.0
8378563200,2016-05-05,18,2.01,6.8
8378563200,2016-05-05,19,1.33,3.0
8378563200,2016-05-05,20,2.18,7.0
8378563200,2016-05-05,21,1.75,4.2
8378563200,2016-05-05,22,1.01,1.2
8378563200,2016-05-05,23,1.26,4.4
8378563200,2016-05-06,0,1.0,1.2
8378563200,2016-05-06,1,1.02,1.2
8378563200,2016-05-06,2,1.01,1.2
8378563200,2016-05-06,3,1.03,2.6
8378563200,2016-05-06,4,1.44,4.0
8378563200,2016-05-06,5,7.42,8.0
8378563200,2016-05-06,6,1.36,5.0
8378563200,2016-05-06,7,1.67,4.2
8378563200,2016-05-06,8,2.51,7.2
8378563200,2016-05-06,9,1.56,6.2
8378563200,2016-05-06,10,1.8,5.8
8378563200,2016-05-06,11,1.58,5.6
8378563200,2016-05-06,12,1.24,3.6
8378563200,2016-05-06,13,1.4,5.4
8378563200,2016-05-06,14,1.65,5.4
8378563200,2016-05-06,15,1.65,6.2
8378563200,2016-05-06,16,2.23,7.2
8378563200,2016-05-06,17,1.51,3.8
8378563200,2016-05-06,18,1.3,3.6
8378563200,2016-05-06,19,1.27,3.2
8378563200,2016-05-06,20,1.26,3.8
8378563200,2016-05-06,21,1.43,5.4
8378563200,2016-05-06,22,1.02,1.2
8378563200,2016-05-06,23,1.1,3.0
8378563200,2016-05-07,0,1.05,2.8
8378563200,2016-05-07,1,1.02,1.2
8378563200,2016-05-07,2,1.01,1.2
8378563200,2016-05-07,3,1.0,1.0
8378563200,2016-05-07,4,1.03,2.4
8378563200,2016-05-07,5,1.19,3.0
8378563200,2016-05-07,6,1.0,1.2
8378563200,2016-05-07,7,1.14,4.2
8378563200,2016-05-07,8,1.23,4.4
8378563200,2016-05-07,9,1.15,3.4
8378563200,2016-05-07,10,1.19,3.0
8378563200,2016-05-07,11,1.25,3.2
8378563200,2016-05-07,12,1.64,5.4
8378563200,2016-05-07,13,2.31,6.6
8378563200,2016-05-07,14,1.9,6.6
8378563200,2016-05-07,15,1.79,4.2
8378563200,2016-05-07,16,1.46,4.2
8378563200,2016-05-07,17,1.12,1.2
8378563200,2016-05-07,18,1.24,4.0
8378563200,2016-05-07,19,1.42,3.2
8378563200,2016-05-07,20,1.17,2.6
8378563200,2016-05-07,21,1.32,4.2
8378563200,2016-05-07,22,1.39,3.6
8378563200,2016-05-07,23,1.05,1.2
8378563200,2016-05-08,0,1.06,2.6
8378563200,2016-05-08,1,1.01,1.2
8378563200,2016-05-08,2,1.1,3.0
8378563200,2016-05-08,3,1.04,2.6
8378563200,2016-05-08,4,1.01,1.2
8378563200,2016-05-08,5,1.01,1.2
8378563200,2016-05-08,6,1.01,1.2
8378563200,2016-05-08,7,1.2,3.2
8378563200,2016-05-08,8,1.01,1.2
8378563200,2016-05-08,9,1.43,4.2
8378563200,2016-05-08,10,1.24,4.0
8378563200,2016-05-08,11,1.28,3.4
8378563200,2016-05-08,12,1.79,3.8
8378563200,2016-05-08,13,1.35,5.0
8378563200,2016-05-08,14,1.31,3.0
8378563200,2016-05-08,15,1.84,5.4
8378563200,2016-05-08,16,1.3,4.0
8378563200,2016-05-08,17,1.43,3.8
8378563200,2016-05-08,18,1.19,3.0
8378563200,2016-05-08,19,1.24,4.4
8378563200,2016-05-08,20,1.45,4.0
8378563200,2016-05-08,21,1.44,4.2
8378563200,2016-05-08,22,1.01,1.2
8378563200,2016-05-08,23,1.03,2.8
8378563200,2016-05-09,0,1.11,3.2
8378563200,2016-05-09,1,1.12,3.4
8378563200,2016-05-09,2,1.01,1.2
8378563200,2016-05-09,3,1.01,1.2
8378563200,2016-05-09,4,1.35,5.0
8378563200,2016-05-09,5,7.42,8.0
8378563200,2016-05-09,6,1.36,5.0
8378563200,2016-05-09,7,1.62,5.0
8378563200,2016-05-09,8,2.59,7.0
8378563200,2016-05-09,9,1.6,6.0
8378563200,2016-05-09,10,2.36,6.8
8378563200,2016-05-09,11,1.71,6.2
8378563200,2016-05-09,12,1.51,5.6
8378563200,2016-05-09,13,1.74,6.0
8378563200,2016-05-09,14,1.28,5.4
8378563200,2016-05-09,15,1.5,5.8
8378563200,2016-05-09,16,1.44,5.6
8378563200,2016-05-09,17,1.8,7.8
8378563200,2016-05-09,18,1.38,4.0
8378563200,2016-05-09,19,1.35,4.0
8378563200,2016-05-09,20,1.63,4.0
8378563200,2016-05-09,21,1.28,4.0
8378563200,2016-05-09,22,1.14,3.6
8378563200,2016-05-09,23,1.01,1.2
8378563200,2016-05-10,0,1.01,1.2
8378563200,2016-05-10,1,1.02,1.2
8378563200,2016-05-10,2,1.01,1.2
8378563200,2016-05-10,3,1.01,1.2
8378563200,2016-05-10,4,1.45,4.4
8378563200,2016-05-10,5,7.42,8.0
8378563200,2016-05-10,6,1.29,3.6
8378563200,2016-05-10,7,1.72,6.0
8378563200,2016-05-10,8,2.23,7.4
8378563200,2016-05-10,9,1.57,5.4
8378563200,2016-05-10,10,1.56,6.4
8378563200,2016-05-10,11,1.2,3.2
8378563200,2016-05-10,12,1.69,6.6
8378563200,2016-05-10,13,1.34,3.6
8378563200,2016-05-10,14,1.58,5.4
8378563200,2016-05-10,15,1.46,6.0
8378563200,2016-05-10,16,2.02,7.6
8378563200,2016-05-10,17,1.53,3.8
8378563200,2016-05-10,18,1.17,3.4
8378563200,2016-05-10,19,1.54,4.2
8378563200,2016-05-10,20,1.41,4.0
8378563200,2016-05-10,21,1.57,5.4
8378563200,2016-05-10,22,1.01,1.2
8378563200,2016-05-10,23,1.01,1.2
8378563200,2016-05-11,0,1.01,1.2
8378563200,2016-05-11,1,1.01,1.2
8378563200,2016-05-11,2,1.0,1.0
8378563200,2016-05-11,3,1.04,2.6
8378563200,2016-05-11,4,1.44,4.2
8378563200,2016-05-11,5,7.42,8.0
8378563200,2016-05-11,6,1.35,4.2
8378563200,2016-05-11,7,1.61,5.4
8378563200,2016-05-11,8,2.4,6.8
8378563200,2016-05-11,9,1.61,6.0
8378563200,2016-05-11,10,2.21,7.2
8378563200,2016-05-11,11,2.42,7.2
8378563200,2016-05-11,12,2.05,6.4
8378563200,2016-05-11,13,1.58,5.0
8378563200,2016-05-11,14,1.6,5.8
8378563200,2016-05-11,15,1.44,6.6
8378563200,2016-05-11,16,1.24,5.0
8378563200,2016-05-11,17,2.01,7.6
8378563200,2016-05-11,18,1.46,3.4
8378563200,2016-05-11,19,1.3,3.0
8378563200,2016-05-11,20,1.43,4.0
8378563200,2016-05-11,21,1.28,3.4
8378563200,2016-05-11,22,1.01,1.2
8378563200,2016-05-11,23,1.14,3.6
8378563200,2016-05-12,0,1.01,1.2
8378563200,2016-05-12,1,1.08,2.6
8378563200,2016-05-12,2,1.03,2.6
8378563200,2016-05-12,3,1.01,1.2
8378563200,2016-05-12,4,1.08,3.2
8378563200,2016-05-12,5,1.01,1.2
8378563200,2016-05-12,6,1.43,4.0
8378563200,2016-05-12,7,1.68,5.8
8378563200,2016-05-12,8,2.21,7.0
8378563200,2016-05-12,9,1.78,6.8
8378563200,2016-05-12,10,1.81,6.2
8378563200,2016-05-12,11,1.54,5.6
8378563200,2016-05-12,12,1.17,2.6
8583815059,2016-04-12,0,1.0,1.0
8583815059,2016-04-12,1,1.0,1.0
8583815059,2016-04-12,2,1.0,1.0
8583815059,2016-04-12,3,1.0,1.0
8583815059,2016-04-12,4,1.0,1.0
8583815059,2016-04-12,5,1.0,1.0
8583815059,2016-04-12,6,1.0,1.0
8583815059,2016-04-12,7,1.0,1.0
8583815059,2016-04-12,8,1.0,1.0
8583815059,2016-04-12,9,1.1,3.2
8583815059,2016-04-12,10,1.04,1.1
8583815059,2016-04-12,11,1.12,2.8
8583815059,2016-04-12,12,1.61,3.8
8583815059,2016-04-12,13,2.13,5.2
8583815059,2016-04-12,14,1.4,3.6
8583815059,2016-04-12,15,1.45,4.0
8583815059,2016-04-12,16,1.83,7.2
8583815059,2016-04-12,17,2.31,4.4
8583815059,2016-04-12,18,1.43,3.2
8583815059,2016-04-12,19,2.32,5.0
8583815059,2016-04-12,20,1.11,2.6
8583815059,2016-04-12,21,1.16,3.4
8583815059,2016-04-12,22,1.14,3.4
8583815059,2016-04-12,23,1.36,5.8
8583815059,2016-04-13,0,1.0,1.0
8583815059,2016-04-13,1,1.0,1.0
8583815059,2016-04-13,2,1.0,1.0
8583815059,2016-04-13,3,1.0,1.0
8583815059,2016-04-13,4,1.0,1.0
8583815059,2016-04-13,5,1.0,1.0
8583815059,2016-04-13,6,1.0,1.0
8583815059,2016-04-13,7,1.0,1.0
8583815059,2016-04-13,8,1.0,1.0
8583815059,2016-04-13,9,1.18,3.4
8583815059,2016-04-13,10,1.79,5.4
8583815059,2016-04-13,11,2.78,6.2
8583815059,2016-04-13,12,3.56,6.2
8583815059,2016-04-13,13,1.44,3.6
8583815059,2016-04-13,14,1.03,1.1
8583815059,2016-04-13,15,1.08,2.6
8583815059,2016-04-13,16,1.06,2.6
8583815059,2016-04-13,17,1.54,3.8
8583815059,2016-04-13,18,1.09,3.2
8583815059,2016-04-13,19,1.06,2.8
8583815059,2016-04-13,20,1.29,2.8
8583815059,2016-04-13,21,1.23,3.2
8583815059,2016-04-13,22,1.3,3.4
8583815059,2016-04-13,23,1.11,2.8
8583815059,2016-04-14,0,1.2,3.2
8583815059,2016-04-14,1,1.0,1.0
8583815059,2016-04-14,2,1.0,1.0
8583815059,2016-04-14,3,1.0,1.0
8583815059,2016-04-14,4,1.0,1.0
8583815059,2016-04-14,5,1.0,1.0
8583815059,2016-04-14,6,1.0,1.0
8583815059,2016-04-14,7,1.0,1.0
8583815059,2016-04-14,8,1.0,1.0
8583815059,2016-04-14,9,1.16,3.8
8583815059,2016-04-14,10,1.34,3.8
8583815059,2016-04-14,11,1.14,3.0
8583815059,2016-04-14,12,1.18,3.0
8583815059,2016-04-14,13,1.26,3.4
8583815059,2016-04-14,14,1.31,4.0
8583815059,2016-04-14,15,1.22,3.0
8583815059,2016-04-14,16,1.59,4.8
8583815059,2016-04-14,17,2.48,5.0
8583815059,2016-04-14,18,1.3,4.2
8583815059,2016-04-14,19,1.19,3.4
8583815059,2016-04-14,20,1.11,3.2
8583815059,2016-04-14,21,1.22,3.2
8583815059,2016-04-14,22,1.27,3.0
8583815059,2016-04-14,23,1.06,3.2
8583815059,2016-04-15,0,1.25,3.0
8583815059,2016-04-15,1,1.0,1.0
8583815059,2016-04-15,2,1.0,1.0
8583815059,2016-04-15,3,1.0,1.0
8583815059,2016-04-15,4,1.0,1.0
8583815059,2016-04-15,5,1.0,1.0
8583815059,2016-04-15,6,1.0,1.0
8583815059,2016-04-15,7,1.0,1.0
8583815059,2016-04-15,8,1.0,1.0
8583815059,2016-04-15,9,1.15,3.6
8583815059,2016-04-15,10,1.06,2.4
8583815059,2016-04-15,11,1.09,2.8
8583815059,2016-04-15,12,1.28,3.2
8583815059,2016-04-15,13,1.14,4.2
8583815059,2016-04-15,14,1.36,3.4
8583815059,2016-04-15,15,1.71,3.6
8583815059,2016-04-15,16,1.2,3.2
8583815059,2016-04-15,17,1.0,1.0
8583815059,2016-04-15,18,1.0,1.0
8583815059,2016-04-15,19,1.0,1.0
8583815059,2016-04-15,20,1.0,1.0
8583815059,2016-04-15,21,1.0,1.0
8583815059,2016-04-15,22,1.0,1.0
8583815059,2016-04-15,23,1.0,1.0
8583815059,2016-04-16,0,1.0,1.0
8583815059,2016-04-16,1,1.0,1.0
8583815059,2016-04-16,2,1.0,1.0
8583815059,2016-04-16,3,1.0,1.0
8583815059,2016-04-16,4,1.0,1.0
8583815059,2016-04-16,5,1.0,1.0
8583815059,2016-04-16,6,1.0,1.0
8583815059,2016-04-16,7,1.0,1.0
8583815059,2016-04-16,8,1.0,1.0
8583815059,2016-04-16,9,1.0,1.0
8583815059,2016-04-16,10,1.0,1.0
8583815059,2016-04-16,11,1.0,1.0
8583815059,2016-04-16,12,1.0,1.0
8583815059,2016-04-16,13,1.0,1.0
8583815059,2016-04-16,14,1.0,1.0
8583815059,2016-04-16,15,1.0,1.0
8583815059,2016-04-16,16,1.0,1.0
8583815059,2016-04-16,17,1.0,1.0
8583815059,2016-04-16,18,1.0,1.0
8583815059,2016-04-16,19,1.0,1.0
8583815059,2016-04-16,20,1.0,1.0
8583815059,2016-04-16,21,1.0,1.0
8583815059,2016-04-16,22,1.0,1.0
8583815059,2016-04-16,23,1.0,1.0
8583815059,2016-04-17,0,1.0,1.0
8583815059,2016-04-17,1,1.0,1.0
8583815059,2016-04-17,2,1.0,1.0
8583815059,2016-04-17,3,1.0,1.0
8583815059,2016-04-17,4,1.0,1.0
8583815059,2016-04-17,5,1.0,1.0
8583815059,2016-04-17,6,1.0,1.0
8583815059,2016-04-17,7,1.0,1.0
8583815059,2016-04-17,8,1.0,1.0
8583815059,2016-04-17,9,1.0,1.0
8583815059,2016-04-17,10,1.0,1.0
8583815059,2016-04-17,11,1.0,1.0
8583815059,2016-04-17,12,1.0,1.0
8583815059,2016-04-17,13,1.0,1.0
8583815059,2016-04-17,14,1.0,1.0
8583815059,2016-04-17,15,1.0,1.0
8583815059,2016-04-17,16,1.0,1.0
8583815059,2016-04-17,17,1.0,1.0
8583815059,2016-04-17,18,1.0,1.0
8583815059,2016-04-17,19,1.0,1.0
8583815059,2016-04-17,20,1.0,1.0
8583815059,2016-04-17,21,1.0,1.0
8583815059,2016-04-17,22,1.0,1.0
8583815059,2016-04-17,23,1.0,1.0
8583815059,2016-04-18,0,1.0,1.0
8583815059,2016-04-18,1,1.0,1.0
8583815059,2016-04-18,2,1.0,1.0
8583815059,2016-04-18,3,1.0,1.0
8583815059,2016-04-18,4,1.0,1.0
8583815059,2016-04-18,5,1.0,1.0
8583815059,2016-04-18,6,1.0,1.0
8583815059,2016-04-18,7,1.0,1.0
8583815059,2016-04-18,8,1.95,4.8
8583815059,2016-04-18,9,1.07,1.1
8583815059,2016-04-18,10,3.13,6.6
8583815059,2016-04-18,11,1.1,2.4
8583815059,2016-04-18,12,1.13,2.6
8583815059,2016-04-18,13,1.27,2.6
8583815059,2016-04-18,14,1.12,2.6
8583815059,2016-04-18,15,1.25,3.2
8583815059,2016-04-18,16,1.14,3.0
8583815059,2016-04-18,17,1.19,2.6
8583815059,2016-04-18,18,1.17,2.8
8583815059,2016-04-18,19,1.28,3.2
8583815059,2016-04-18,20,1.13,3.6
8583815059,2016-04-18,21,1.42,3.2
8583815059,2016-04-18,22,1.1,3.0
8583815059,2016-04-18,23,1.23,3.2
8583815059,2016-04-19,0,1.0,1.1
8583815059,2016-04-19,1,1.0,1.0
8583815059,2016-04-19,2,1.0,1.0
8583815059,2016-04-19,3,1.0,1.0
8583815059,2016-04-19,4,1.0,1.0
8583815059,2016-04-19,5,1.0,1.0
8583815059,2016-04-19,6,1.0,1.0
8583815059,2016-04-19,7,1.0,1.0
8583815059,2016-04-19,8,1.0,1.0
8583815059,2016-04-19,9,1.0,1.1
8583815059,2016-04-19,10,1.26,2.8
8583815059,2016-04-19,11,1.6,7.0
8583815059,2016-04-19,12,2.55,6.8
8583815059,2016-04-19,13,2.7,5.6
8583815059,2016-04-19,14,2.13,5.0
8583815059,2016-04-19,15,1.17,2.6
8583815059,2016-04-19,16,1.04,1.1
8583815059,2016-04-19,17,1.7,3.8
8583815059,2016-04-19,18,1.46,4.4
8583815059,2016-04-19,19,1.18,3.2
8583815059,2016-04-19,20,1.24,4.8
8583815059,2016-04-19,21,1.17,3.6
8583815059,2016-04-19,22,1.27,3.8
8583815059,2016-04-19,23,1.25,3.4
8583815059,2016-04-20,0,1.0,1.0
8583815059,2016-04-20,1,1.0,1.0
8583815059,2016-04-20,2,1.0,1.0
8583815059,2016-04-20,3,1.0,1.0
8583815059,2016-04-20,4,1.0,1.0
8583815059,2016-04-20,5,1.0,1.0
8583815059,2016-04-20,6,1.0,1.0
8583815059,2016-04-20,7,1.0,1.0
8583815059,2016-04-20,8,1.0,1.0
8583815059,2016-04-20,9,1.0,1.0
8583815059,2016-04-20,10,1.4,3.0
8583815059,2016-04-20,11,1.3,5.8
8583815059,2016-04-20,12,1.46,3.4
8583815059,2016-04-20,13,2.04,5.4
8583815059,2016-04-20,14,2.98,5.6
8583815059,2016-04-20,15,1.98,4.8
8583815059,2016-04-20,16,1.65,5.0
8583815059,2016-04-20,17,1.09,3.2
8583815059,2016-04-20,18,1.7,3.6
8583815059,2016-04-20,19,1.08,2.4
8583815059,2016-04-20,20,1.32,3.6
8583815059,2016-04-20,21,1.34,3.4
8583815059,2016-04-20,22,1.11,3.6
8583815059,2016-04-20,23,1.02,1.1
8583815059,2016-04-21,0,1.18,3.0
8583815059,2016-04-21,1,1.0,1.0
8583815059,2016-04-21,2,1.0,1.0
8583815059,2016-04-21,3,1.0,1.0
8583815059,2016-04-21,4,1.0,1.0
8583815059,2016-04-21,5,1.0,1.0
8583815059,2016-04-21,6,1.0,1.0
8583815059,2016-04-21,7,1.0,1.0
8583815059,2016-04-21,8,1.0,1.0
8583815059,2016-04-21,9,1.11,3.8
8583815059,2016-04-21,10,1.58,5.4
8583815059,2016-04-21,11,1.15,3.2
8583815059,2016-04-21,12,1.67,3.8
8583815059,2016-04-21,13,1.21,3.6
8583815059,2016-04-21,14,3.08,7.2
8583815059,2016-04-21,15,3.9,6.8
8583815059,2016-04-21,16,1.37,3.8
8583815059,2016-04-21,17,1.2,3.4
8583815059,2016-04-21,18,1.66,5.4
8583815059,2016-04-21,19,2.1,6.2
8583815059,2016-04-21,20,1.28,4.0
8583815059,2016-04-21,21,1.66,3.2
8583815059,2016-04-21,22,1.03,1.1
8583815059,2016-04-21,23,1.08,2.8
8583815059,2016-04-22,0,1.22,3.0
8583815059,2016-04-22,1,1.0,1.0
8583815059,2016-04-22,2,1.0,1.0
8583815059,2016-04-22,3,1.0,1.0
8583815059,2016-04-22,4,1.0,1.0
8583815059,2016-04-22,5,1.0,1.0
8583815059,2016-04-22,6,1.0,1.0
8583815059,2016-04-22,7,1.0,1.0
8583815059,2016-04-22,8,1.0,1.0
8583815059,2016-04-22,9,1.23,3.4
8583815059,2016-04-22,10,1.66,6.0
8583815059,2016-04-22,11,2.81,5.6
8583815059,2016-04-22,12,2.81,5.8
8583815059,2016-04-22,13,3.42,6.6
8583815059,2016-04-22,14,1.82,6.0
8583815059,2016-04-22,15,1.08,2.8
8583815059,2016-04-22,16,1.49,3.6
8583815059,2016-04-22,17,1.72,4.4
8583815059,2016-04-22,18,1.58,4.0
8583815059,2016-04-22,19,1.4,3.4
8583815059,2016-04-22,20,1.07,2.8
8583815059,2016-04-22,21,1.17,3.0
8583815059,2016-04-22,22,1.13,3.0
8583815059,2016-04-22,23,1.38,3.6
8583815059,2016-04-23,0,1.0,1.0
8583815059,2016-04-23,1,1.0,1.0
8583815059,2016-04-23,2,1.0,1.0
8583815059,2016-04-23,3,1.0,1.0
8583815059,2016-04-23,4,1.0,1.0
8583815059,2016-04-23,5,1.0,1.0
8583815059,2016-04-23,6,1.0,1.0
8583815059,2016-04-23,7,1.0,1.0
8583815059,2016-04-23,8,1.0,1.0
8583815059,2016-04-23,9,1.51,4.2
8583815059,2016-04-23,10,3.65,7.0
8583815059,2016-04-23,11,3.15,5.8
8583815059,2016-04-23,12,2.56,6.8
8583815059,2016-04-23,13,1.78,3.8
8583815059,2016-04-23,14,1.36,3.4
8583815059,2016-04-23,15,1.59,5.2
8583815059,2016-04-23,16,1.78,4.2
8583815059,2016-04-23,17,1.18,3.4
8583815059,2016-04-23,18,1.3,3.0
8583815059,2016-04-23,19,1.7,4.0
8583815059,2016-04-23,20,1.7,4.0
8583815059,2016-04-23,21,1.11,3.2
8583815059,2016-04-23,22,1.24,5.0
8583815059,2016-04-23,23,1.18,3.4
8583815059,2016-04-24,0,1.47,4.0
8583815059,2016-04-24,1,1.0,1.0
8583815059,2016-04-24,2,1.0,1.0
8583815059,2016-04-24,3,1.0,1.0
8583815059,2016-04-24,4,1.0,1.0
8583815059,2016-04-24,5,1.0,1.0
8583815059,2016-04-24,6,1.0,1.0
8583815059,2016-04-24,7,1.0,1.0
8583815059,2016-04-24,8,1.0,1.0
8583815059,2016-04-24,9,1.0,1.0
8583815059,2016-04-24,10,1.24,3.4
8583815059,2016-04-24,11,1.14,2.8
8583815059,2016-04-24,12,1.27,5.6
8583815059,2016-04-24,13,1.87,4.8
8583815059,2016-04-24,14,2.7,5.6
8583815059,2016-04-24,15,3.13,6.6
8583815059,2016-04-24,16,2.77,5.2
8583815059,2016-04-24,17,2.52,5.0
8583815059,2016-04-24,18,1.08,2.8
8583815059,2016-04-24,19,1.6,3.6
8583815059,2016-04-24,20,1.05,3.0
8583815059,2016-04-24,21,1.1,2.8
8583815059,2016-04-24,22,1.14,3.4
8583815059,2016-04-24,23,1.26,5.2
8583815059,2016-04-25,0,1.0,1.0
8583815059,2016-04-25,1,1.0,1.0
8583815059,2016-04-25,2,1.0,1.0
8583815059,2016-04-25,3,1.0,1.0
8583815059,2016-04-25,4,1.0,1.0
8583815059,2016-04-25,5,1.0,1.0
8583815059,2016-04-25,6,1.0,1.0
8583815059,2016-04-25,7,1.0,1.0
8583815059,2016-04-25,8,1.0,1.0
8583815059,2016-04-25,9,2.04,7.4
8583815059,2016-04-25,10,2.47,7.4
8583815059,2016-04-25,11,1.33,3.2
8583815059,2016-04-25,12,1.25,3.0
8583815059,2016-04-25,13,1.37,4.0
8583815059,2016-04-25,14,1.03,1.1
8583815059,2016-04-25,15,1.69,3.6
8583815059,2016-04-25,16,1.72,4.0
8583815059,2016-04-25,17,1.1,2.8
8583815059,2016-04-25,18,1.08,3.0
8583815059,2016-04-25,19,1.18,3.0
8583815059,2016-04-25,20,1.35,3.2
8583815059,2016-04-25,21,1.12,2.8
8583815059,2016-04-25,22,1.23,3.4
8583815059,2016-04-25,23,1.3,4.2
8583815059,2016-04-26,0,1.0,1.0
8583815059,2016-04-26,1,1.0,1.0
8583815059,2016-04-26,2,1.0,1.0
8583815059,2016-04-26,3,1.0,1.0
8583815059,2016-04-26,4,1.0,1.0
8583815059,2016-04-26,5,1.0,1.0
8583815059,2016-04-26,6,1.0,1.0
8583815059,2016-04-26,7,1.0,1.0
8583815059,2016-04-26,8,1.0,1.0
8583815059,2016-04-26,9,1.11,3.8
8583815059,2016-04-26,10,1.76,5.6
8583815059,2016-04-26,11,2.58,6.2
8583815059,2016-04-26,12,2.74,5.0
8583815059,2016-04-26,13,2.05,5.4
8583815059,2016-04-26,14,2.11,6.4
8583815059,2016-04-26,15,3.86,5.6
8583815059,2016-04-26,16,2.24,5.4
8583815059,2016-04-26,17,1.66,3.8
8583815059,2016-04-26,18,1.32,3.6
8583815059,2016-04-26,19,1.79,4.0
8583815059,2016-04-26,20,1.33,3.2
8583815059,2016-04-26,21,1.13,3.2
8583815059,2016-04-26,22,1.05,2.8
8583815059,2016-04-26,23,1.05,1.1
8583815059,2016-04-27,0,1.17,3.6
8583815059,2016-04-27,1,1.0,1.0
8583815059,2016-04-27,2,1.0,1.0
8583815059,2016-04-27,3,1.0,1.0
8583815059,2016-04-27,4,1.0,1.0
8583815059,2016-04-27,5,1.0,1.0
8583815059,2016-04-27,6,1.0,1.0
8583815059,2016-04-27,7,1.0,1.0
8583815059,2016-04-27,8,1.0,1.0
8583815059,2016-04-27,9,1.0,1.0
8583815059,2016-04-27,10,1.08,3.0
8583815059,2016-04-27,11,1.14,3.6
8583815059,2016-04-27,12,1.36,4.2
8583815059,2016-04-27,13,3.48,7.4
8583815059,2016-04-27,14,2.82,7.4
8583815059,2016-04-27,15,7.03,8.0
8583815059,2016-04-27,16,2.11,7.4
8583815059,2016-04-27,17,1.14,3.2
8583815059,2016-04-27,18,1.08,3.4
8583815059,2016-04-27,19,1.14,3.0
8583815059,2016-04-27,20,1.14,2.6
8583815059,2016-04-27,21,1.27,3.0
8583815059,2016-04-27,22,1.12,3.0
8583815059,2016-04-27,23,1.25,3.8
8583815059,2016-04-28,0,1.0,1.0
8583815059,2016-04-28,1,1.0,1.0
8583815059,2016-04-28,2,1.0,1.0
8583815059,2016-04-28,3,1.0,1.0
8583815059,2016-04-28,4,1.0,1.0
8583815059,2016-04-28,5,1.0,1.0
8583815059,2016-04-28,6,1.0,1.0
8583815059,2016-04-28,7,1.0,1.0
8583815059,2016-04-28,8,1.0,1.0
8583815059,2016-04-28,9,1.7,4.2
8583815059,2016-04-28,10,1.07,2.6
8583815059,2016-04-28,11,1.23,3.4
8583815059,2016-04-28,12,1.98,6.2
8583815059,2016-04-28,13,3.17,6.2
8583815059,2016-04-28,14,2.64,4.4
8583815059,2016-04-28,15,1.53,4.0
8583815059,2016-04-28,16,1.4,3.8
8583815059,2016-04-28,17,1.32,3.4
8583815059,2016-04-28,18,1.22,3.6
8583815059,2016-04-28,19,1.35,3.6
8583815059,2016-04-28,20,1.41,4.0
8583815059,2016-04-28,21,1.3,3.0
8583815059,2016-04-28,22,1.18,3.0
8583815059,2016-04-28,23,1.28,3.4
8583815059,2016-04-29,0,1.0,1.0
8583815059,2016-04-29,1,1.0,1.0
8583815059,2016-04-29,2,1.0,1.0
8583815059,2016-04-29,3,1.0,1.0
8583815059,2016-04-29,4,1.0,1.0
8583815059,2016-04-29,5,1.0,1.0
8583815059,2016-04-29,6,1.0,1.0
8583815059,2016-04-29,7,1.28,4.0
8583815059,2016-04-29,8,4.85,7.6
8583815059,2016-04-29,9,1.16,3.4
8583815059,2016-04-29,10,1.47,3.4
8583815059,2016-04-29,11,1.6,4.2
8583815059,2016-04-29,12,1.88,5.0
8583815059,2016-04-29,13,3.07,6.0
8583815059,2016-04-29,14,3.66,7.2
8583815059,2016-04-29,15,3.99,6.8
8583815059,2016-04-29,16,2.34,5.0
8583815059,2016-04-29,17,1.48,4.2
8583815059,2016-04-29,18,1.62,3.6
8583815059,2016-04-29,19,1.25,3.2
8583815059,2016-04-29,20,1.15,2.8
8583815059,2016-04-29,21,1.38,3.2
8583815059,2016-04-29,22,1.38,3.4
8583815059,2016-04-29,23,1.13,3.8
8583815059,2016-04-30,0,1.23,3.8
8583815059,2016-04-30,1,1.0,1.0
8583815059,2016-04-30,2,1.0,1.0
8583815059,2016-04-30,3,1.0,1.0
8583815059,2016-04-30,4,1.0,1.0
8583815059,2016-04-30,5,1.0,1.0
8583815059,2016-04-30,6,1.0,1.0
8583815059,2016-04-30,7,1.0,1.0
8583815059,2016-04-30,8,1.0,1.0
8583815059,2016-04-30,9,1.05,3.6
8583815059,2016-04-30,10,1.75,5.0
8583815059,2016-04-30,11,1.86,5.0
8583815059,2016-04-30,12,3.01,5.2
8583815059,2016-04-30,13,2.95,6.4
8583815059,2016-04-30,14,1.91,4.4
8583815059,2016-04-30,15,2.54,7.0
8583815059,2016-04-30,16,1.76,4.0
8583815059,2016-04-30,17,1.83,4.0
8583815059,2016-04-30,18,1.62,4.2
8583815059,2016-04-30,19,1.42,3.2
8583815059,2016-04-30,20,1.6,3.6
8583815059,2016-04-30,21,1.5,3.6
8583815059,2016-04-30,22,2.0,6.4
8583815059,2016-04-30,23,1.6,4.0
8583815059,2016-05-01,0,2.68,7.0
8583815059,2016-05-01,1,1.16,3.2
8583815059,2016-05-01,2,1.0,1.0
8583815059,2016-05-01,3,1.0,1.0
8583815059,2016-05-01,4,1.0,1.0
8583815059,2016-05-01,5,1.0,1.0
8583815059,2016-05-01,6,1.0,1.0
8583815059,2016-05-01,7,1.0,1.0
8583815059,2016-05-01,8,1.0,1.0
8583815059,2016-05-01,9,1.0,1.0
8583815059,2016-05-01,10,1.81,5.4
8583815059,2016-05-01,11,2.48,5.6
8583815059,2016-05-01,12,1.8,3.6
8583815059,2016-05-01,13,1.02,1.1
8583815059,2016-05-01,14,1.06,2.4
8583815059,2016-05-01,15,1.03,1.1
8583815059,2016-05-01,16,1.18,3.2
8583815059,2016-05-01,17,1.03,1.1
8583815059,2016-05-01,18,1.0,1.1
8583815059,2016-05-01,19,1.0,1.0
8583815059,2016-05-01,20,1.0,1.0
8583815059,2016-05-01,21,1.0,1.0
8583815059,2016-05-01,22,1.0,1.0
8583815059,2016-05-01,23,1.0,1.0
8583815059,2016-05-02,0,1.0,1.0
8583815059,2016-05-02,1,1.0,1.0
8583815059,2016-05-02,2,1.0,1.0
8583815059,2016-05-02,3,1.0,1.0
8583815059,2016-05-02,4,1.0,1.0
8583815059,2016-05-02,5,1.0,1.0
8583815059,2016-05-02,6,1.0,1.0
8583815059,2016-05-02,7,1.0,1.0
8583815059,2016-05-02,8,1.0,1.0
8583815059,2016-05-02,9,1.0,1.0
8583815059,2016-05-02,10,1.0,1.0
8583815059,2016-05-02,11,1.0,1.0
8583815059,2016-05-02,12,1.0,1.0
8583815059,2016-05-02,13,1.0,1.0
8583815059,2016-05-02,14,1.0,1.0
8583815059,2016-05-02,15,1.0,1.0
8583815059,2016-05-02,16,1.0,1.0
8583815059,2016-05-02,17,1.0,1.0
8583815059,2016-05-02,18,1.0,1.0
8583815059,2016-05-02,19,1.0,1.0
8583815059,2016-05-02,20,1.0,1.0
8583815059,2016-05-02,21,1.0,1.0
8583815059,2016-05-02,22,1.0,1.0
8583815059,2016-05-02,23,1.0,1.0
8583815059,2016-05-03,0,1.0,1.0
8583815059,2016-05-03,1,1.0,1.0
8583815059,2016-05-03,2,1.0,1.0
8583815059,2016-05-03,3,1.0,1.0
8583815059,2016-05-03,4,1.0,1.0
8583815059,2016-05-03,5,1.0,1.0
8583815059,2016-05-03,6,1.0,1.0
8583815059,2016-05-03,7,1.0,1.0
8583815059,2016-05-03,8,1.0,1.0
8583815059,2016-05-03,9,1.0,1.0
8583815059,2016-05-03,10,1.0,1.0
8583815059,2016-05-03,11,1.0,1.0
8583815059,2016-05-03,12,1.0,1.0
8583815059,2016-05-03,13,1.0,1.0
8583815059,2016-05-03,14,1.0,1.0
8583815059,2016-05-03,15,1.0,1.0
8583815059,2016-05-03,16,1.0,1.0
8583815059,2016-05-03,17,1.0,1.0
8583815059,2016-05-03,18,1.0,1.0
8583815059,2016-05-03,19,1.0,1.0
8583815059,2016-05-03,20,1.0,1.0
8583815059,2016-05-03,21,1.0,1.0
8583815059,2016-05-03,22,1.0,1.0
8583815059,2016-05-03,23,1.0,1.0
8583815059,2016-05-04,0,1.0,1.0
8583815059,2016-05-04,1,1.0,1.0
8583815059,2016-05-04,2,1.0,1.0
8583815059,2016-05-04,3,1.0,1.0
8583815059,2016-05-04,4,1.0,1.0
8583815059,2016-05-04,5,1.0,1.0
8583815059,2016-05-04,6,1.0,1.0
8583815059,2016-05-04,7,1.0,1.0
8583815059,2016-05-04,8,1.0,1.0
8583815059,2016-05-04,9,1.0,1.0
8583815059,2016-05-04,10,1.0,1.0
8583815059,2016-05-04,11,1.0,1.0
8583815059,2016-05-04,12,1.0,1.0
8583815059,2016-05-04,13,1.0,1.0
8583815059,2016-05-04,14,1.0,1.0
8583815059,2016-05-04,15,1.0,1.0
8583815059,2016-05-04,16,1.0,1.0
8583815059,2016-05-04,17,1.0,1.0
8583815059,2016-05-04,18,1.0,1.0
8583815059,2016-05-04,19,1.0,1.0
8583815059,2016-05-04,20,1.0,1.0
8583815059,2016-05-04,21,1.0,1.0
8583815059,2016-05-04,22,1.0,1.0
8583815059,2016-05-04,23,1.0,1.0
8583815059,2016-05-05,0,1.0,1.0
8583815059,2016-05-05,1,1.0,1.0
8583815059,2016-05-05,2,1.0,1.0
8583815059,2016-05-05,3,1.0,1.0
8583815059,2016-05-05,4,1.0,1.0
8583815059,2016-05-05,5,1.0,1.0
8583815059,2016-05-05,6,1.0,1.0
8583815059,2016-05-05,7,1.0,1.0
8583815059,2016-05-05,8,1.0,1.0
8583815059,2016-05-05,9,1.0,1.0
8583815059,2016-05-05,10,1.0,1.0
8583815059,2016-05-05,11,1.0,1.0
8583815059,2016-05-05,12,1.0,1.0
8583815059,2016-05-05,13,1.0,1.0
8583815059,2016-05-05,14,1.0,1.0
8583815059,2016-05-05,15,1.0,1.0
8583815059,2016-05-05,16,1.0,1.0
8583815059,2016-05-05,17,1.0,1.0
8583815059,2016-05-05,18,1.97,6.0
8583815059,2016-05-05,19,1.4,5.0
8583815059,2016-05-05,20,1.45,3.4
8583815059,2016-05-05,21,1.22,3.0
8583815059,2016-05-05,22,1.37,3.8
8583815059,2016-05-05,23,1.13,3.6
8583815059,2016-05-06,0,1.03,2.6
8583815059,2016-05-06,1,1.0,1.0
8583815059,2016-05-06,2,1.0,1.0
8583815059,2016-05-06,3,1.0,1.0
8583815059,2016-05-06,4,1.0,1.0
8583815059,2016-05-06,5,1.0,1.0
8583815059,2016-05-06,6,1.0,1.0
8583815059,2016-05-06,7,1.0,1.0
8583815059,2016-05-06,8,1.0,1.0
8583815059,2016-05-06,9,1.0,1.0
8583815059,2016-05-06,10,1.15,2.8
8583815059,2016-05-06,11,1.75,5.6
8583815059,2016-05-06,12,2.63,6.0
8583815059,2016-05-06,13,2.78,6.2
8583815059,2016-05-06,14,1.5,5.0
8583815059,2016-05-06,15,1.06,2.4
8583815059,2016-05-06,16,1.06,2.8
8583815059,2016-05-06,17,1.12,3.4
8583815059,2016-05-06,18,1.0,1.0
8583815059,2016-05-06,19,2.06,5.8
8583815059,2016-05-06,20,2.01,6.8
8583815059,2016-05-06,21,1.18,3.0
8583815059,2016-05-06,22,1.3,2.8
8583815059,2016-05-06,23,1.25,3.0
8583815059,2016-05-07,0,1.16,3.2
8583815059,2016-05-07,1,1.0,1.0
8583815059,2016-05-07,2,1.0,1.0
8583815059,2016-05-07,3,1.0,1.0
8583815059,2016-05-07,4,1.0,1.0
8583815059,2016-05-07,5,1.0,1.0
8583815059,2016-05-07,6,1.0,1.0
8583815059,2016-05-07,7,1.0,1.0
8583815059,2016-05-07,8,1.0,1.0
8583815059,2016-05-07,9,1.63,4.4
8583815059,2016-05-07,10,1.38,5.0
8583815059,2016-05-07,11,1.79,6.8
8583815059,2016-05-07,12,1.83,7.0
8583815059,2016-05-07,13,1.74,4.2
8583815059,2016-05-07,14,1.72,3.6
8583815059,2016-05-07,15,1.76,3.8
8583815059,2016-05-07,16,1.24,3.6
8583815059,2016-05-07,17,1.21,3.4
8583815059,2016-05-07,18,1.8,4.0
8583815059,2016-05-07,19,2.08,5.8
8583815059,2016-05-07,20,1.71,4.0
8583815059,2016-05-07,21,1.7,3.6
8583815059,2016-05-07,22,1.32,3.2
8583815059,2016-05-07,23,1.34,3.2
8583815059,2016-05-08,0,1.19,3.2
8583815059,2016-05-08,1,1.26,3.2
8583815059,2016-05-08,2,1.0,1.0
8583815059,2016-05-08,3,1.0,1.0
8583815059,2016-05-08,4,1.0,1.0
8583815059,2016-05-08,5,1.0,1.0
8583815059,2016-05-08,6,1.0,1.0
8583815059,2016-05-08,7,1.0,1.0
8583815059,2016-05-08,8,1.0,1.0
8583815059,2016-05-08,9,1.0,1.0
8583815059,2016-05-08,10,1.21,3.4
8583815059,2016-05-08,11,1.57,4.4
8583815059,2016-05-08,12,3.51,6.6
8583815059,2016-05-08,13,3.6,6.0
8583815059,2016-05-08,14,2.98,6.2
8583815059,2016-05-08,15,1.42,4.2
8583815059,2016-05-08,16,1.07,3.4
8583815059,2016-05-08,17,1.0,1.0
8583815059,2016-05-08,18,1.31,3.4
8583815059,2016-05-08,19,2.21,5.8
8583815059,2016-05-08,20,1.42,3.4
8583815059,2016-05-08,21,1.02,1.1
8583815059,2016-05-08,22,1.05,2.8
8583815059,2016-05-08,23,1.13,3.0
8583815059,2016-05-09,0,1.0,1.0
8583815059,2016-05-09,1,1.0,1.0
8583815059,2016-05-09,2,1.0,1.0
8583815059,2016-05-09,3,1.0,1.0
8583815059,2016-05-09,4,1.0,1.0
8583815059,2016-05-09,5,1.0,1.0
8583815059,2016-05-09,6,1.0,1.0
8583815059,2016-05-09,7,1.0,1.0
8583815059,2016-05-09,8,1.0,1.0
8583815059,2016-05-09,9,1.19,4.4
8583815059,2016-05-09,10,1.02,1.1
8583815059,2016-05-09,11,1.18,3.0
8583815059,2016-05-09,12,1.1,2.6
8583815059,2016-05-09,13,1.02,1.1
8583815059,2016-05-09,14,1.82,3.8
8583815059,2016-05-09,15,7.09,8.0
8583815059,2016-05-09,16,2.05,7.6
8583815059,2016-05-09,17,1.03,1.1
8583815059,2016-05-09,18,1.06,2.6
8583815059,2016-05-09,19,1.93,3.8
8583815059,2016-05-09,20,1.83,4.0
8583815059,2016-05-09,21,1.25,3.4
8583815059,2016-05-09,22,1.33,5.4
8583815059,2016-05-09,23,1.03,2.4
8583815059,2016-05-10,0,1.35,3.8
8583815059,2016-05-10,1,1.0,1.0
8583815059,2016-05-10,2,1.0,1.0
8583815059,2016-05-10,3,1.0,1.0
8583815059,2016-05-10,4,1.0,1.0
8583815059,2016-05-10,5,1.0,1.0
8583815059,2016-05-10,6,1.0,1.0
8583815059,2016-05-10,7,1.0,1.0
8583815059,2016-05-10,8,1.0,1.0
8583815059,2016-05-10,9,1.41,4.2
8583815059,2016-05-10,10,1.48,5.2
8583815059,2016-05-10,11,1.8,4.2
8583815059,2016-05-10,12,3.71,7.0
8583815059,2016-05-10,13,3.48,6.6
8583815059,2016-05-10,14,2.13,7.4
8583815059,2016-05-10,15,1.01,1.1
8583815059,2016-05-10,16,1.13,3.4
8583815059,2016-05-10,17,1.03,2.6
8583815059,2016-05-10,18,1.16,2.8
8583815059,2016-05-10,19,1.49,3.6
8583815059,2016-05-10,20,1.22,3.6
8583815059,2016-05-10,21,1.17,3.4
8583815059,2016-05-10,22,1.08,3.2
8583815059,2016-05-10,23,1.1,2.8
8583815059,2016-05-11,0,1.23,4.2
8583815059,2016-05-11,1,1.0,1.0
8583815059,2016-05-11,2,1.0,1.0
8583815059,2016-05-11,3,1.0,1.0
8583815059,2016-05-11,4,1.0,1.0
8583815059,2016-05-11,5,1.0,1.0
8583815059,2016-05-11,6,1.0,1.0
8583815059,2016-05-11,7,1.0,1.0
8583815059,2016-05-11,8,1.0,1.0
8583815059,2016-05-11,9,1.14,3.6
8583815059,2016-05-11,10,1.01,1.1
8583815059,2016-05-11,11,1.19,3.2
8583815059,2016-05-11,12,1.74,5.8
8583815059,2016-05-11,13,3.38,6.2
8583815059,2016-05-11,14,3.8,7.0
8583815059,2016-05-11,15,1.64,6.2
8583815059,2016-05-11,16,2.23,5.6
8583815059,2016-05-11,17,1.48,5.8
8583815059,2016-05-11,18,1.3,3.6
8583815059,2016-05-11,19,1.06,2.8
8583815059,2016-05-11,20,1.9,3.6
8583815059,2016-05-11,21,1.35,3.4
8792009665,2016-04-12,0,1.0,1.0
8792009665,2016-04-12,1,1.0,1.0
8792009665,2016-04-12,2,1.15,4.7
8792009665,2016-04-12,3,1.0,1.1
8792009665,2016-04-12,4,1.0,1.1
8792009665,2016-04-12,5,1.0,1.1
8792009665,2016-04-12,6,1.0,1.1
8792009665,2016-04-12,7,1.0,1.1
8792009665,2016-04-12,8,1.09,3.0
8792009665,2016-04-12,9,1.01,1.3
8792009665,2016-04-12,10,1.2,3.2
8792009665,2016-04-12,11,1.12,3.0
8792009665,2016-04-12,12,1.85,6.6
8792009665,2016-04-12,13,1.08,2.6
8792009665,2016-04-12,14,1.04,2.6
8792009665,2016-04-12,15,1.28,4.8
8792009665,2016-04-12,16,1.27,3.8
8792009665,2016-04-12,17,1.06,2.6
8792009665,2016-04-12,18,2.04,5.8
8792009665,2016-04-12,19,2.13,4.6
8792009665,2016-04-12,20,1.18,3.8
8792009665,2016-04-12,21,1.06,2.6
8792009665,2016-04-12,22,1.12,2.8
8792009665,2016-04-12,23,1.37,3.6
8792009665,2016-04-13,0,1.43,3.4
8792009665,2016-04-13,1,1.09,2.6
8792009665,2016-04-13,2,1.03,2.4
8792009665,2016-04-13,3,1.0,1.1
8792009665,2016-04-13,4,1.0,1.1
8792009665,2016-04-13,5,1.0,1.1
8792009665,2016-04-13,6,1.03,2.6
8792009665,2016-04-13,7,1.1,3.4
8792009665,2016-04-13,8,1.01,1.1
8792009665,2016-04-13,9,1.0,1.1
8792009665,2016-04-13,10,1.15,3.2
8792009665,2016-04-13,11,1.3,3.4
8792009665,2016-04-13,12,1.09,2.6
8792009665,2016-04-13,13,1.38,5.6
8792009665,2016-04-13,14,1.01,1.1
8792009665,2016-04-13,15,1.14,2.8
8792009665,2016-04-13,16,1.04,2.6
8792009665,2016-04-13,17,1.16,3.4
8792009665,2016-04-13,18,1.25,3.4
8792009665,2016-04-13,19,1.62,5.2
8792009665,2016-04-13,20,1.3,3.6
8792009665,2016-04-13,21,1.1,4.0
8792009665,2016-04-13,22,1.21,3.8
8792009665,2016-04-13,23,1.07,1.3
8792009665,2016-04-14,0,1.86,6.8
8792009665,2016-04-14,1,1.2,3.8
8792009665,2016-04-14,2,1.06,2.6
8792009665,2016-04-14,3,1.0,1.0
8792009665,2016-04-14,4,1.0,1.1
8792009665,2016-04-14,5,1.0,1.1
8792009665,2016-04-14,6,1.03,2.4
8792009665,2016-04-14,7,1.01,1.3
8792009665,2016-04-14,8,1.03,2.4
8792009665,2016-04-14,9,1.01,1.2
8792009665,2016-04-14,10,1.01,1.1
8792009665,2016-04-14,11,1.5,4.0
8792009665,2016-04-14,12,1.39,3.8
8792009665,2016-04-14,13,1.15,2.6
8792009665,2016-04-14,14,1.02,1.3
8792009665,2016-04-14,15,1.14,3.0
8792009665,2016-04-14,16,1.1,2.6
8792009665,2016-04-14,17,1.35,6.0
8792009665,2016-04-14,18,1.57,4.6
8792009665,2016-04-14,19,1.0,1.0
8792009665,2016-04-14,20,1.0,1.0
8792009665,2016-04-14,21,1.17,4.6
8792009665,2016-04-14,22,1.05,2.4
8792009665,2016-04-14,23,1.25,3.4
8792009665,2016-04-15,0,1.49,4.6
8792009665,2016-04-15,1,1.1,2.8
8792009665,2016-04-15,2,1.1,3.2
8792009665,2016-04-15,3,1.11,2.6
8792009665,2016-04-15,4,1.03,2.4
8792009665,2016-04-15,5,1.0,1.0
8792009665,2016-04-15,6,1.0,1.2
8792009665,2016-04-15,7,1.01,1.2
8792009665,2016-04-15,8,1.01,1.3
8792009665,2016-04-15,9,1.09,3.8
8792009665,2016-04-15,10,1.16,3.4
8792009665,2016-04-15,11,1.36,4.2
8792009665,2016-04-15,12,1.15,3.6
8792009665,2016-04-15,13,1.06,2.6
8792009665,2016-04-15,14,1.01,1.1
8792009665,2016-04-15,15,1.09,2.8
8792009665,2016-04-15,16,1.35,4.0
8792009665,2016-04-15,17,1.13,3.8
8792009665,2016-04-15,18,2.04,4.0
8792009665,2016-04-15,19,1.5,3.4
8792009665,2016-04-15,20,1.32,3.8
8792009665,2016-04-15,21,1.01,1.1
8792009665,2016-04-15,22,1.25,3.0
8792009665,2016-04-15,23,1.17,3.4
8792009665,2016-04-16,0,1.18,3.4
8792009665,2016-04-16,1,1.28,3.6
8792009665,2016-04-16,2,1.0,1.0
8792009665,2016-04-16,3,1.0,1.0
8792009665,2016-04-16,4,1.0,1.0
8792009665,2016-04-16,5,1.0,1.0
8792009665,2016-04-16,6,1.0,1.0
8792009665,2016-04-16,7,1.0,1.0
8792009665,2016-04-16,8,1.0,1.0
8792009665,2016-04-16,9,1.0,1.0
8792009665,2016-04-16,10,1.0,1.0
8792009665,2016-04-16,11,1.0,1.0
8792009665,2016-04-16,12,1.0,1.0
8792009665,2016-04-16,13,1.0,1.0
8792009665,2016-04-16,14,1.0,1.0
8792009665,2016-04-16,15,1.0,1.0
8792009665,2016-04-16,16,1.0,1.0
8792009665,2016-04-16,17,1.0,1.0
8792009665,2016-04-16,18,1.0,1.0
8792009665,2016-04-16,19,1.0,1.0
8792009665,2016-04-16,20,1.0,1.0
8792009665,2016-04-16,21,1.0,1.0
8792009665,2016-04-16,22,1.0,1.0
8792009665,2016-04-16,23,1.0,1.0
8792009665,2016-04-17,0,1.0,1.0
8792009665,2016-04-17,1,1.0,1.0
8792009665,2016-04-17,2,1.0,1.0
8792009665,2016-04-17,3,1.0,1.0
8792009665,2016-04-17,4,1.0,1.0
8792009665,2016-04-17,5,1.0,1.0
8792009665,2016-04-17,6,1.0,1.0
8792009665,2016-04-17,7,1.0,1.0
8792009665,2016-04-17,8,1.0,1.0
8792009665,2016-04-17,9,1.0,1.0
8792009665,2016-04-17,10,1.0,1.0
8792009665,2016-04-17,11,1.0,1.0
8792009665,2016-04-17,12,1.0,1.0
8792009665,2016-04-17,13,1.0,1.0
8792009665,2016-04-17,14,1.0,1.0
8792009665,2016-04-17,15,1.0,1.0
8792009665,2016-04-17,16,1.0,1.0
8792009665,2016-04-17,17,1.0,1.0
8792009665,2016-04-17,18,1.0,1.0
8792009665,2016-04-17,19,1.0,1.0
8792009665,2016-04-17,20,1.0,1.0
8792009665,2016-04-17,21,1.0,1.0
8792009665,2016-04-17,22,1.0,1.0
8792009665,2016-04-17,23,1.0,1.0
8792009665,2016-04-18,0,1.0,1.0
8792009665,2016-04-18,1,1.0,1.0
8792009665,2016-04-18,2,1.0,1.0
8792009665,2016-04-18,3,1.0,1.0
8792009665,2016-04-18,4,1.0,1.0
8792009665,2016-04-18,5,1.0,1.0
8792009665,2016-04-18,6,1.0,1.0
8792009665,2016-04-18,7,1.0,1.0
8792009665,2016-04-18,8,1.0,1.0
8792009665,2016-04-18,9,1.0,1.0
8792009665,2016-04-18,10,1.0,1.0
8792009665,2016-04-18,11,1.0,1.0
8792009665,2016-04-18,12,1.0,1.0
8792009665,2016-04-18,13,1.0,1.0
8792009665,2016-04-18,14,1.0,1.0
8792009665,2016-04-18,15,1.0,1.0
8792009665,2016-04-18,16,1.0,1.0
8792009665,2016-04-18,17,1.0,1.0
8792009665,2016-04-18,18,1.0,1.0
8792009665,2016-04-18,19,1.0,1.0
8792009665,2016-04-18,20,1.0,1.0
8792009665,2016-04-18,21,1.0,1.0
8792009665,2016-04-18,22,1.0,1.0
8792009665,2016-04-18,23,1.0,1.0
8792009665,2016-04-19,0,1.0,1.0
8792009665,2016-04-19,1,1.0,1.0
8792009665,2016-04-19,2,1.0,1.0
8792009665,2016-04-19,3,1.0,1.0
8792009665,2016-04-19,4,1.0,1.0
8792009665,2016-04-19,5,1.0,1.0
8792009665,2016-04-19,6,1.0,1.0
8792009665,2016-04-19,7,1.0,1.0
8792009665,2016-04-19,8,1.0,1.0
8792009665,2016-04-19,9,1.0,1.0
8792009665,2016-04-19,10,1.0,1.0
8792009665,2016-04-19,11,1.0,1.0
8792009665,2016-04-19,12,1.0,1.0
8792009665,2016-04-19,13,1.0,1.0
8792009665,2016-04-19,14,1.0,1.0
8792009665,2016-04-19,15,1.0,1.0
8792009665,2016-04-19,16,1.0,1.0
8792009665,2016-04-19,17,1.0,1.0
8792009665,2016-04-19,18,1.0,1.0
8792009665,2016-04-19,19,1.0,1.0
8792009665,2016-04-19,20,1.0,1.0
8792009665,2016-04-19,21,1.0,1.0
8792009665,2016-04-19,22,1.0,1.0
8792009665,2016-04-19,23,1.0,1.0
8792009665,2016-04-20,0,1.0,1.0
8792009665,2016-04-20,1,1.01,1.3
8792009665,2016-04-20,2,1.05,2.2
8792009665,2016-04-20,3,1.0,1.1
8792009665,2016-04-20,4,1.0,1.1
8792009665,2016-04-20,5,1.02,2.2
8792009665,2016-04-20,6,1.0,1.1
8792009665,2016-04-20,7,1.0,1.1
8792009665,2016-04-20,8,1.0,1.0
8792009665,2016-04-20,9,1.06,3.0
8792009665,2016-04-20,10,1.02,1.2
8792009665,2016-04-20,11,1.31,3.4
8792009665,2016-04-20,12,1.6,4.6
8792009665,2016-04-20,13,1.05,1.3
8792009665,2016-04-20,14,1.08,2.4
8792009665,2016-04-20,15,1.05,2.4
8792009665,2016-04-20,16,1.21,4.2
8792009665,2016-04-20,17,3.14,6.0
8792009665,2016-04-20,18,1.43,3.4
8792009665,2016-04-20,19,1.57,5.0
8792009665,2016-04-20,20,2.42,5.2
8792009665,2016-04-20,21,1.67,4.2
8792009665,2016-04-20,22,1.29,3.8
8792009665,2016-04-20,23,1.11,2.6
8792009665,2016-04-21,0,1.45,4.8
8792009665,2016-04-21,1,1.0,1.0
8792009665,2016-04-21,2,1.0,1.0
8792009665,2016-04-21,3,1.0,1.0
8792009665,2016-04-21,4,1.0,1.0
8792009665,2016-04-21,5,1.0,1.0
8792009665,2016-04-21,6,1.0,1.0
8792009665,2016-04-21,7,1.0,1.0
8792009665,2016-04-21,8,1.0,1.0
8792009665,2016-04-21,9,1.0,1.0
8792009665,2016-04-21,10,1.0,1.1
8792009665,2016-04-21,11,1.0,1.0
8792009665,2016-04-21,12,1.0,1.0
8792009665,2016-04-21,13,1.0,1.0
8792009665,2016-04-21,14,1.0,1.0
8792009665,2016-04-21,15,1.0,1.0
8792009665,2016-04-21,16,1.0,1.0
8792009665,2016-04-21,17,1.0,1.0
8792009665,2016-04-21,18,1.0,1.0
8792009665,2016-04-21,19,1.0,1.0
8792009665,2016-04-21,20,1.0,1.0
8792009665,2016-04-21,21,1.0,1.0
8792009665,2016-04-21,22,1.0,1.0
8792009665,2016-04-21,23,1.0,1.0
8792009665,2016-04-22,0,1.11,7.4
8792009665,2016-04-22,1,1.26,7.1
8792009665,2016-04-22,2,1.08,3.4
8792009665,2016-04-22,3,1.0,1.1
8792009665,2016-04-22,4,1.0,1.0
8792009665,2016-04-22,5,1.01,1.1
8792009665,2016-04-22,6,1.0,1.1
8792009665,2016-04-22,7,1.02,2.4
8792009665,2016-04-22,8,1.21,4.2
8792009665,2016-04-22,9,1.22,3.6
8792009665,2016-04-22,10,1.21,3.0
8792009665,2016-04-22,11,1.59,4.8
8792009665,2016-04-22,12,1.36,4.0
8792009665,2016-04-22,13,1.11,2.6
8792009665,2016-04-22,14,1.0,1.1
8792009665,2016-04-22,15,1.05,2.6
8792009665,2016-04-22,16,2.71,6.6
8792009665,2016-04-22,17,2.46,5.6
8792009665,2016-04-22,18,2.56,7.7
8792009665,2016-04-22,19,3.03,6.0
8792009665,2016-04-22,20,2.13,6.4
8792009665,2016-04-22,21,1.1,2.8
8792009665,2016-04-22,22,1.12,2.6
8792009665,2016-04-22,23,1.03,1.1
8792009665,2016-04-23,0,1.73,6.0
8792009665,2016-04-23,1,1.68,6.4
8792009665,2016-04-23,2,1.14,2.8
8792009665,2016-04-23,3,1.06,2.4
8792009665,2016-04-23,4,1.01,1.1
8792009665,2016-04-23,5,1.01,1.3
8792009665,2016-04-23,6,1.0,1.2
8792009665,2016-04-23,7,1.01,1.3
8792009665,2016-04-23,8,1.0,1.0
8792009665,2016-04-23,9,1.55,4.0
8792009665,2016-04-23,10,2.08,7.6
8792009665,2016-04-23,11,2.46,4.8
8792009665,2016-04-23,12,1.5,4.6
8792009665,2016-04-23,13,4.32,9.8
8792009665,2016-04-23,14,2.06,6.2
8792009665,2016-04-23,15,2.17,5.4
8792009665,2016-04-23,16,2.39,5.2
8792009665,2016-04-23,17,1.81,4.6
8792009665,2016-04-23,18,2.11,4.6
8792009665,2016-04-23,19,1.17,2.8
8792009665,2016-04-23,20,1.45,4.6
8792009665,2016-04-23,21,1.12,2.8
8792009665,2016-04-23,22,1.15,2.8
8792009665,2016-04-23,23,1.07,2.4
8792009665,2016-04-24,0,1.18,3.2
8792009665,2016-04-24,1,2.4,6.2
8792009665,2016-04-24,2,1.0,1.0
8792009665,2016-04-24,3,1.0,1.0
8792009665,2016-04-24,4,1.0,1.0
8792009665,2016-04-24,5,1.0,1.0
8792009665,2016-04-24,6,1.0,1.0
8792009665,2016-04-24,7,1.0,1.0
8792009665,2016-04-24,8,1.0,1.0
8792009665,2016-04-24,9,1.0,1.0
8792009665,2016-04-24,10,1.0,1.0
8792009665,2016-04-24,11,1.0,1.0
8792009665,2016-04-24,12,1.0,1.0
8792009665,2016-04-24,13,1.0,1.0
8792009665,2016-04-24,14,1.0,1.0
8792009665,2016-04-24,15,1.0,1.0
8792009665,2016-04-24,16,1.0,1.0
8792009665,2016-04-24,17,1.0,1.0
8792009665,2016-04-24,18,1.0,1.0
8792009665,2016-04-24,19,1.0,1.0
8792009665,2016-04-24,20,1.0,1.0
8792009665,2016-04-24,21,1.0,1.0
8792009665,2016-04-24,22,1.0,1.0
8792009665,2016-04-24,23,1.0,1.0
8792009665,2016-04-25,0,1.0,1.0
8792009665,2016-04-25,1,1.0,1.0
8792009665,2016-04-25,2,1.0,1.0
8792009665,2016-04-25,3,1.0,1.0
8792009665,2016-04-25,4,1.0,1.0
8792009665,2016-04-25,5,1.0,1.0
8792009665,2016-04-25,6,1.0,1.0
8792009665,2016-04-25,7,1.0,1.0
8792009665,2016-04-25,8,1.0,1.0
8792009665,2016-04-25,9,1.0,1.0
8792009665,2016-04-25,10,1.0,1.0
8792009665,2016-04-25,11,1.0,1.0
8792009665,2016-04-25,12,1.0,1.0
8792009665,2016-04-25,13,1.0,1.0
8792009665,2016-04-25,14,1.0,1.0
8792009665,2016-04-25,15,1.0,1.0
8792009665,2016-04-25,16,1.0,1.0
8792009665,2016-04-25,17,1.0,1.0
8792009665,2016-04-25,18,1.0,1.0
8792009665,2016-04-25,19,1.0,1.0
8792009665,2016-04-25,20,1.0,1.0
8792009665,2016-04-25,21,1.0,1.0
8792009665,2016-04-25,22,1.0,1.0
8792009665,2016-04-25,23,1.0,1.0
8792009665,2016-04-26,0,1.0,1.0
8792009665,2016-04-26,1,1.0,1.0
8792009665,2016-04-26,2,1.0,1.0
8792009665,2016-04-26,3,1.0,1.0
8792009665,2016-04-26,4,1.0,1.0
8792009665,2016-04-26,5,1.0,1.0
8792009665,2016-04-26,6,1.0,1.0
8792009665,2016-04-26,7,1.0,1.0
8792009665,2016-04-26,8,1.0,1.0
8792009665,2016-04-26,9,1.28,5.0
8792009665,2016-04-26,10,1.06,2.4
8792009665,2016-04-26,11,1.18,3.2
8792009665,2016-04-26,12,1.21,3.6
8792009665,2016-04-26,13,1.11,3.2
8792009665,2016-04-26,14,1.06,2.6
8792009665,2016-04-26,15,1.09,2.8
8792009665,2016-04-26,16,1.07,2.4
8792009665,2016-04-26,17,1.74,4.0
8792009665,2016-04-26,18,1.81,4.2
8792009665,2016-04-26,19,1.15,3.0
8792009665,2016-04-26,20,1.22,3.8
8792009665,2016-04-26,21,1.17,2.8
8792009665,2016-04-26,22,1.1,2.6
8792009665,2016-04-26,23,1.16,3.2
8792009665,2016-04-27,0,1.79,6.3
8792009665,2016-04-27,1,1.55,6.0
8792009665,2016-04-27,2,1.01,1.1
8792009665,2016-04-27,3,1.0,1.1
8792009665,2016-04-27,4,1.0,1.0
8792009665,2016-04-27,5,1.0,1.1
8792009665,2016-04-27,6,1.0,1.1
8792009665,2016-04-27,7,1.01,1.1
8792009665,2016-04-27,8,1.0,1.0
8792009665,2016-04-27,9,1.37,4.3
8792009665,2016-04-27,10,1.03,1.1
8792009665,2016-04-27,11,1.46,4.4
8792009665,2016-04-27,12,1.1,2.4
8792009665,2016-04-27,13,1.32,6.0
8792009665,2016-04-27,14,1.11,2.4
8792009665,2016-04-27,15,1.14,2.8
8792009665,2016-04-27,16,1.24,4.2
8792009665,2016-04-27,17,1.75,6.5
8792009665,2016-04-27,18,1.64,4.2
8792009665,2016-04-27,19,1.24,3.6
8792009665,2016-04-27,20,1.32,3.6
8792009665,2016-04-27,21,1.14,3.8
8792009665,2016-04-27,22,1.06,2.8
8792009665,2016-04-27,23,1.11,2.8
8792009665,2016-04-28,0,1.4,4.2
8792009665,2016-04-28,1,1.31,4.4
8792009665,2016-04-28,2,1.48,6.4
8792009665,2016-04-28,3,1.0,1.0
8792009665,2016-04-28,4,1.0,1.1
8792009665,2016-04-28,5,1.0,1.1
8792009665,2016-04-28,6,1.0,1.1
8792009665,2016-04-28,7,1.0,1.1
8792009665,2016-04-28,8,1.12,4.0
8792009665,2016-04-28,9,1.46,6.4
8792009665,2016-04-28,10,1.91,4.4
8792009665,2016-04-28,11,1.37,3.8
8792009665,2016-04-28,12,1.06,1.3
8792009665,2016-04-28,13,1.75,5.6
8792009665,2016-04-28,14,2.44,5.6
8792009665,2016-04-28,15,2.76,4.8
8792009665,2016-04-28,16,2.73,6.2
8792009665,2016-04-28,17,3.15,8.2
8792009665,2016-04-28,18,2.31,4.4
8792009665,2016-04-28,19,2.63,6.4
8792009665,2016-04-28,20,2.11,7.3
8792009665,2016-04-28,21,1.12,2.8
8792009665,2016-04-28,22,1.16,4.0
8792009665,2016-04-28,23,1.24,4.0
8792009665,2016-04-29,0,2.16,5.8
8792009665,2016-04-29,1,1.54,4.6
8792009665,2016-04-29,2,1.25,5.8
8792009665,2016-04-29,3,1.0,1.0
8792009665,2016-04-29,4,1.0,1.1
8792009665,2016-04-29,5,1.01,1.1
8792009665,2016-04-29,6,1.0,1.1
8792009665,2016-04-29,7,1.0,1.1
8792009665,2016-04-29,8,1.0,1.1
8792009665,2016-04-29,9,1.85,4.0
8792009665,2016-04-29,10,3.15,6.8
8792009665,2016-04-29,11,2.0,5.2
8792009665,2016-04-29,12,1.24,3.6
8792009665,2016-04-29,13,1.07,1.3
8792009665,2016-04-29,14,3.94,7.2
8792009665,2016-04-29,15,2.59,5.6
8792009665,2016-04-29,16,2.81,5.5
8792009665,2016-04-29,17,2.87,5.0
8792009665,2016-04-29,18,2.52,5.0
8792009665,2016-04-29,19,2.29,6.4
8792009665,2016-04-29,20,3.02,7.0
8792009665,2016-04-29,21,1.5,3.8
8792009665,2016-04-29,22,1.0,1.0
8792009665,2016-04-29,23,1.27,4.2
8792009665,2016-04-30,0,1.21,4.2
8792009665,2016-04-30,1,1.12,2.8
8792009665,2016-04-30,2,1.03,1.4
8792009665,2016-04-30,3,1.0,1.3
8792009665,2016-04-30,4,1.01,1.1
8792009665,2016-04-30,5,1.0,1.1
8792009665,2016-04-30,6,1.0,1.1
8792009665,2016-04-30,7,1.12,3.2
8792009665,2016-04-30,8,1.1,3.2
8792009665,2016-04-30,9,2.35,7.3
8792009665,2016-04-30,10,2.08,5.6
8792009665,2016-04-30,11,2.01,4.4
8792009665,2016-04-30,12,2.12,5.0
8792009665,2016-04-30,13,2.55,4.8
8792009665,2016-04-30,14,2.0,5.2
8792009665,2016-04-30,15,2.8,7.8
8792009665,2016-04-30,16,1.9,5.2
8792009665,2016-04-30,17,1.65,5.2
8792009665,2016-04-30,18,2.8,6.5
8792009665,2016-04-30,19,2.98,7.0
8792009665,2016-04-30,20,1.92,5.2
8792009665,2016-04-30,21,1.82,5.0
8792009665,2016-04-30,22,1.09,3.4
8792009665,2016-04-30,23,1.5,3.6
8792009665,2016-05-01,0,1.06,3.0
8792009665,2016-05-01,1,1.01,1.1
8792009665,2016-05-01,2,1.01,1.1
8792009665,2016-05-01,3,1.0,1.1
8792009665,2016-05-01,4,1.01,1.2
8792009665,2016-05-01,5,1.0,1.0
8792009665,2016-05-01,6,1.0,1.3
8792009665,2016-05-01,7,1.0,1.1
8792009665,2016-05-01,8,1.07,3.0
8792009665,2016-05-01,9,1.01,1.1
8792009665,2016-05-01,10,1.17,3.4
8792009665,2016-05-01,11,1.52,6.1
8792009665,2016-05-01,12,1.05,1.3
8792009665,2016-05-01,13,1.21,4.4
8792009665,2016-05-01,14,1.51,4.4
8792009665,2016-05-01,15,1.35,3.8
8792009665,2016-05-01,16,1.17,3.4
8792009665,2016-05-01,17,1.2,3.2
8792009665,2016-05-01,18,1.66,4.2
8792009665,2016-05-01,19,1.22,3.8
8792009665,2016-05-01,20,1.26,3.2
8792009665,2016-05-01,21,1.2,4.0
8792009665,2016-05-01,22,1.04,1.1
8792009665,2016-05-01,23,1.16,4.2
8792009665,2016-05-02,0,1.87,6.0
8792009665,2016-05-02,1,1.39,4.8
8792009665,2016-05-02,2,1.33,6.2
8792009665,2016-05-02,3,1.0,1.1
8792009665,2016-05-02,4,1.0,1.1
8792009665,2016-05-02,5,1.0,1.0
8792009665,2016-05-02,6,1.0,1.1
8792009665,2016-05-02,7,1.02,2.2
8792009665,2016-05-02,8,1.0,1.1
8792009665,2016-05-02,9,1.17,4.6
8792009665,2016-05-02,10,1.03,1.1
8792009665,2016-05-02,11,1.72,5.2
8792009665,2016-05-02,12,1.34,3.4
8792009665,2016-05-02,13,1.09,2.4
8792009665,2016-05-02,14,1.06,2.4
8792009665,2016-05-02,15,1.18,3.2
8792009665,2016-05-02,16,1.28,3.4
8792009665,2016-05-02,17,1.0,1.0
8792009665,2016-05-02,18,1.27,3.2
8792009665,2016-05-02,19,1.05,2.4
8792009665,2016-05-02,20,1.26,3.4
8792009665,2016-05-02,21,1.15,3.0
8792009665,2016-05-02,22,1.17,3.0
8792009665,2016-05-02,23,1.23,3.0
8792009665,2016-05-03,0,1.61,5.4
8792009665,2016-05-03,1,1.64,4.6
8792009665,2016-05-03,2,1.0,1.1
8792009665,2016-05-03,3,1.0,1.1
8792009665,2016-05-03,4,1.03,2.6
8792009665,2016-05-03,5,1.01,1.1
8792009665,2016-05-03,6,1.02,2.2
8792009665,2016-05-03,7,1.0,1.2
8792009665,2016-05-03,8,1.0,1.1
8792009665,2016-05-03,9,1.07,3.0
8792009665,2016-05-03,10,1.01,1.1
8792009665,2016-05-03,11,2.32,6.4
8792009665,2016-05-03,12,1.31,3.2
8792009665,2016-05-03,13,1.08,1.3
8792009665,2016-05-03,14,1.14,2.8
8792009665,2016-05-03,15,1.75,5.6
8792009665,2016-05-03,16,1.62,6.5
8792009665,2016-05-03,17,2.35,5.1
8792009665,2016-05-03,18,1.62,4.6
8792009665,2016-05-03,19,1.83,4.4
8792009665,2016-05-03,20,1.31,3.4
8792009665,2016-05-03,21,1.29,3.4
8792009665,2016-05-03,22,1.29,2.8
8792009665,2016-05-03,23,1.35,3.4
8792009665,2016-05-04,0,1.9,6.0
8792009665,2016-05-04,1,1.34,5.0
8792009665,2016-05-04,2,1.17,3.0
8792009665,2016-05-04,3,1.01,1.3
8792009665,2016-05-04,4,1.01,1.3
8792009665,2016-05-04,5,1.14,1.2
8792009665,2016-05-04,6,1.03,1.3
8792009665,2016-05-04,7,1.04,1.3
8792009665,2016-05-04,8,1.03,1.2
8792009665,2016-05-04,9,1.11,4.8
8792009665,2016-05-04,10,1.34,5.0
8792009665,2016-05-04,11,1.32,3.6
8792009665,2016-05-04,12,1.03,1.1
8792009665,2016-05-04,13,1.4,2.8
8792009665,2016-05-04,14,1.22,3.6
8792009665,2016-05-04,15,1.83,4.0
8792009665,2016-05-04,16,1.0,1.0
8792009665,2016-05-04,17,1.7,3.8
8792009665,2016-05-04,18,1.4,3.8
8792009665,2016-05-04,19,1.06,2.6
8792009665,2016-05-04,20,1.3,3.2
8792009665,2016-05-04,21,1.0,1.1
8792009665,2016-05-04,22,1.0,1.0
8792009665,2016-05-04,23,1.0,1.0
8792009665,2016-05-05,0,1.0,1.0
8792009665,2016-05-05,1,1.0,1.0
8792009665,2016-05-05,2,1.0,1.0
8792009665,2016-05-05,3,1.0,1.0
8792009665,2016-05-05,4,1.0,1.0
8792009665,2016-05-05,5,1.0,1.0
8792009665,2016-05-05,6,1.0,1.0
8792009665,2016-05-05,7,1.0,1.0
8792009665,2016-05-05,8,1.0,1.0
8792009665,2016-05-05,9,1.0,1.0
8792009665,2016-05-05,10,1.0,1.0
8792009665,2016-05-05,11,1.0,1.1
8792009665,2016-05-05,12,1.0,1.0
8792009665,2016-05-05,13,1.0,1.0
8792009665,2016-05-05,14,1.0,1.0
8792009665,2016-05-05,15,1.0,1.0
8792009665,2016-05-05,16,1.0,1.0
8792009665,2016-05-05,17,1.0,1.0
8792009665,2016-05-05,18,1.0,1.0
8792009665,2016-05-05,19,1.0,1.0
8792009665,2016-05-05,20,1.0,1.0
8792009665,2016-05-05,21,1.0,1.0
8792009665,2016-05-05,22,1.0,1.0
8792009665,2016-05-05,23,1.0,1.0
8792009665,2016-05-06,0,1.0,1.0
8792009665,2016-05-06,1,1.0,1.0
8792009665,2016-05-06,2,1.0,1.0
8792009665,2016-05-06,3,1.0,1.0
8792009665,2016-05-06,4,1.0,1.0
8792009665,2016-05-06,5,1.0,1.0
8792009665,2016-05-06,6,1.0,1.0
8792009665,2016-05-06,7,1.0,1.0
8792009665,2016-05-06,8,1.0,1.0
8792009665,2016-05-06,9,1.0,1.0
8792009665,2016-05-06,10,1.0,1.0
8792009665,2016-05-06,11,1.0,1.0
8792009665,2016-05-06,12,1.0,1.0
8792009665,2016-05-06,13,1.0,1.0
8792009665,2016-05-06,14,1.0,1.0
8792009665,2016-05-06,15,1.0,1.0
8792009665,2016-05-06,16,1.0,1.0
8792009665,2016-05-06,17,1.0,1.0
8792009665,2016-05-06,18,1.0,1.0
8792009665,2016-05-06,19,1.0,1.0
8792009665,2016-05-06,20,1.0,1.0
8792009665,2016-05-06,21,1.0,1.0
8792009665,2016-05-06,22,1.0,1.0
8792009665,2016-05-06,23,1.0,1.0
8792009665,2016-05-07,0,1.0,1.0
8792009665,2016-05-07,1,1.0,1.0
8792009665,2016-05-07,2,1.0,1.0
8792009665,2016-05-07,3,1.0,1.0
8792009665,2016-05-07,4,1.0,1.0
8792009665,2016-05-07,5,1.0,1.0
8792009665,2016-05-07,6,1.0,1.0
8792009665,2016-05-07,7,1.0,1.0
8792009665,2016-05-07,8,1.0,1.0
8792009665,2016-05-07,9,1.0,1.0
8792009665,2016-05-07,10,1.0,1.0
8792009665,2016-05-07,11,1.0,1.0
8792009665,2016-05-07,12,1.0,1.0
8792009665,2016-05-07,13,1.0,1.0
8792009665,2016-05-07,14,1.0,1.0
8792009665,2016-05-07,15,1.0,1.0
8792009665,2016-05-07,16,1.0,1.0
8792009665,2016-05-07,17,1.0,1.0
8792009665,2016-05-07,18,1.0,1.0
8792009665,2016-05-07,19,1.0,1.0
8792009665,2016-05-07,20,1.0,1.0
8792009665,2016-05-07,21,1.0,1.0
8792009665,2016-05-07,22,1.0,1.0
8792009665,2016-05-07,23,1.0,1.0
8792009665,2016-05-08,0,1.0,1.0
8792009665,2016-05-08,1,1.0,1.0
8792009665,2016-05-08,2,1.0,1.0
8792009665,2016-05-08,3,1.0,1.0
8792009665,2016-05-08,4,1.0,1.0
8792009665,2016-05-08,5,1.0,1.0
8792009665,2016-05-08,6,1.0,1.0
8792009665,2016-05-08,7,1.0,1.0
8792009665,2016-05-08,8,1.0,1.0
8792009665,2016-05-08,9,1.0,1.0
8792009665,2016-05-08,10,1.0,1.0
8792009665,2016-05-08,11,1.0,1.0
8792009665,2016-05-08,12,1.0,1.0
8792009665,2016-05-08,13,1.0,1.0
8792009665,2016-05-08,14,1.0,1.0
8792009665,2016-05-08,15,1.0,1.0
8792009665,2016-05-08,16,1.0,1.0
8792009665,2016-05-08,17,1.0,1.0
8792009665,2016-05-08,18,1.0,1.0
8792009665,2016-05-08,19,1.0,1.0
8792009665,2016-05-08,20,1.0,1.0
8792009665,2016-05-08,21,1.0,1.0
8792009665,2016-05-08,22,1.0,1.0
8792009665,2016-05-08,23,1.0,1.0
8792009665,2016-05-09,0,1.0,1.0
8792009665,2016-05-09,1,1.0,1.0
8792009665,2016-05-09,2,1.0,1.0
8792009665,2016-05-09,3,1.0,1.0
8792009665,2016-05-09,4,1.0,1.0
8792009665,2016-05-09,5,1.0,1.0
8792009665,2016-05-09,6,1.0,1.0
8792009665,2016-05-09,7,1.0,1.0
8792009665,2016-05-09,8,1.0,1.0
8792009665,2016-05-09,9,1.0,1.0
8792009665,2016-05-09,10,1.0,1.0
8792009665,2016-05-09,11,1.0,1.0
8792009665,2016-05-09,12,1.0,1.0
8792009665,2016-05-09,13,1.0,1.0
8792009665,2016-05-09,14,1.0,1.0
8792009665,2016-05-09,15,1.0,1.0
8792009665,2016-05-09,16,1.0,1.0
8792009665,2016-05-09,17,1.0,1.0
8792009665,2016-05-09,18,1.0,1.0
8792009665,2016-05-09,19,1.0,1.0
8792009665,2016-05-09,20,1.0,1.0
8792009665,2016-05-09,21,1.0,1.0
8792009665,2016-05-09,22,1.0,1.0
8792009665,2016-05-09,23,1.0,1.0
8877689391,2016-04-12,0,1.0,1.0
8877689391,2016-04-12,1,1.0,1.0
8877689391,2016-04-12,2,1.0,1.0
8877689391,2016-04-12,3,1.0,1.0
8877689391,2016-04-12,4,1.0,1.0
8877689391,2016-04-12,5,1.0,1.0
8877689391,2016-04-12,6,1.31,4.2
8877689391,2016-04-12,7,2.3,5.8
8877689391,2016-04-12,8,1.85,6.8
8877689391,2016-04-12,9,1.5,8.6
8877689391,2016-04-12,10,1.73,8.2
8877689391,2016-04-12,11,3.97,12.5
8877689391,2016-04-12,12,9.94,12.5
8877689391,2016-04-12,13,1.62,6.6
8877689391,2016-04-12,14,1.14,2.6
8877689391,2016-04-12,15,2.59,7.2
8877689391,2016-04-12,16,2.18,6.2
8877689391,2016-04-12,17,3.22,6.0
8877689391,2016-04-12,18,4.8,8.4
8877689391,2016-04-12,19,2.26,5.8
8877689391,2016-04-12,20,2.02,5.0
8877689391,2016-04-12,21,2.25,5.0
8877689391,2016-04-12,22,1.67,4.0
8877689391,2016-04-12,23,1.0,1.0
8877689391,2016-04-13,0,1.0,1.0
8877689391,2016-04-13,1,1.0,1.0
8877689391,2016-04-13,2,1.0,1.0
8877689391,2016-04-13,3,1.0,1.0
8877689391,2016-04-13,4,1.0,1.0
8877689391,2016-04-13,5,1.0,1.0
8877689391,2016-04-13,6,1.0,1.0
8877689391,2016-04-13,7,2.42,6.6
8877689391,2016-04-13,8,1.68,7.0
8877689391,2016-04-13,9,1.68,6.4
8877689391,2016-04-13,10,2.03,8.8
8877689391,2016-04-13,11,1.83,7.0
8877689391,2016-04-13,12,5.17,10.6
8877689391,2016-04-13,13,1.34,5.0
8877689391,2016-04-13,14,1.56,5.4
8877689391,2016-04-13,15,1.53,6.0
8877689391,2016-04-13,16,1.97,8.0
8877689391,2016-04-13,17,4.7,9.5
8877689391,2016-04-13,18,7.81,11.1
8877689391,2016-04-13,19,2.41,8.2
8877689391,2016-04-13,20,1.78,5.4
8877689391,2016-04-13,21,1.56,3.8
8877689391,2016-04-13,22,1.3,4.0
8877689391,2016-04-13,23,1.0,1.0
8877689391,2016-04-14,0,1.0,1.0
8877689391,2016-04-14,1,1.0,1.0
8877689391,2016-04-14,2,1.0,1.0
8877689391,2016-04-14,3,1.0,1.0
8877689391,2016-04-14,4,1.0,1.0
8877689391,2016-04-14,5,1.0,1.0
8877689391,2016-04-14,6,1.23,4.2
8877689391,2016-04-14,7,2.32,6.8
8877689391,2016-04-14,8,1.96,8.0
8877689391,2016-04-14,9,1.9,8.0
8877689391,2016-04-14,10,1.67,8.6
8877689391,2016-04-14,11,1.7,7.6
8877689391,2016-04-14,12,1.74,5.4
8877689391,2016-04-14,13,1.33,4.4
8877689391,2016-04-14,14,1.64,8.4
8877689391,2016-04-14,15,2.59,8.2
8877689391,2016-04-14,16,10.16,13.5
8877689391,2016-04-14,17,4.4,13.3
8877689391,2016-04-14,18,2.04,5.6
8877689391,2016-04-14,19,2.24,5.8
8877689391,2016-04-14,20,2.94,5.6
8877689391,2016-04-14,21,2.44,6.8
8877689391,2016-04-14,22,2.4,6.0
8877689391,2016-04-14,23,1.24,3.8
8877689391,2016-04-15,0,1.0,1.0
8877689391,2016-04-15,1,1.0,1.0
8877689391,2016-04-15,2,1.0,1.0
8877689391,2016-04-15,3,1.0,1.0
8877689391,2016-04-15,4,1.0,1.0
8877689391,2016-04-15,5,1.0,1.0
8877689391,2016-04-15,6,1.04,3.0
8877689391,2016-04-15,7,2.17,6.4
8877689391,2016-04-15,8,1.45,6.8
8877689391,2016-04-15,9,1.83,8.4
8877689391,2016-04-15,10,1.63,4.4
8877689391,2016-04-15,11,2.16,8.6
8877689391,2016-04-15,12,1.74,6.6
8877689391,2016-04-15,13,1.98,7.0
8877689391,2016-04-15,14,1.39,6.8
8877689391,2016-04-15,15,1.52,7.2
8877689391,2016-04-15,16,1.49,6.2
8877689391,2016-04-15,17,2.92,9.8
8877689391,2016-04-15,18,9.51,11.8
8877689391,2016-04-15,19,6.81,11.2
8877689391,2016-04-15,20,1.82,4.4
8877689391,2016-04-15,21,2.55,5.4
8877689391,2016-04-15,22,3.23,5.8
8877689391,2016-04-15,23,2.45,4.8
8877689391,2016-04-16,0,1.95,5.4
8877689391,2016-04-16,1,1.0,1.0
8877689391,2016-04-16,2,1.0,1.0
8877689391,2016-04-16,3,1.0,1.0
8877689391,2016-04-16,4,1.0,1.0
8877689391,2016-04-16,5,1.0,1.0
8877689391,2016-04-16,6,1.0,1.0
8877689391,2016-04-16,7,1.0,1.0
8877689391,2016-04-16,8,2.44,5.2
8877689391,2016-04-16,9,3.73,6.4
8877689391,2016-04-16,10,2.86,5.0
8877689391,2016-04-16,11,2.3,4.8
8877689391,2016-04-16,12,9.64,13.5
8877689391,2016-04-16,13,5.31,13.3
8877689391,2016-04-16,14,2.58,5.8
8877689391,2016-04-16,15,2.55,5.6
8877689391,2016-04-16,16,2.41,6.8
8877689391,2016-04-16,17,3.6,8.2
8877689391,2016-04-16,18,3.08,8.2
8877689391,2016-04-16,19,1.97,4.0
8877689391,2016-04-16,20,2.04,5.4
8877689391,2016-04-16,21,2.42,6.2
8877689391,2016-04-16,22,1.78,4.8
8877689391,2016-04-16,23,4.21,7.6
8877689391,2016-04-17,0,3.32,7.0
8877689391,2016-04-17,1,3.2,7.0
8877689391,2016-04-17,2,3.22,6.8
8877689391,2016-04-17,3,1.22,4.2
8877689391,2016-04-17,4,1.0,1.0
8877689391,2016-04-17,5,1.0,1.0
8877689391,2016-04-17,6,1.0,1.0
8877689391,2016-04-17,7,1.0,1.0
8877689391,2016-04-17,8,1.0,1.0
8877689391,2016-04-17,9,1.0,1.0
8877689391,2016-04-17,10,1.3,3.2
8877689391,2016-04-17,11,2.34,5.6
8877689391,2016-04-17,12,1.36,6.2
8877689391,2016-04-17,13,1.67,6.0
8877689391,2016-04-17,14,1.41,5.4
8877689391,2016-04-17,15,1.25,4.8
8877689391,2016-04-17,16,1.76,5.4
8877689391,2016-04-17,17,4.16,10.6
8877689391,2016-04-17,18,8.35,11.4
8877689391,2016-04-17,19,2.15,4.2
8877689391,2016-04-17,20,2.18,6.4
8877689391,2016-04-17,21,1.39,7.0
8877689391,2016-04-17,22,1.0,1.0
8877689391,2016-04-17,23,1.0,1.0
8877689391,2016-04-18,0,1.0,1.0
8877689391,2016-04-18,1,1.0,1.0
8877689391,2016-04-18,2,1.0,1.0
8877689391,2016-04-18,3,1.0,1.0
8877689391,2016-04-18,4,1.0,1.0
8877689391,2016-04-18,5,1.0,1.0
8877689391,2016-04-18,6,1.18,4.4
8877689391,2016-04-18,7,2.06,6.0
8877689391,2016-04-18,8,1.71,7.0
8877689391,2016-04-18,9,1.91,8.8
8877689391,2016-04-18,10,1.45,8.4
8877689391,2016-04-18,11,1.53,7.6
8877689391,2016-04-18,12,4.87,9.6
8877689391,2016-04-18,13,1.79,7.0
8877689391,2016-04-18,14,1.4,7.4
8877689391,2016-04-18,15,1.82,8.0
8877689391,2016-04-18,16,2.21,8.4
8877689391,2016-04-18,17,1.43,3.8
8877689391,2016-04-18,18,1.35,3.2
8877689391,2016-04-18,19,2.02,4.6
8877689391,2016-04-18,20,1.37,4.2
8877689391,2016-04-18,21,1.44,5.0
8877689391,2016-04-18,22,1.0,1.0
8877689391,2016-04-18,23,1.0,1.0
8877689391,2016-04-19,0,1.0,1.0
8877689391,2016-04-19,1,1.0,1.0
8877689391,2016-04-19,2,1.0,1.0
8877689391,2016-04-19,3,1.0,1.0
8877689391,2016-04-19,4,1.0,1.0
8877689391,2016-04-19,5,1.0,1.0
8877689391,2016-04-19,6,1.66,4.6
8877689391,2016-04-19,7,2.24,6.8
8877689391,2016-04-19,8,1.35,4.2
8877689391,2016-04-19,9,2.12,8.4
8877689391,2016-04-19,10,1.65,8.6
8877689391,2016-04-19,11,1.66,6.2
8877689391,2016-04-19,12,4.36,12.6
8877689391,2016-04-19,13,1.68,6.8
8877689391,2016-04-19,14,1.18,2.8
8877689391,2016-04-19,15,1.52,7.2
8877689391,2016-04-19,16,12.09,14.1
8877689391,2016-04-19,17,3.05,7.9
8877689391,2016-04-19,18,1.7,4.4
8877689391,2016-04-19,19,2.12,4.6
8877689391,2016-04-19,20,1.61,5.2
8877689391,2016-04-19,21,1.88,5.4
8877689391,2016-04-19,22,1.23,4.0
8877689391,2016-04-19,23,1.0,1.0
8877689391,2016-04-20,0,1.0,1.0
8877689391,2016-04-20,1,1.0,1.0
8877689391,2016-04-20,2,1.0,1.0
8877689391,2016-04-20,3,1.0,1.0
8877689391,2016-04-20,4,1.0,1.0
8877689391,2016-04-20,5,1.0,1.0
8877689391,2016-04-20,6,1.26,3.8
8877689391,2016-04-20,7,2.33,8.0
8877689391,2016-04-20,8,2.3,8.6
8877689391,2016-04-20,9,1.37,5.4
8877689391,2016-04-20,10,1.45,6.4
8877689391,2016-04-20,11,2.08,6.2
8877689391,2016-04-20,12,2.7,10.0
8877689391,2016-04-20,13,1.38,8.0
8877689391,2016-04-20,14,1.4,6.4
8877689391,2016-04-20,15,1.88,7.6
8877689391,2016-04-20,16,1.88,6.4
8877689391,2016-04-20,17,3.38,12.1
8877689391,2016-04-20,18,11.41,13.7
8877689391,2016-04-20,19,3.0,6.0
8877689391,2016-04-20,20,2.33,5.2
8877689391,2016-04-20,21,1.84,5.0
8877689391,2016-04-20,22,1.23,3.8
8877689391,2016-04-20,23,1.0,1.0
8877689391,2016-04-21,0,1.0,1.0
8877689391,2016-04-21,1,1.0,1.0
8877689391,2016-04-21,2,1.0,1.0
8877689391,2016-04-21,3,1.0,1.0
8877689391,2016-04-21,4,1.0,1.0
8877689391,2016-04-21,5,1.0,1.0
8877689391,2016-04-21,6,1.17,4.2
8877689391,2016-04-21,7,1.99,6.2
8877689391,2016-04-21,8,1.3,4.6
8877689391,2016-04-21,9,1.7,6.0
8877689391,2016-04-21,10,1.39,3.8
8877689391,2016-04-21,11,1.94,4.2
8877689391,2016-04-21,12,1.88,5.0
8877689391,2016-04-21,13,2.03,9.0
8877689391,2016-04-21,14,1.5,4.8
8877689391,2016-04-21,15,6.71,13.1
8877689391,2016-04-21,16,7.69,13.5
8877689391,2016-04-21,17,3.48,7.6
8877689391,2016-04-21,18,3.63,7.8
8877689391,2016-04-21,19,1.8,4.8
8877689391,2016-04-21,20,1.5,3.6
8877689391,2016-04-21,21,1.76,4.6
8877689391,2016-04-21,22,1.7,5.0
8877689391,2016-04-21,23,1.0,1.0
8877689391,2016-04-22,0,1.0,1.0
8877689391,2016-04-22,1,1.0,1.0
8877689391,2016-04-22,2,1.0,1.0
8877689391,2016-04-22,3,1.0,1.0
8877689391,2016-04-22,4,1.0,1.0
8877689391,2016-04-22,5,1.0,1.0
8877689391,2016-04-22,6,1.5,4.8
8877689391,2016-04-22,7,2.13,7.2
8877689391,2016-04-22,8,2.04,8.4
8877689391,2016-04-22,9,1.57,7.6
8877689391,2016-04-22,10,1.45,7.6
8877689391,2016-04-22,11,1.49,6.2
8877689391,2016-04-22,12,1.33,6.6
8877689391,2016-04-22,13,1.44,7.2
8877689391,2016-04-22,14,1.57,7.6
8877689391,2016-04-22,15,2.03,7.6
8877689391,2016-04-22,16,1.97,7.2
8877689391,2016-04-22,17,2.58,7.2
8877689391,2016-04-22,18,8.71,12.5
8877689391,2016-04-22,19,5.24,11.9
8877689391,2016-04-22,20,1.75,4.8
8877689391,2016-04-22,21,1.57,4.6
8877689391,2016-04-22,22,1.4,4.4
8877689391,2016-04-22,23,1.0,1.0
8877689391,2016-04-23,0,1.0,1.0
8877689391,2016-04-23,1,1.0,1.0
8877689391,2016-04-23,2,1.0,1.0
8877689391,2016-04-23,3,1.0,1.0
8877689391,2016-04-23,4,1.0,1.0
8877689391,2016-04-23,5,1.0,1.0
8877689391,2016-04-23,6,1.0,1.0
8877689391,2016-04-23,7,1.3,3.8
8877689391,2016-04-23,8,2.44,6.0
8877689391,2016-04-23,9,2.46,4.8
8877689391,2016-04-23,10,2.26,5.4
8877689391,2016-04-23,11,2.61,5.4
8877689391,2016-04-23,12,6.59,10.7
8877689391,2016-04-23,13,8.82,11.9
8877689391,2016-04-23,14,3.11,9.9
8877689391,2016-04-23,15,2.56,6.6
8877689391,2016-04-23,16,1.6,5.0
8877689391,2016-04-23,17,1.74,4.8
8877689391,2016-04-23,18,2.68,7.8
8877689391,2016-04-23,19,2.07,5.2
8877689391,2016-04-23,20,1.75,5.6
8877689391,2016-04-23,21,1.78,6.0
8877689391,2016-04-23,22,1.24,4.2
8877689391,2016-04-23,23,1.0,1.0
8877689391,2016-04-24,0,1.0,1.0
8877689391,2016-04-24,1,1.0,1.0
8877689391,2016-04-24,2,1.0,1.0
8877689391,2016-04-24,3,1.0,1.0
8877689391,2016-04-24,4,1.0,1.0
8877689391,2016-04-24,5,1.0,1.0
8877689391,2016-04-24,6,1.0,1.0
8877689391,2016-04-24,7,1.16,3.4
8877689391,2016-04-24,8,1.72,6.0
8877689391,2016-04-24,9,1.86,4.6
8877689391,2016-04-24,10,1.86,6.8
8877689391,2016-04-24,11,1.63,3.8
8877689391,2016-04-24,12,2.59,6.8
8877689391,2016-04-24,13,1.99,4.4
8877689391,2016-04-24,14,1.54,4.8
8877689391,2016-04-24,15,1.86,5.0
8877689391,2016-04-24,16,1.25,5.0
8877689391,2016-04-24,17,11.09,13.5
8877689391,2016-04-24,18,4.2,13.3
8877689391,2016-04-24,19,1.73,4.2
8877689391,2016-04-24,20,1.68,4.4
8877689391,2016-04-24,21,1.9,5.2
8877689391,2016-04-24,22,1.0,1.0
8877689391,2016-04-24,23,1.0,1.0
8877689391,2016-04-25,0,1.0,1.0
8877689391,2016-04-25,1,1.0,1.0
8877689391,2016-04-25,2,1.0,1.0
8877689391,2016-04-25,3,1.0,1.0
8877689391,2016-04-25,4,1.0,1.0
8877689391,2016-04-25,5,1.0,1.0
8877689391,2016-04-25,6,1.51,6.2
8877689391,2016-04-25,7,1.87,4.6
8877689391,2016-04-25,8,2.11,7.4
8877689391,2016-04-25,9,2.01,6.4
8877689391,2016-04-25,10,2.22,8.4
8877689391,2016-04-25,11,1.67,7.4
8877689391,2016-04-25,12,5.0,13.4
8877689391,2016-04-25,13,2.39,12.6
8877689391,2016-04-25,14,1.53,7.4
8877689391,2016-04-25,15,1.2,2.8
8877689391,2016-04-25,16,2.12,8.0
8877689391,2016-04-25,17,1.83,4.4
8877689391,2016-04-25,18,8.01,10.3
8877689391,2016-04-25,19,6.0,10.9
8877689391,2016-04-25,20,2.25,5.2
8877689391,2016-04-25,21,1.6,4.8
8877689391,2016-04-25,22,1.5,4.8
8877689391,2016-04-25,23,1.0,1.0
8877689391,2016-04-26,0,1.0,1.0
8877689391,2016-04-26,1,1.0,1.0
8877689391,2016-04-26,2,1.0,1.0
8877689391,2016-04-26,3,1.0,1.0
8877689391,2016-04-26,4,1.0,1.0
8877689391,2016-04-26,5,1.0,1.0
8877689391,2016-04-26,6,1.11,4.0
8877689391,2016-04-26,7,1.92,6.0
8877689391,2016-04-26,8,1.9,7.2
8877689391,2016-04-26,9,1.59,7.0
8877689391,2016-04-26,10,1.4,6.8
8877689391,2016-04-26,11,2.3,8.0
8877689391,2016-04-26,12,3.41,8.4
8877689391,2016-04-26,13,1.66,8.8
8877689391,2016-04-26,14,1.42,9.4
8877689391,2016-04-26,15,1.53,8.0
8877689391,2016-04-26,16,1.88,8.2
8877689391,2016-04-26,17,1.48,4.8
8877689391,2016-04-26,18,2.32,5.8
8877689391,2016-04-26,19,1.47,5.0
8877689391,2016-04-26,20,2.59,8.8
8877689391,2016-04-26,21,1.59,5.0
8877689391,2016-04-26,22,1.93,4.6
8877689391,2016-04-26,23,1.52,5.8
8877689391,2016-04-27,0,1.0,1.0
8877689391,2016-04-27,1,1.0,1.0
8877689391,2016-04-27,2,1.0,1.0
8877689391,2016-04-27,3,1.0,1.0
8877689391,2016-04-27,4,1.0,1.0
8877689391,2016-04-27,5,1.0,1.0
8877689391,2016-04-27,6,1.07,4.4
8877689391,2016-04-27,7,3.4,9.2
8877689391,2016-04-27,8,1.98,8.0
8877689391,2016-04-27,9,1.23,4.2
8877689391,2016-04-27,10,2.15,8.2
8877689391,2016-04-27,11,2.36,8.0
8877689391,2016-04-27,12,3.81,8.8
8877689391,2016-04-27,13,1.72,7.6
8877689391,2016-04-27,14,1.5,7.4
8877689391,2016-04-27,15,2.56,7.6
8877689391,2016-04-27,16,1.43,4.8
8877689391,2016-04-27,17,4.25,12.9
8877689391,2016-04-27,18,9.93,12.5
8877689391,2016-04-27,19,2.06,5.6
8877689391,2016-04-27,20,2.0,4.4
8877689391,2016-04-27,21,1.5,4.2
8877689391,2016-04-27,22,1.95,4.8
8877689391,2016-04-27,23,1.0,1.0
8877689391,2016-04-28,0,1.0,1.0
8877689391,2016-04-28,1,1.0,1.0
8877689391,2016-04-28,2,1.0,1.0
8877689391,2016-04-28,3,1.0,1.0
8877689391,2016-04-28,4,1.0,1.0
8877689391,2016-04-28,5,1.0,1.0
8877689391,2016-04-28,6,1.25,4.2
8877689391,2016-04-28,7,2.1,6.2
8877689391,2016-04-28,8,1.4,6.6
8877689391,2016-04-28,9,1.46,6.8
8877689391,2016-04-28,10,1.46,5.6
8877689391,2016-04-28,11,1.43,6.4
8877689391,2016-04-28,12,5.24,11.6
8877689391,2016-04-28,13,1.14,3.0
8877689391,2016-04-28,14,1.77,8.2
8877689391,2016-04-28,15,2.14,8.6
8877689391,2016-04-28,16,2.15,6.6
8877689391,2016-04-28,17,2.17,5.4
8877689391,2016-04-28,18,3.21,7.4
8877689391,2016-04-28,19,3.2,7.6
8877689391,2016-04-28,20,1.52,5.0
8877689391,2016-04-28,21,1.82,5.0
8877689391,2016-04-28,22,1.3,5.0
8877689391,2016-04-28,23,1.0,1.0
8877689391,2016-04-29,0,1.0,1.0
8877689391,2016-04-29,1,1.0,1.0
8877689391,2016-04-29,2,1.0,1.0
8877689391,2016-04-29,3,1.0,1.0
8877689391,2016-04-29,4,1.0,1.0
8877689391,2016-04-29,5,1.0,1.0
8877689391,2016-04-29,6,1.16,4.8
8877689391,2016-04-29,7,2.12,6.0
8877689391,2016-04-29,8,1.65,8.2
8877689391,2016-04-29,9,1.55,8.0
8877689391,2016-04-29,10,1.53,8.4
8877689391,2016-04-29,11,1.87,8.2
8877689391,2016-04-29,12,3.21,8.8
8877689391,2016-04-29,13,1.66,6.4
8877689391,2016-04-29,14,1.39,7.8
8877689391,2016-04-29,15,1.53,3.4
8877689391,2016-04-29,16,1.63,8.6
8877689391,2016-04-29,17,1.45,3.8
8877689391,2016-04-29,18,2.22,7.6
8877689391,2016-04-29,19,1.89,5.6
8877689391,2016-04-29,20,1.52,8.0
8877689391,2016-04-29,21,1.82,6.2
8877689391,2016-04-29,22,1.48,4.4
8877689391,2016-04-29,23,1.18,3.4
8877689391,2016-04-30,0,1.0,1.0
8877689391,2016-04-30,1,1.0,1.0
8877689391,2016-04-30,2,1.0,1.0
8877689391,2016-04-30,3,1.0,1.0
8877689391,2016-04-30,4,1.0,1.0
8877689391,2016-04-30,5,1.0,1.0
8877689391,2016-04-30,6,1.0,1.0
8877689391,2016-04-30,7,1.3,3.8
8877689391,2016-04-30,8,1.34,3.2
8877689391,2016-04-30,9,1.77,4.8
8877689391,2016-04-30,10,2.2,6.0
8877689391,2016-04-30,11,2.89,7.2
8877689391,2016-04-30,12,2.46,5.2
8877689391,2016-04-30,13,8.55,13.3
8877689391,2016-04-30,14,12.93,13.7
8877689391,2016-04-30,15,6.9,13.7
8877689391,2016-04-30,16,1.38,1.5
8877689391,2016-04-30,17,1.87,4.4
8877689391,2016-04-30,18,1.92,4.6
8877689391,2016-04-30,19,1.61,4.8
8877689391,2016-04-30,20,1.72,4.8
8877689391,2016-04-30,21,1.66,5.2
8877689391,2016-04-30,22,1.39,4.6
8877689391,2016-04-30,23,1.0,1.0
8877689391,2016-05-01,0,1.0,1.0
8877689391,2016-05-01,1,1.0,1.0
8877689391,2016-05-01,2,1.0,1.0
8877689391,2016-05-01,3,1.0,1.0
8877689391,2016-05-01,4,1.0,1.0
8877689391,2016-05-01,5,1.0,1.0
8877689391,2016-05-01,6,1.0,1.0
8877689391,2016-05-01,7,1.0,1.0
8877689391,2016-05-01,8,1.51,10.0
8877689391,2016-05-01,9,3.61,8.6
8877689391,2016-05-01,10,3.07,8.6
8877689391,2016-05-01,11,2.07,4.8
8877689391,2016-05-01,12,1.56,6.6
8877689391,2016-05-01,13,1.77,5.8
8877689391,2016-05-01,14,1.24,3.4
8877689391,2016-05-01,15,1.44,7.0
8877689391,2016-05-01,16,2.11,5.8
8877689391,2016-05-01,17,1.78,5.8
8877689391,2016-05-01,18,2.42,7.2
8877689391,2016-05-01,19,1.58,5.4
8877689391,2016-05-01,20,2.44,6.2
8877689391,2016-05-01,21,1.38,3.8
8877689391,2016-05-01,22,1.0,1.0
8877689391,2016-05-01,23,1.0,1.0
8877689391,2016-05-02,0,1.0,1.0
8877689391,2016-05-02,1,1.0,1.0
8877689391,2016-05-02,2,1.0,1.0
8877689391,2016-05-02,3,1.0,1.0
8877689391,2016-05-02,4,1.0,1.0
8877689391,2016-05-02,5,1.0,1.0
8877689391,2016-05-02,6,1.1,3.6
8877689391,2016-05-02,7,2.23,7.2
8877689391,2016-05-02,8,1.6,7.2
8877689391,2016-05-02,9,2.24,9.4
8877689391,2016-05-02,10,1.91,9.0
8877689391,2016-05-02,11,1.54,7.6
8877689391,2016-05-02,12,1.14,4.4
8877689391,2016-05-02,13,1.0,1.0
8877689391,2016-05-02,14,1.0,1.0
8877689391,2016-05-02,15,1.0,1.0
8877689391,2016-05-02,16,1.0,1.0
8877689391,2016-05-02,17,1.0,1.0
8877689391,2016-05-02,18,1.0,1.0
8877689391,2016-05-02,19,1.34,5.4
8877689391,2016-05-02,20,1.61,4.4
8877689391,2016-05-02,21,1.09,2.8
8877689391,2016-05-02,22,1.0,1.0
8877689391,2016-05-02,23,1.0,1.0
8877689391,2016-05-03,0,1.0,1.0
8877689391,2016-05-03,1,1.0,1.0
8877689391,2016-05-03,2,1.0,1.0
8877689391,2016-05-03,3,1.0,1.0
8877689391,2016-05-03,4,1.0,1.0
8877689391,2016-05-03,5,1.0,1.0
8877689391,2016-05-03,6,1.24,5.6
8877689391,2016-05-03,7,1.95,7.6
8877689391,2016-05-03,8,1.62,6.4
8877689391,2016-05-03,9,1.7,8.0
8877689391,2016-05-03,10,1.6,7.2
8877689391,2016-05-03,11,1.92,10.2
8877689391,2016-05-03,12,2.61,8.6
8877689391,2016-05-03,13,1.6,4.6
8877689391,2016-05-03,14,1.11,2.4
8877689391,2016-05-03,15,1.95,7.4
8877689391,2016-05-03,16,1.39,6.2
8877689391,2016-05-03,17,1.83,7.4
8877689391,2016-05-03,18,1.8,4.6
8877689391,2016-05-03,19,2.33,6.2
8877689391,2016-05-03,20,1.89,7.6
8877689391,2016-05-03,21,2.37,6.2
8877689391,2016-05-03,22,2.57,8.0
8877689391,2016-05-03,23,1.0,1.0
8877689391,2016-05-04,0,1.0,1.0
8877689391,2016-05-04,1,1.0,1.0
8877689391,2016-05-04,2,1.0,1.0
8877689391,2016-05-04,3,1.0,1.0
8877689391,2016-05-04,4,1.0,1.0
8877689391,2016-05-04,5,1.0,1.0
8877689391,2016-05-04,6,1.39,5.4
8877689391,2016-05-04,7,1.6,4.6
8877689391,2016-05-04,8,1.98,7.6
8877689391,2016-05-04,9,1.98,6.6
8877689391,2016-05-04,10,2.08,5.8
8877689391,2016-05-04,11,1.55,4.0
8877689391,2016-05-04,12,1.68,3.8
8877689391,2016-05-04,13,1.52,3.0
8877689391,2016-05-04,14,1.89,4.0
8877689391,2016-05-04,15,1.35,4.6
8877689391,2016-05-04,16,3.56,12.1
8877689391,2016-05-04,17,10.82,13.3
8877689391,2016-05-04,18,2.13,6.8
8877689391,2016-05-04,19,2.93,6.6
8877689391,2016-05-04,20,1.64,6.0
8877689391,2016-05-04,21,1.54,6.4
8877689391,2016-05-04,22,1.0,1.0
8877689391,2016-05-04,23,1.0,1.0
8877689391,2016-05-05,0,1.0,1.0
8877689391,2016-05-05,1,1.0,1.0
8877689391,2016-05-05,2,1.0,1.0
8877689391,2016-05-05,3,1.0,1.0
8877689391,2016-05-05,4,1.0,1.0
8877689391,2016-05-05,5,1.0,1.0
8877689391,2016-05-05,6,1.0,1.0
8877689391,2016-05-05,7,1.65,6.0
8877689391,2016-05-05,8,1.64,5.2
8877689391,2016-05-05,9,2.4,6.2
8877689391,2016-05-05,10,5.46,8.6
8877689391,2016-05-05,11,3.25,9.6
8877689391,2016-05-05,12,3.04,7.2
8877689391,2016-05-05,13,1.4,2.8
8877689391,2016-05-05,14,1.66,5.0
8877689391,2016-05-05,15,2.33,8.0
8877689391,2016-05-05,16,1.78,5.6
8877689391,2016-05-05,17,1.49,3.8
8877689391,2016-05-05,18,2.15,6.8
8877689391,2016-05-05,19,1.59,5.6
8877689391,2016-05-05,20,1.39,3.6
8877689391,2016-05-05,21,1.46,4.2
8877689391,2016-05-05,22,1.14,4.6
8877689391,2016-05-05,23,1.0,1.0
8877689391,2016-05-06,0,1.0,1.0
8877689391,2016-05-06,1,1.0,1.0
8877689391,2016-05-06,2,1.0,1.0
8877689391,2016-05-06,3,1.0,1.0
8877689391,2016-05-06,4,1.0,1.0
8877689391,2016-05-06,5,1.0,1.0
8877689391,2016-05-06,6,1.23,4.2
8877689391,2016-05-06,7,2.37,6.8
8877689391,2016-05-06,8,2.15,8.0
8877689391,2016-05-06,9,1.78,6.8
8877689391,2016-05-06,10,1.42,4.6
8877689391,2016-05-06,11,2.12,8.0
8877689391,2016-05-06,12,3.37,7.4
8877689391,2016-05-06,13,1.84,7.8
8877689391,2016-05-06,14,11.52,13.7
8877689391,2016-05-06,15,3.46,8.6
8877689391,2016-05-06,16,5.15,9.2
8877689391,2016-05-06,17,2.76,6.4
8877689391,2016-05-06,18,2.42,5.4
8877689391,2016-05-06,19,1.75,5.8
8877689391,2016-05-06,20,1.41,4.8
8877689391,2016-05-06,21,1.6,5.4
8877689391,2016-05-06,22,1.38,4.8
8877689391,2016-05-06,23,1.0,1.0
8877689391,2016-05-07,0,1.0,1.0
8877689391,2016-05-07,1,1.0,1.0
8877689391,2016-05-07,2,1.0,1.0
8877689391,2016-05-07,3,1.0,1.0
8877689391,2016-05-07,4,1.0,1.0
8877689391,2016-05-07,5,1.0,1.0
8877689391,2016-05-07,6,1.0,1.0
8877689391,2016-05-07,7,1.0,1.0
8877689391,2016-05-07,8,2.26,5.4
8877689391,2016-05-07,9,3.18,6.0
8877689391,2016-05-07,10,2.97,5.8
8877689391,2016-05-07,11,1.94,5.4
8877689391,2016-05-07,12,8.23,11.7
8877689391,2016-05-07,13,9.64,11.5
8877689391,2016-05-07,14,2.52,9.2
8877689391,2016-05-07,15,2.46,6.6
8877689391,2016-05-07,16,1.37,3.4
8877689391,2016-05-07,17,2.07,7.2
8877689391,2016-05-07,18,2.56,5.6
8877689391,2016-05-07,19,1.99,5.0
8877689391,2016-05-07,20,2.27,6.4
8877689391,2016-05-07,21,1.62,4.8
8877689391,2016-05-07,22,2.34,7.4
8877689391,2016-05-07,23,1.0,1.0
8877689391,2016-05-08,0,1.0,1.0
8877689391,2016-05-08,1,1.0,1.0
8877689391,2016-05-08,2,1.0,1.0
8877689391,2016-05-08,3,1.0,1.0
8877689391,2016-05-08,4,1.0,1.0
8877689391,2016-05-08,5,1.0,1.0
8877689391,2016-05-08,6,1.0,1.0
8877689391,2016-05-08,7,1.69,5.2
8877689391,2016-05-08,8,1.92,6.8
8877689391,2016-05-08,9,1.65,4.8
8877689391,2016-05-08,10,1.44,3.2
8877689391,2016-05-08,11,2.04,7.0
8877689391,2016-05-08,12,1.94,6.8
8877689391,2016-05-08,13,1.75,4.8
8877689391,2016-05-08,14,1.54,5.6
8877689391,2016-05-08,15,2.48,5.2
8877689391,2016-05-08,16,1.77,6.2
8877689391,2016-05-08,17,2.74,8.4
8877689391,2016-05-08,18,2.29,8.8
8877689391,2016-05-08,19,1.59,4.0
8877689391,2016-05-08,20,1.43,4.2
8877689391,2016-05-08,21,3.51,7.2
8877689391,2016-05-08,22,1.0,1.0
8877689391,2016-05-08,23,1.0,1.0
8877689391,2016-05-09,0,1.0,1.0
8877689391,2016-05-09,1,1.0,1.0
8877689391,2016-05-09,2,1.0,1.0
8877689391,2016-05-09,3,1.0,1.0
8877689391,2016-05-09,4,1.0,1.0
8877689391,2016-05-09,5,1.0,1.0
8877689391,2016-05-09,6,1.8,6.6
8877689391,2016-05-09,7,1.98,5.6
8877689391,2016-05-09,8,2.04,6.8
8877689391,2016-05-09,9,1.58,8.4
8877689391,2016-05-09,10,1.61,5.6
8877689391,2016-05-09,11,2.88,10.0
8877689391,2016-05-09,12,2.93,8.2
8877689391,2016-05-09,13,1.64,8.0
8877689391,2016-05-09,14,1.83,8.0
8877689391,2016-05-09,15,1.95,7.4
8877689391,2016-05-09,16,9.11,13.5
8877689391,2016-05-09,17,5.49,13.9
8877689391,2016-05-09,18,1.93,4.4
8877689391,2016-05-09,19,2.02,5.6
8877689391,2016-05-09,20,1.63,4.8
8877689391,2016-05-09,21,1.74,4.8
8877689391,2016-05-09,22,1.25,3.8
8877689391,2016-05-09,23,1.0,1.0
8877689391,2016-05-10,0,1.0,1.0
8877689391,2016-05-10,1,1.0,1.0
8877689391,2016-05-10,2,1.0,1.0
8877689391,2016-05-10,3,1.0,1.0
8877689391,2016-05-10,4,1.0,1.0
8877689391,2016-05-10,5,1.0,1.0
8877689391,2016-05-10,6,1.09,3.6
8877689391,2016-05-10,7,2.27,6.0
8877689391,2016-05-10,8,1.72,7.2
8877689391,2016-05-10,9,1.58,7.2
8877689391,2016-05-10,10,2.26,8.2
8877689391,2016-05-10,11,1.8,7.0
8877689391,2016-05-10,12,3.8,9.8
8877689391,2016-05-10,13,1.58,8.2
8877689391,2016-05-10,14,1.2,3.6
8877689391,2016-05-10,15,1.8,7.2
8877689391,2016-05-10,16,1.7,8.4
8877689391,2016-05-10,17,2.03,4.0
8877689391,2016-05-10,18,2.05,4.4
8877689391,2016-05-10,19,1.42,4.0
8877689391,2016-05-10,20,2.63,7.4
8877689391,2016-05-10,21,1.62,5.8
8877689391,2016-05-10,22,1.0,1.0
8877689391,2016-05-10,23,1.0,1.0
8877689391,2016-05-11,0,1.0,1.0
8877689391,2016-05-11,1,1.0,1.0
8877689391,2016-05-11,2,1.0,1.0
8877689391,2016-05-11,3,1.0,1.0
8877689391,2016-05-11,4,1.0,1.0
8877689391,2016-05-11,5,1.0,1.0
8877689391,2016-05-11,6,1.07,3.2
8877689391,2016-05-11,7,1.57,7.8
8877689391,2016-05-11,8,2.0,8.0
8877689391,2016-05-11,9,1.54,5.8
8877689391,2016-05-11,10,1.46,5.6
8877689391,2016-05-11,11,2.29,10.2
8877689391,2016-05-11,12,5.48,12.8
8877689391,2016-05-11,13,1.64,6.6
8877689391,2016-05-11,14,1.11,2.8
8877689391,2016-05-11,15,1.47,7.8
8877689391,2016-05-11,16,4.22,12.3
8877689391,2016-05-11,17,11.39,14.1
8877689391,2016-05-11,18,2.69,6.4
8877689391,2016-05-11,19,1.97,4.8
8877689391,2016-05-11,20,2.37,5.0
8877689391,2016-05-11,21,1.67,4.4
8877689391,2016-05-11,22,1.26,4.0
8877689391,2016-05-11,23,1.0,1.0
8877689391,2016-05-12,0,1.0,1.0
8877689391,2016-05-12,1,1.0,1.0
8877689391,2016-05-12,2,1.0,1.0
8877689391,2016-05-12,3,1.0,1.0
8877689391,2016-05-12,4,1.0,1.0
8877689391,2016-05-12,5,1.0,1.0
8877689391,2016-05-12,6,1.48,4.8
8877689391,2016-05-12,7,2.04,5.4
8877689391,2016-05-12,8,1.88,7.8
8877689391,2016-05-12,9,1.21,4.4
8877689391,2016-05-12,10,1.73,7.4
8877689391,2016-05-12,11,2.64,8.8
8877689391,2016-05-12,12,4.41,8.0
8877689391,2016-05-12,13,1.4,7.4
